job_id,model,model_label,topology,seed,task_success,validation_error,selection_regime,component_mse,condition_axis,condition_id,condition_label,condition_value,divergence_step,dwell_profile,dwell_step_mean_error_radians,finite,gp_length_scale,hold_baseline_mean_error_radians,horizon,last_quarter_mean_error_radians,moving_step_mean_error_radians,output_norm_absolute_error,post_blank_0_mean_error_radians,post_blank_0_median_error_radians,post_blank_1024_mean_error_radians,post_blank_1024_median_error_radians,post_blank_128_mean_error_radians,post_blank_128_median_error_radians,post_blank_1536_mean_error_radians,post_blank_1536_median_error_radians,post_blank_2048_mean_error_radians,post_blank_2048_median_error_radians,post_blank_256_mean_error_radians,post_blank_256_median_error_radians,post_blank_4096_mean_error_radians,post_blank_4096_median_error_radians,post_blank_512_mean_error_radians,post_blank_512_median_error_radians,post_blank_768_mean_error_radians,post_blank_768_median_error_radians,sequence_mean_error_radians,terminal_mean_error_radians,trial_median_error_radians,trial_p90_error_radians,velocity_scale
pilot__rnn__s1__seed10,rnn,RNN,s1,10,False,0.0997006818652153,ring-selected zero-retuning,0.09561406075954437,smoothness,correlation_x0p5,ell=0.5x,0.5,,variable_sparsity,0.17451700568199158,True,0.5,1.2179415225982666,128,0.5403960943222046,0.34636422991752625,0.19348347187042236,0.6186882853507996,0.27452969551086426,,,,,,,,,,,,,0.944696843624115,0.6302142143249512,,,0.30406323075294495,0.6186882853507996,0.1613207459449768,0.8241066932678223,1.0
pilot__rnn__s1__seed10,rnn,RNN,s1,10,False,0.0997006818652153,ring-selected zero-retuning,0.0925828069448471,smoothness,correlation_x0p75,ell=0.75x,0.75,,variable_sparsity,0.17939576506614685,True,0.75,1.2373747825622559,128,0.5405017137527466,0.3400503396987915,0.19332067668437958,0.5793872475624084,0.2094871997833252,,,,,,,,,,,,,0.9690956473350525,0.6551878452301025,,,0.3005044460296631,0.5793872475624084,0.15691615641117096,0.926170825958252,1.0
pilot__rnn__s1__seed10,rnn,RNN,s1,10,False,0.0997006818652153,ring-selected zero-retuning,0.09197116643190384,smoothness,correlation_x1p5,ell=1.5x,1.5,,variable_sparsity,0.17740610241889954,True,1.5,1.2451282739639282,128,0.5863744616508484,0.3628256618976593,0.20238666236400604,0.5975582599639893,0.22222447395324707,,,,,,,,,,,,,1.0557265281677246,0.7722804546356201,,,0.3171837329864502,0.5975582599639893,0.14963676035404205,0.987143874168396,1.0
pilot__rnn__s1__seed10,rnn,RNN,s1,10,False,0.0997006818652153,ring-selected zero-retuning,0.09155452251434326,smoothness,correlation_x2,ell=2x,2.0,,variable_sparsity,0.17384420335292816,True,2.0,1.252528429031372,128,0.5676352381706238,0.3686257302761078,0.2024376094341278,0.5963737964630127,0.22278927266597748,,,,,,,,,,,,,1.0027520656585693,0.7005069255828857,,,0.32067936658859253,0.5963737964630127,0.1462305635213852,0.9605801105499268,1.0
pilot__rnn__s1__seed10,rnn,RNN,s1,10,False,0.0997006818652153,ring-selected zero-retuning,0.09014400094747543,smoothness,correlation_x3,ell=3x,3.0,,variable_sparsity,0.168300598859787,True,3.0,1.257981538772583,128,0.5310543775558472,0.35556477308273315,0.20167241990566254,0.5872169137001038,0.22663377225399017,,,,,,,,,,,,,1.0977365970611572,0.8361287117004395,,,0.3094688057899475,0.5872169137001038,0.1417667120695114,0.9633786678314209,1.0
pilot__rnn__s1__seed10,rnn,RNN,s1,10,False,0.0997006818652153,ring-selected zero-retuning,0.08923335373401642,smoothness,correlation_x4,ell=4x,4.0,,variable_sparsity,0.16967523097991943,True,4.0,1.278252363204956,128,0.5232164859771729,0.34700343012809753,0.2019711136817932,0.5972974300384521,0.2224898338317871,,,,,,,,,,,,,1.0553761720657349,0.8502223491668701,,,0.3033532500267029,0.5972974300384521,0.14205478131771088,0.9360928535461426,1.0
pilot__rnn__s1__seed10,rnn,RNN,s1,10,False,0.0997006818652153,ring-selected zero-retuning,0.011925948783755302,dwell,dwell_block128,all blank 128,128,,all_blank,0.10682016611099243,True,1.0,0.0,128,0.1478499472141266,,0.039218951016664505,0.1563349962234497,0.12608718872070312,,,,,,,,,,,,,0.38944074511528015,0.39502763748168945,,,0.10682016611099243,0.1563349962234497,0.0777176097035408,0.18961846828460693,1.0
pilot__rnn__s1__seed10,rnn,RNN,s1,10,False,0.0997006818652153,ring-selected zero-retuning,0.06633803248405457,dwell,dwell_block32,blank block 32,32,,variable_sparsity,0.1958828568458557,True,1.0,1.2173771858215332,128,0.3757324516773224,0.2568152844905853,0.1525288224220276,0.4628823399543762,0.20785807073116302,,,,,,,,,,,,,0.910435676574707,0.6258633136749268,,,0.23029866814613342,0.4628823399543762,0.12388135492801666,0.46300914883613586,1.0
pilot__rnn__s1__seed10,rnn,RNN,s1,10,False,0.0997006818652153,ring-selected zero-retuning,0.04036148265004158,dwell,dwell_block64,blank block 64,64,,variable_sparsity,0.15751318633556366,True,1.0,1.1519736051559448,128,0.2373909205198288,0.18793027102947235,0.09662027657032013,0.27210551500320435,0.15295076370239258,,,,,,,,,,,,,0.7004565000534058,0.5149340629577637,,,0.16896691918373108,0.27210551500320435,0.10870669782161713,0.3555508852005005,1.0
pilot__rnn__s1__seed10,rnn,RNN,s1,10,False,0.0997006818652153,ring-selected zero-retuning,0.080196812748909,dwell,dwell_block8,blank block 8,8,,variable_sparsity,0.1829039603471756,True,1.0,1.2458138465881348,128,0.46636855602264404,0.3052181005477905,0.18475569784641266,0.5443153381347656,0.23259615898132324,,,,,,,,,,,,,0.9087086915969849,0.62550950050354,,,0.26934653520584106,0.5443153381347656,0.13357335329055786,0.7839474081993103,1.0
pilot__rnn__s1__seed10,rnn,RNN,s1,10,False,0.0997006818652153,ring-selected zero-retuning,0.03080137073993683,dwell,dwell_block96,blank block 96,96,,variable_sparsity,0.15654362738132477,True,1.0,0.8450865149497986,128,0.20150727033615112,0.162716805934906,0.06464004516601562,0.2151108682155609,0.1482861042022705,,,,,,,,,,,,,0.5321630239486694,0.433059424161911,,,0.15770825743675232,0.2151108682155609,0.11014635860919952,0.2931610941886902,1.0
pilot__rnn__s1__seed10,rnn,RNN,s1,10,False,0.0997006818652153,ring-selected zero-retuning,0.08698588609695435,id,id_h128,ID T=128,128,,variable_sparsity,0.1702309250831604,True,1.0,1.2498135566711426,128,0.530730128288269,0.3329409062862396,0.19578173756599426,0.5787745118141174,0.23253321647644043,1.033432960510254,0.7314550876617432,0.829168438911438,0.43712377548217773,1.0537359714508057,0.7800657749176025,1.0849199295043945,0.8051416277885437,0.9066601991653442,0.5937550067901611,1.1241695880889893,0.8177590370178223,0.9825702905654907,0.6745877265930176,1.0171778202056885,0.7011375427246094,0.2928890585899353,0.5787745118141174,0.14190015196800232,0.888630211353302,1.0
pilot__rnn__s1__seed10,rnn,RNN,s1,10,False,0.0997006818652153,ring-selected zero-retuning,0.49330946803092957,length,length_h1024,T=1024,1024,,variable_sparsity,0.8572716116905212,True,1.0,1.4843645095825195,1024,1.4597089290618896,1.2848396301269531,0.4150662422180176,1.5432230234146118,1.585101842880249,,,,,,,,,,,,,1.527151346206665,1.49257493019104,,,1.1800860166549683,1.5432230234146118,1.2524211406707764,1.672502040863037,1.0
pilot__rnn__s1__seed10,rnn,RNN,s1,10,False,0.0997006818652153,ring-selected zero-retuning,0.5532857775688171,length,length_h1536,T=1536,1536,,variable_sparsity,1.0023211240768433,True,1.0,1.513397216796875,1536,1.5296748876571655,1.3852757215499878,0.42992085218429565,1.542218804359436,1.4943501949310303,,,,,,,,,,,,,1.635671615600586,1.6698753833770752,,,1.2912960052490234,1.542218804359436,1.3500678539276123,1.7197988033294678,1.0
pilot__rnn__s1__seed10,rnn,RNN,s1,10,False,0.0997006818652153,ring-selected zero-retuning,0.141518697142601,length,length_h192,T=192,192,,variable_sparsity,0.23434247076511383,True,1.0,1.3154425621032715,192,0.775855541229248,0.5075421333312988,0.2484554946422577,0.8598834872245789,0.4738886058330536,,,,,,,,,,,,,1.1430776119232178,0.938605546951294,,,0.44070959091186523,0.8598834872245789,0.24084095656871796,1.1000540256500244,1.0
pilot__rnn__s1__seed10,rnn,RNN,s1,10,False,0.0997006818652153,ring-selected zero-retuning,0.5906444787979126,length,length_h2048,T=2048,2048,,variable_sparsity,1.119887351989746,True,1.0,1.5195776224136353,2048,1.5771520137786865,1.441653847694397,0.44319379329681396,1.4818272590637207,1.4540159702301025,,,,,,,,,,,,,1.58759605884552,1.486975908279419,,,1.3627599477767944,1.4818272590637207,1.4162893295288086,1.7409076690673828,1.0
pilot__rnn__s1__seed10,rnn,RNN,s1,10,False,0.0997006818652153,ring-selected zero-retuning,0.197292298078537,length,length_h256,T=256,256,,variable_sparsity,0.30913305282592773,True,1.0,1.345548152923584,256,0.9759253859519958,0.6606493592262268,0.29156559705734253,1.0974657535552979,0.8382704257965088,,,,,,,,,,,,,1.203390121459961,1.0181610584259033,,,0.5745135545730591,1.0974657535552979,0.4719318151473999,1.2181706428527832,1.0
pilot__rnn__s1__seed10,rnn,RNN,s1,10,False,0.0997006818652153,ring-selected zero-retuning,0.2892577648162842,length,length_h384,T=384,384,,variable_sparsity,0.4557212293148041,True,1.0,1.399122953414917,384,1.229406714439392,0.8852691054344177,0.3467889428138733,1.3314106464385986,1.1571753025054932,,,,,,,,,,,,,1.45412015914917,1.2858915328979492,,,0.7798528671264648,1.3314106464385986,0.7639533877372742,1.4145904779434204,1.0
pilot__rnn__s1__seed10,rnn,RNN,s1,10,False,0.0997006818652153,ring-selected zero-retuning,0.3589971661567688,length,length_h512,T=512,512,,variable_sparsity,0.571620523929596,True,1.0,1.435025930404663,512,1.3515417575836182,1.036849856376648,0.3748794198036194,1.4243345260620117,1.3891525268554688,,,,,,,,,,,,,1.5211769342422485,1.5242583751678467,,,0.9227750897407532,1.4243345260620117,0.9343756437301636,1.5222512483596802,1.0
pilot__rnn__s1__seed10,rnn,RNN,s1,10,False,0.0997006818652153,ring-selected zero-retuning,0.44228848814964294,length,length_h768,T=768,768,,variable_sparsity,0.733026385307312,True,1.0,1.4691219329833984,768,1.4120433330535889,1.2018531560897827,0.4054916799068451,1.3689231872558594,1.2353782653808594,,,,,,,,,,,,,1.523103952407837,1.5124717950820923,,,1.0868785381317139,1.3689231872558594,1.1308757066726685,1.6414942741394043,1.0
pilot__rnn__s1__seed10,rnn,RNN,s1,10,False,0.0997006818652153,ring-selected zero-retuning,0.024651329964399338,velocity,velocity_x0p5,0.5x,0.5,,variable_sparsity,0.10952067375183105,True,1.0,1.0554780960083008,128,0.20852552354335785,0.13318686187267303,0.0757230818271637,0.24874840676784515,0.14899134635925293,,,,,,,,,,,,,0.7452026605606079,0.5464515686035156,,,0.12736131250858307,0.24874840676784515,0.09452759474515915,0.22827495634555817,0.5
pilot__rnn__s1__seed10,rnn,RNN,s1,10,False,0.0997006818652153,ring-selected zero-retuning,0.055239126086235046,velocity,velocity_x0p75,0.75x,0.75,,variable_sparsity,0.1416362226009369,True,1.0,1.1730176210403442,128,0.3678938150405884,0.2311309427022934,0.1333337128162384,0.44006016850471497,0.18573951721191406,,,,,,,,,,,,,0.9191251993179321,0.6138186454772949,,,0.2091013789176941,0.44006016850471497,0.11394891142845154,0.4515816569328308,0.75
pilot__rnn__s1__seed10,rnn,RNN,s1,10,False,0.0997006818652153,ring-selected zero-retuning,0.12874162197113037,velocity,velocity_x1p25,1.25x,1.25,,variable_sparsity,0.2152787446975708,True,1.0,1.2791684865951538,128,0.6707562208175659,0.4735841751098633,0.2546977996826172,0.7266717553138733,0.3226292133331299,,,,,,,,,,,,,1.0817124843597412,0.7892735004425049,,,0.41000106930732727,0.7266717553138733,0.17886632680892944,1.1926378011703491,1.25
pilot__rnn__s1__seed10,rnn,RNN,s1,10,False,0.0997006818652153,ring-selected zero-retuning,0.16304808855056763,velocity,velocity_x1p5,1.5x,1.5,,variable_sparsity,0.2613077759742737,True,1.0,1.3258905410766602,128,0.7700071334838867,0.5785310864448547,0.30336737632751465,0.8973796963691711,0.4079310894012451,,,,,,,,,,,,,1.222163438796997,0.9976837635040283,,,0.5004450082778931,0.8973796963691711,0.21893851459026337,1.3044753074645996,1.5
pilot__rnn__s1__seed10,rnn,RNN,s1,10,False,0.0997006818652153,ring-selected zero-retuning,0.22121189534664154,velocity,velocity_x2,2x,2.0,,variable_sparsity,0.37996384501457214,True,1.0,1.3806934356689453,128,0.9298847317695618,0.7551879286766052,0.38398754596710205,1.012800693511963,0.6983520984649658,,,,,,,,,,,,,1.2418560981750488,0.9982759356498718,,,0.6628247499465942,1.012800693511963,0.46228116750717163,1.5247623920440674,2.0
pilot__rnn__s1__seed10,rnn,RNN,s1,10,False,0.0997006818652153,ring-selected zero-retuning,0.32028448581695557,velocity,velocity_x3,3x,3.0,,variable_sparsity,0.5840584635734558,True,1.0,1.4375741481781006,128,1.1907589435577393,1.0234473943710327,0.4762611389160156,1.3077127933502197,1.0188090801239014,,,,,,,,,,,,,1.3839879035949707,1.2434113025665283,,,0.9152897596359253,1.3077127933502197,0.9069554805755615,1.6452052593231201,3.0
pilot__rnn__s1__seed10,rnn,RNN,s1,10,False,0.0997006818652153,ring-selected zero-retuning,0.39834439754486084,velocity,velocity_x4,4x,4.0,,variable_sparsity,0.7887810468673706,True,1.0,1.463205099105835,128,1.3803226947784424,1.2000758647918701,0.5110427737236023,1.38905668258667,1.197325587272644,,,,,,,,,,,,,1.3896679878234863,1.2353365421295166,,,1.0988337993621826,1.38905668258667,1.2123554944992065,1.7099395990371704,4.0
pilot__rnn__s1__seed11,rnn,RNN,s1,11,False,0.025653602555394173,ring-selected zero-retuning,0.007602069526910782,smoothness,correlation_x0p5,ell=0.5x,0.5,,variable_sparsity,0.06145361438393593,True,0.5,1.2179415225982666,128,0.12637674808502197,0.08640787750482559,0.038042932748794556,0.1341363787651062,0.11235880851745605,,,,,,,,,,,,,0.4198657274246216,0.40688014030456543,,,0.08026526868343353,0.1341363787651062,0.06561323255300522,0.14968809485435486,1.0
pilot__rnn__s1__seed11,rnn,RNN,s1,11,False,0.025653602555394173,ring-selected zero-retuning,0.00719177071005106,smoothness,correlation_x0p75,ell=0.75x,0.75,,variable_sparsity,0.06300655752420425,True,0.75,1.2373747825622559,128,0.12044301629066467,0.08332038670778275,0.03590766340494156,0.13234692811965942,0.11186814308166504,,,,,,,,,,,,,0.4433899223804474,0.42621350288391113,,,0.07832004129886627,0.13234692811965942,0.06344413757324219,0.14366552233695984,1.0
pilot__rnn__s1__seed11,rnn,RNN,s1,11,False,0.025653602555394173,ring-selected zero-retuning,0.007164203096181154,smoothness,correlation_x1p5,ell=1.5x,1.5,,variable_sparsity,0.06435177475214005,True,1.5,1.2451282739639282,128,0.12753090262413025,0.083366759121418,0.03461217135190964,0.14391058683395386,0.12210918217897415,,,,,,,,,,,,,0.4590936303138733,0.4564611613750458,,,0.07868613302707672,0.14391058683395386,0.06309144198894501,0.1390034556388855,1.0
pilot__rnn__s1__seed11,rnn,RNN,s1,11,False,0.025653602555394173,ring-selected zero-retuning,0.0073235719464719296,smoothness,correlation_x2,ell=2x,2.0,,variable_sparsity,0.06381990015506744,True,2.0,1.252528429031372,128,0.1313132345676422,0.08555854111909866,0.0347391813993454,0.1452983319759369,0.12780523300170898,,,,,,,,,,,,,0.4471030831336975,0.43370601534843445,,,0.0802074670791626,0.1452983319759369,0.06670486927032471,0.14304830133914948,1.0
pilot__rnn__s1__seed11,rnn,RNN,s1,11,False,0.025653602555394173,ring-selected zero-retuning,0.007814433425664902,smoothness,correlation_x3,ell=3x,3.0,,variable_sparsity,0.06401786208152771,True,3.0,1.257981538772583,128,0.1395123302936554,0.08918643742799759,0.034009091556072235,0.15402072668075562,0.13526630401611328,,,,,,,,,,,,,0.46981993317604065,0.46245336532592773,,,0.08299107849597931,0.15402072668075562,0.0658971294760704,0.14798086881637573,1.0
pilot__rnn__s1__seed11,rnn,RNN,s1,11,False,0.025653602555394173,ring-selected zero-retuning,0.007851380854845047,smoothness,correlation_x4,ell=4x,4.0,,variable_sparsity,0.06356878578662872,True,4.0,1.278252363204956,128,0.13897258043289185,0.08903801441192627,0.033972978591918945,0.1549888253211975,0.12771821022033691,,,,,,,,,,,,,0.42696112394332886,0.4173409938812256,,,0.08276863396167755,0.1549888253211975,0.06588529050350189,0.14821815490722656,1.0
pilot__rnn__s1__seed11,rnn,RNN,s1,11,False,0.025653602555394173,ring-selected zero-retuning,0.0025942414067685604,dwell,dwell_block128,all blank 128,128,,all_blank,0.049746401607990265,True,1.0,0.0,128,0.08823787420988083,,0.021620456129312515,0.10176710784435272,0.08981060981750488,,,,,,,,,,,,,0.4384242296218872,0.43602254986763,,,0.049746401607990265,0.10176710784435272,0.04045978933572769,0.08869136869907379,1.0
pilot__rnn__s1__seed11,rnn,RNN,s1,11,False,0.025653602555394173,ring-selected zero-retuning,0.007003085687756538,dwell,dwell_block32,blank block 32,32,,variable_sparsity,0.06716760993003845,True,1.0,1.2173771858215332,128,0.10996617376804352,0.07614552974700928,0.03734000399708748,0.1221277266740799,0.10874272137880325,,,,,,,,,,,,,0.44509023427963257,0.44153591990470886,,,0.07223851978778839,0.1221277266740799,0.05785508081316948,0.11969523876905441,1.0
pilot__rnn__s1__seed11,rnn,RNN,s1,11,False,0.025653602555394173,ring-selected zero-retuning,0.005278647877275944,dwell,dwell_block64,blank block 64,64,,variable_sparsity,0.059024106711149216,True,1.0,1.1519736051559448,128,0.10780610144138336,0.07529278844594955,0.0332096666097641,0.11774112284183502,0.10771441459655762,,,,,,,,,,,,,0.4164685606956482,0.39066267013549805,,,0.065150186419487,0.11774112284183502,0.05522990971803665,0.1035170704126358,1.0
pilot__rnn__s1__seed11,rnn,RNN,s1,11,False,0.025653602555394173,ring-selected zero-retuning,0.0077945636585354805,dwell,dwell_block8,blank block 8,8,,variable_sparsity,0.0659758523106575,True,1.0,1.2458138465881348,128,0.12135695666074753,0.08165576308965683,0.03673076257109642,0.13146528601646423,0.1137399673461914,,,,,,,,,,,,,0.46373504400253296,0.43062520027160645,,,0.07705725729465485,0.13146528601646423,0.06205466762185097,0.13710278272628784,1.0
pilot__rnn__s1__seed11,rnn,RNN,s1,11,False,0.025653602555394173,ring-selected zero-retuning,0.00430828332901001,dwell,dwell_block96,blank block 96,96,,variable_sparsity,0.05737821012735367,True,1.0,0.8450865149497986,128,0.09911732375621796,0.07606247812509537,0.028497206047177315,0.12793391942977905,0.11264514923095703,,,,,,,,,,,,,0.43934351205825806,0.4481823444366455,,,0.06090317666530609,0.12793391942977905,0.053647659718990326,0.10376635193824768,1.0
pilot__rnn__s1__seed11,rnn,RNN,s1,11,False,0.025653602555394173,ring-selected zero-retuning,0.006635528989136219,id,id_h128,ID T=128,128,,variable_sparsity,0.06356058269739151,True,1.0,1.2498135566711426,128,0.12083977460861206,0.08067216724157333,0.03496188297867775,0.13178779184818268,0.11314201354980469,0.6687588095664978,0.7060725092887878,0.1859278380870819,0.1530606746673584,0.8171600699424744,0.7700130343437195,0.8682557344436646,0.7865905165672302,0.27827244997024536,0.24669480323791504,0.8738898634910583,0.7933902740478516,0.4475271701812744,0.45023512840270996,0.5720174312591553,0.589287281036377,0.07646007090806961,0.13178779184818268,0.06287020444869995,0.14159800112247467,1.0
pilot__rnn__s1__seed11,rnn,RNN,s1,11,False,0.025653602555394173,ring-selected zero-retuning,0.13745218515396118,length,length_h1024,T=1024,1024,,variable_sparsity,0.32686376571655273,True,1.0,1.4843645095825195,1024,0.6918885707855225,0.442350298166275,0.034894756972789764,0.7829123139381409,0.7468597888946533,,,,,,,,,,,,,0.8439814448356628,0.7538492679595947,,,0.41405627131462097,0.7829123139381409,0.3813868463039398,0.6852704286575317,1.0
pilot__rnn__s1__seed11,rnn,RNN,s1,11,False,0.025653602555394173,ring-selected zero-retuning,0.26033586263656616,length,length_h1536,T=1536,1536,,variable_sparsity,0.4683626890182495,True,1.0,1.513397216796875,1536,1.011666178703308,0.6402647495269775,0.03460855782032013,1.1358973979949951,1.1173136234283447,,,,,,,,,,,,,1.1419529914855957,1.0793511867523193,,,0.5980787873268127,1.1358973979949951,0.5856999158859253,1.0096309185028076,1.0
pilot__rnn__s1__seed11,rnn,RNN,s1,11,False,0.025653602555394173,ring-selected zero-retuning,0.010909168049693108,length,length_h192,T=192,192,,variable_sparsity,0.08778298646211624,True,1.0,1.3154425621032715,192,0.16710221767425537,0.10956582427024841,0.034447841346263885,0.1839146912097931,0.1608273983001709,,,,,,,,,,,,,0.44838541746139526,0.43979713320732117,,,0.10423712432384491,0.1839146912097931,0.08715790510177612,0.1791871190071106,1.0
pilot__rnn__s1__seed11,rnn,RNN,s1,11,False,0.025653602555394173,ring-selected zero-retuning,0.3943825960159302,length,length_h2048,T=2048,2048,,variable_sparsity,0.6018459796905518,True,1.0,1.5195776224136353,2048,1.3143463134765625,0.8340893387794495,0.03441952168941498,1.4885226488113403,1.475531816482544,,,,,,,,,,,,,1.5085582733154297,1.4792873859405518,,,0.7771456241607666,1.4885226488113403,0.771719217300415,1.3023130893707275,1.0
pilot__rnn__s1__seed11,rnn,RNN,s1,11,False,0.025653602555394173,ring-selected zero-retuning,0.01612248457968235,length,length_h256,T=256,256,,variable_sparsity,0.1081961840391159,True,1.0,1.345548152923584,256,0.20877425372600555,0.13756893575191498,0.034497037529945374,0.23141884803771973,0.22064733505249023,,,,,,,,,,,,,0.4503134489059448,0.41735339164733887,,,0.13037140667438507,0.23141884803771973,0.11305957287549973,0.22226890921592712,1.0
pilot__rnn__s1__seed11,rnn,RNN,s1,11,False,0.025653602555394173,ring-selected zero-retuning,0.029343685135245323,length,length_h384,T=384,384,,variable_sparsity,0.14925572276115417,True,1.0,1.399122953414917,384,0.29991602897644043,0.19246049225330353,0.035068146884441376,0.336770623922348,0.32135987281799316,,,,,,,,,,,,,0.4846577048301697,0.4267110824584961,,,0.18185752630233765,0.336770623922348,0.16886083781719208,0.31031477451324463,1.0
pilot__rnn__s1__seed11,rnn,RNN,s1,11,False,0.025653602555394173,ring-selected zero-retuning,0.046280790120363235,length,length_h512,T=512,512,,variable_sparsity,0.1865585297346115,True,1.0,1.435025930404663,512,0.37902653217315674,0.2456354945898056,0.03488870710134506,0.41577762365341187,0.40924882888793945,,,,,,,,,,,,,0.560810923576355,0.4909650981426239,,,0.23114976286888123,0.41577762365341187,0.2201727330684662,0.3832990825176239,1.0
pilot__rnn__s1__seed11,rnn,RNN,s1,11,False,0.025653602555394173,ring-selected zero-retuning,0.086157888174057,length,length_h768,T=768,768,,variable_sparsity,0.2563193440437317,True,1.0,1.4691219329833984,768,0.5231706500053406,0.34260645508766174,0.034892287105321884,0.5938136577606201,0.5620326995849609,,,,,,,,,,,,,0.7086395025253296,0.6378109455108643,,,0.3214454650878906,0.5938136577606201,0.3093116283416748,0.5236964225769043,1.0
pilot__rnn__s1__seed11,rnn,RNN,s1,11,False,0.025653602555394173,ring-selected zero-retuning,0.003251106711104512,velocity,velocity_x0p5,0.5x,0.5,,variable_sparsity,0.052342597395181656,True,1.0,1.0554780960083008,128,0.08960030227899551,0.05546030029654503,0.02800867334008217,0.09921285510063171,0.09284615516662598,,,,,,,,,,,,,0.4275742769241333,0.41558146476745605,,,0.054692864418029785,0.09921285510063171,0.049149006605148315,0.09127376228570938,0.5
pilot__rnn__s1__seed11,rnn,RNN,s1,11,False,0.025653602555394173,ring-selected zero-retuning,0.0045352112501859665,velocity,velocity_x0p75,0.75x,0.75,,variable_sparsity,0.055137358605861664,True,1.0,1.1730176210403442,128,0.10394424200057983,0.06682989746332169,0.03049480728805065,0.11793564260005951,0.10354112833738327,,,,,,,,,,,,,0.42208734154701233,0.3982264995574951,,,0.06395172327756882,0.11793564260005951,0.053065478801727295,0.11920671910047531,0.75
pilot__rnn__s1__seed11,rnn,RNN,s1,11,False,0.025653602555394173,ring-selected zero-retuning,0.013349254615604877,velocity,velocity_x1p25,1.25x,1.25,,variable_sparsity,0.07799170166254044,True,1.0,1.2791684865951538,128,0.15695470571517944,0.10648134350776672,0.0445825457572937,0.17328396439552307,0.14133667945861816,,,,,,,,,,,,,0.45939943194389343,0.45733118057250977,,,0.09946848452091217,0.17328396439552307,0.07203321158885956,0.16835781931877136,1.25
pilot__rnn__s1__seed11,rnn,RNN,s1,11,False,0.025653602555394173,ring-selected zero-retuning,0.024905206635594368,velocity,velocity_x1p5,1.5x,1.5,,variable_sparsity,0.1124955490231514,True,1.0,1.3258905410766602,128,0.18988671898841858,0.13761939108371735,0.059434980154037476,0.20328709483146667,0.14245223999023438,,,,,,,,,,,,,0.4638647735118866,0.4242532253265381,,,0.13143503665924072,0.20328709483146667,0.07647223770618439,0.24423649907112122,1.5
pilot__rnn__s1__seed11,rnn,RNN,s1,11,False,0.025653602555394173,ring-selected zero-retuning,0.06351001560688019,velocity,velocity_x2,2x,2.0,,variable_sparsity,0.2257215529680252,True,1.0,1.3806934356689453,128,0.3104320466518402,0.24095526337623596,0.10433480143547058,0.3423486053943634,0.1914806365966797,,,,,,,,,,,,,0.5408881902694702,0.45209193229675293,,,0.2372054010629654,0.3423486053943634,0.10118965804576874,0.5050700902938843,2.0
pilot__rnn__s1__seed11,rnn,RNN,s1,11,False,0.025653602555394173,ring-selected zero-retuning,0.17068056762218475,velocity,velocity_x3,3x,3.0,,variable_sparsity,0.44831401109695435,True,1.0,1.4375741481781006,128,0.6300740242004395,0.5369042158126831,0.2217140942811966,0.7275290489196777,0.2797255516052246,,,,,,,,,,,,,0.816094160079956,0.6021873950958252,,,0.5150972604751587,0.7275290489196777,0.19533878564834595,1.4741138219833374,3.0
pilot__rnn__s1__seed11,rnn,RNN,s1,11,False,0.025653602555394173,ring-selected zero-retuning,0.2721615433692932,velocity,velocity_x4,4x,4.0,,variable_sparsity,0.6973287463188171,True,1.0,1.463205099105835,128,0.9099843502044678,0.7802032828330994,0.32214808464050293,0.9890002012252808,0.4925663471221924,,,,,,,,,,,,,0.976543128490448,0.6515891551971436,,,0.7598033547401428,0.9890002012252808,0.46117204427719116,1.6877810955047607,4.0
pilot__rnn__s1__seed12,rnn,RNN,s1,12,True,0.02054002322256565,ring-selected zero-retuning,0.00530930794775486,smoothness,correlation_x0p5,ell=0.5x,0.5,,variable_sparsity,0.05536253750324249,True,0.5,1.2179415225982666,128,0.1044393852353096,0.07228978723287582,0.027774285525083542,0.11759484559297562,0.10419463366270065,,,,,,,,,,,,,0.4195050299167633,0.3455476760864258,,,0.06812305748462677,0.11759484559297562,0.05590658634901047,0.12095955014228821,1.0
pilot__rnn__s1__seed12,rnn,RNN,s1,12,True,0.02054002322256565,ring-selected zero-retuning,0.004846151918172836,smoothness,correlation_x0p75,ell=0.75x,0.75,,variable_sparsity,0.05284811556339264,True,0.75,1.2373747825622559,128,0.10066373646259308,0.0689631849527359,0.024470044299960136,0.11492393910884857,0.1035761833190918,,,,,,,,,,,,,0.4521617591381073,0.4031669795513153,,,0.0649963766336441,0.11492393910884857,0.056225672364234924,0.11375664174556732,1.0
pilot__rnn__s1__seed12,rnn,RNN,s1,12,True,0.02054002322256565,ring-selected zero-retuning,0.004965511150658131,smoothness,correlation_x1p5,ell=1.5x,1.5,,variable_sparsity,0.05244165658950806,True,1.5,1.2451282739639282,128,0.10346797108650208,0.06857801228761673,0.022622965276241302,0.1181812733411789,0.09912443161010742,,,,,,,,,,,,,0.42148542404174805,0.37473630905151367,,,0.06460598111152649,0.1181812733411789,0.053572870790958405,0.11488571763038635,1.0
pilot__rnn__s1__seed12,rnn,RNN,s1,12,True,0.02054002322256565,ring-selected zero-retuning,0.004901682958006859,smoothness,correlation_x2,ell=2x,2.0,,variable_sparsity,0.05202611908316612,True,2.0,1.252528429031372,128,0.10131849348545074,0.06744109094142914,0.02238425426185131,0.11634226143360138,0.09593415260314941,,,,,,,,,,,,,0.4180958867073059,0.35690781474113464,,,0.06364662200212479,0.11634226143360138,0.052816715091466904,0.11362126469612122,1.0
pilot__rnn__s1__seed12,rnn,RNN,s1,12,True,0.02054002322256565,ring-selected zero-retuning,0.004769356921315193,smoothness,correlation_x3,ell=3x,3.0,,variable_sparsity,0.05166976898908615,True,3.0,1.257981538772583,128,0.09941646456718445,0.06620042771100998,0.022199757397174835,0.11358523368835449,0.0901193618774414,,,,,,,,,,,,,0.39959290623664856,0.3509252071380615,,,0.06262364238500595,0.11358523368835449,0.04859708249568939,0.11453963816165924,1.0
pilot__rnn__s1__seed12,rnn,RNN,s1,12,True,0.02054002322256565,ring-selected zero-retuning,0.004544779192656279,smoothness,correlation_x4,ell=4x,4.0,,variable_sparsity,0.051323339343070984,True,4.0,1.278252363204956,128,0.0965656191110611,0.06475809961557388,0.021735960617661476,0.11095526814460754,0.0923604965209961,,,,,,,,,,,,,0.40162932872772217,0.38132452964782715,,,0.06145106256008148,0.11095526814460754,0.049534134566783905,0.11253676563501358,1.0
pilot__rnn__s1__seed12,rnn,RNN,s1,12,True,0.02054002322256565,ring-selected zero-retuning,0.0021808380261063576,dwell,dwell_block128,all blank 128,128,,all_blank,0.043262846767902374,True,1.0,0.0,128,0.07070158421993256,,0.01592114567756653,0.0800546407699585,0.05543208122253418,,,,,,,,,,,,,0.34811127185821533,0.2525172233581543,,,0.043262846767902374,0.0800546407699585,0.030897798016667366,0.0985187515616417,1.0
pilot__rnn__s1__seed12,rnn,RNN,s1,12,True,0.02054002322256565,ring-selected zero-retuning,0.0059186238795518875,dwell,dwell_block32,blank block 32,32,,variable_sparsity,0.057508278638124466,True,1.0,1.2173771858215332,128,0.10246746987104416,0.07113028317689896,0.028302956372499466,0.11354824155569077,0.0851597785949707,,,,,,,,,,,,,0.4480774998664856,0.3866276741027832,,,0.0652022510766983,0.11354824155569077,0.05267903208732605,0.11684910953044891,1.0
pilot__rnn__s1__seed12,rnn,RNN,s1,12,True,0.02054002322256565,ring-selected zero-retuning,0.005408814642578363,dwell,dwell_block64,blank block 64,64,,variable_sparsity,0.05974533036351204,True,1.0,1.1519736051559448,128,0.09947022795677185,0.07070093601942062,0.025940947234630585,0.11032144725322723,0.08166313171386719,,,,,,,,,,,,,0.39484432339668274,0.3667421340942383,,,0.06387073546648026,0.11032144725322723,0.04797134920954704,0.1197933554649353,1.0
pilot__rnn__s1__seed12,rnn,RNN,s1,12,True,0.02054002322256565,ring-selected zero-retuning,0.004929114133119583,dwell,dwell_block8,blank block 8,8,,variable_sparsity,0.05516723170876503,True,1.0,1.2458138465881348,128,0.09945330023765564,0.0682804062962532,0.025889547541737556,0.11017021536827087,0.09004330635070801,,,,,,,,,,,,,0.3904834985733032,0.3055722713470459,,,0.06443466246128082,0.11017021536827087,0.05392637848854065,0.11787637323141098,1.0
pilot__rnn__s1__seed12,rnn,RNN,s1,12,True,0.02054002322256565,ring-selected zero-retuning,0.0051398975774645805,dwell,dwell_block96,blank block 96,96,,variable_sparsity,0.05802992731332779,True,1.0,0.8450865149497986,128,0.08872364461421967,0.07031792402267456,0.02212313562631607,0.10428369045257568,0.07327102869749069,,,,,,,,,,,,,0.40227600932121277,0.356917142868042,,,0.06034817546606064,0.10428369045257568,0.047935850918293,0.11011046171188354,1.0
pilot__rnn__s1__seed12,rnn,RNN,s1,12,True,0.02054002322256565,ring-selected zero-retuning,0.0048037003725767136,id,id_h128,ID T=128,128,,variable_sparsity,0.052149467170238495,True,1.0,1.2498135566711426,128,0.1009359359741211,0.06814853847026825,0.023651957511901855,0.11344023048877716,0.09829043596982956,0.5982475876808167,0.5292160511016846,0.19944331049919128,0.18242788314819336,0.7004812955856323,0.6312201023101807,0.7723948955535889,0.7411763668060303,0.2758110463619232,0.24986624717712402,0.9233023524284363,0.8563220500946045,0.41280117630958557,0.34587666392326355,0.5194677710533142,0.4519340693950653,0.06421029567718506,0.11344023048877716,0.05292975902557373,0.11581602692604065,1.0
pilot__rnn__s1__seed12,rnn,RNN,s1,12,True,0.02054002322256565,ring-selected zero-retuning,0.15171688795089722,length,length_h1024,T=1024,1024,,variable_sparsity,0.34650737047195435,True,1.0,1.4843645095825195,1024,0.7800787091255188,0.4813362956047058,0.02279287949204445,0.8931747078895569,0.8735470175743103,,,,,,,,,,,,,1.1579527854919434,1.1205408573150635,,,0.44830334186553955,0.8931747078895569,0.43525952100753784,0.721061646938324,1.0
pilot__rnn__s1__seed12,rnn,RNN,s1,12,True,0.02054002322256565,ring-selected zero-retuning,0.29637014865875244,length,length_h1536,T=1536,1536,,variable_sparsity,0.5227315425872803,True,1.0,1.513397216796875,1536,1.1567041873931885,0.714134156703949,0.022436272352933884,1.324638843536377,1.332399606704712,,,,,,,,,,,,,1.600663185119629,1.5900280475616455,,,0.6671625971794128,1.324638843536377,0.6381038427352905,1.0194344520568848,1.0
pilot__rnn__s1__seed12,rnn,RNN,s1,12,True,0.02054002322256565,ring-selected zero-retuning,0.00830395333468914,length,length_h192,T=192,192,,variable_sparsity,0.0714879184961319,True,1.0,1.3154425621032715,192,0.1476970911026001,0.09588419646024704,0.022793292999267578,0.16525763273239136,0.15786075592041016,,,,,,,,,,,,,0.44431114196777344,0.39760327339172363,,,0.0899161547422409,0.16525763273239136,0.08041542023420334,0.1527414321899414,1.0
pilot__rnn__s1__seed12,rnn,RNN,s1,12,True,0.02054002322256565,ring-selected zero-retuning,0.45972299575805664,length,length_h2048,T=2048,2048,,variable_sparsity,0.7018909454345703,True,1.0,1.5195776224136353,2048,1.5297338962554932,0.941572904586792,0.022401684895157814,1.7305076122283936,1.72612726688385,,,,,,,,,,,,,1.9933804273605347,2.039311647415161,,,0.8828054666519165,1.7305076122283936,0.8617313504219055,1.2926445007324219,1.0
pilot__rnn__s1__seed12,rnn,RNN,s1,12,True,0.02054002322256565,ring-selected zero-retuning,0.013054153881967068,length,length_h256,T=256,256,,variable_sparsity,0.0906844437122345,True,1.0,1.345548152923584,256,0.19441479444503784,0.12427087128162384,0.022699713706970215,0.22182700037956238,0.2022111415863037,,,,,,,,,,,,,0.4944396913051605,0.4456327259540558,,,0.11604081839323044,0.22182700037956238,0.10864099860191345,0.1898723691701889,1.0
pilot__rnn__s1__seed12,rnn,RNN,s1,12,True,0.02054002322256565,ring-selected zero-retuning,0.027420399710536003,length,length_h384,T=384,384,,variable_sparsity,0.1319473832845688,True,1.0,1.399122953414917,384,0.301851749420166,0.18582598865032196,0.02320648357272148,0.3441990911960602,0.3180215358734131,,,,,,,,,,,,,0.6329187154769897,0.6035025119781494,,,0.1726035326719284,0.3441990911960602,0.16112619638442993,0.2956552505493164,1.0
pilot__rnn__s1__seed12,rnn,RNN,s1,12,True,0.02054002322256565,ring-selected zero-retuning,0.04542664811015129,length,length_h512,T=512,512,,variable_sparsity,0.1737920194864273,True,1.0,1.435025930404663,512,0.3909963071346283,0.24455218017101288,0.023017656058073044,0.4408576488494873,0.4111645221710205,,,,,,,,,,,,,0.7260341644287109,0.6895687580108643,,,0.2272017002105713,0.4408576488494873,0.21398039162158966,0.3696145713329315,1.0
pilot__rnn__s1__seed12,rnn,RNN,s1,12,True,0.02054002322256565,ring-selected zero-retuning,0.09287752211093903,length,length_h768,T=768,768,,variable_sparsity,0.2595420479774475,True,1.0,1.4691219329833984,768,0.5874725580215454,0.36311066150665283,0.022946804761886597,0.6726016998291016,0.6466267108917236,,,,,,,,,,,,,0.9597890377044678,0.9331873059272766,,,0.3377115726470947,0.6726016998291016,0.32211509346961975,0.5431591868400574,1.0
pilot__rnn__s1__seed12,rnn,RNN,s1,12,True,0.02054002322256565,ring-selected zero-retuning,0.002532974584028125,velocity,velocity_x0p5,0.5x,0.5,,variable_sparsity,0.046923842281103134,True,1.0,1.0554780960083008,128,0.07967382669448853,0.050591159611940384,0.01852451264858246,0.09174105525016785,0.08040332794189453,,,,,,,,,,,,,0.37190085649490356,0.3135509490966797,,,0.0496884360909462,0.09174105525016785,0.045289941132068634,0.0909641906619072,0.5
pilot__rnn__s1__seed12,rnn,RNN,s1,12,True,0.02054002322256565,ring-selected zero-retuning,0.003287665545940399,velocity,velocity_x0p75,0.75x,0.75,,variable_sparsity,0.04972577467560768,True,1.0,1.1730176210403442,128,0.09034249931573868,0.05756090208888054,0.019840257242321968,0.10290274024009705,0.08837699890136719,,,,,,,,,,,,,0.3870099186897278,0.3134329319000244,,,0.05563224479556084,0.10290274024009705,0.0490364134311676,0.10572317242622375,0.75
pilot__rnn__s1__seed12,rnn,RNN,s1,12,True,0.02054002322256565,ring-selected zero-retuning,0.010356144979596138,velocity,velocity_x1p25,1.25x,1.25,,variable_sparsity,0.06519763171672821,True,1.0,1.2791684865951538,128,0.13111449778079987,0.09145518392324448,0.031606703996658325,0.146089568734169,0.10532927513122559,,,,,,,,,,,,,0.4425899088382721,0.36562132835388184,,,0.08499176055192947,0.146089568734169,0.060847338289022446,0.14014051854610443,1.25
pilot__rnn__s1__seed12,rnn,RNN,s1,12,True,0.02054002322256565,ring-selected zero-retuning,0.021036524325609207,velocity,velocity_x1p5,1.5x,1.5,,variable_sparsity,0.09235769510269165,True,1.0,1.3258905410766602,128,0.16208377480506897,0.12160687893629074,0.045666784048080444,0.18418927490711212,0.11912869662046432,,,,,,,,,,,,,0.4677661955356598,0.4032557010650635,,,0.11440704762935638,0.18418927490711212,0.06627264618873596,0.20067423582077026,1.5
pilot__rnn__s1__seed12,rnn,RNN,s1,12,True,0.02054002322256565,ring-selected zero-retuning,0.06583201885223389,velocity,velocity_x2,2x,2.0,,variable_sparsity,0.20713293552398682,True,1.0,1.3806934356689453,128,0.3171911835670471,0.2502851188182831,0.09225045144557953,0.32835328578948975,0.1524503231048584,,,,,,,,,,,,,0.5827310085296631,0.4231712818145752,,,0.2396630048751831,0.32835328578948975,0.09130965173244476,0.558408260345459,2.0
pilot__rnn__s1__seed12,rnn,RNN,s1,12,True,0.02054002322256565,ring-selected zero-retuning,0.173433318734169,velocity,velocity_x3,3x,3.0,,variable_sparsity,0.43742164969444275,True,1.0,1.4375741481781006,128,0.6393328905105591,0.5442367196083069,0.20655933022499084,0.6836280822753906,0.3083202838897705,,,,,,,,,,,,,0.8548280596733093,0.6012682914733887,,,0.5179436802864075,0.6836280822753906,0.16220296919345856,1.5330278873443604,3.0
pilot__rnn__s1__seed12,rnn,RNN,s1,12,True,0.02054002322256565,ring-selected zero-retuning,0.2675352394580841,velocity,velocity_x4,4x,4.0,,variable_sparsity,0.6604794263839722,True,1.0,1.463205099105835,128,0.9411016702651978,0.8049299120903015,0.31265848875045776,0.9798390865325928,0.5828859806060791,,,,,,,,,,,,,1.0788935422897339,0.7768456339836121,,,0.7693727016448975,0.9798390865325928,0.5248160362243652,1.7705209255218506,4.0
pilot__gru__s1__seed10,gru,GRU,s1,10,True,0.008078450337052345,ring-selected zero-retuning,0.0007951032021082938,smoothness,correlation_x0p5,ell=0.5x,0.5,,variable_sparsity,0.02643011137843132,True,0.5,1.2179415225982666,128,0.03718022257089615,0.02662074752151966,0.013061756268143654,0.0402831956744194,0.03417038917541504,,,,,,,,,,,,,0.19979418814182281,0.18549656867980957,,,0.026573821902275085,0.0402831956744194,0.02364802174270153,0.0442470982670784,1.0
pilot__gru__s1__seed10,gru,GRU,s1,10,True,0.008078450337052345,ring-selected zero-retuning,0.0007807689253240824,smoothness,correlation_x0p75,ell=0.75x,0.75,,variable_sparsity,0.025379084050655365,True,0.75,1.2373747825622559,128,0.037870701402425766,0.026706663891673088,0.012703798711299896,0.04142933711409569,0.036394357681274414,,,,,,,,,,,,,0.19385074079036713,0.17893433570861816,,,0.026379873976111412,0.04142933711409569,0.02467900887131691,0.0408015251159668,1.0
pilot__gru__s1__seed10,gru,GRU,s1,10,True,0.008078450337052345,ring-selected zero-retuning,0.0006825446616858244,smoothness,correlation_x1p5,ell=1.5x,1.5,,variable_sparsity,0.02470090053975582,True,1.5,1.2451282739639282,128,0.036704566329717636,0.025295019149780273,0.012451661750674248,0.04102080315351486,0.03464102745056152,,,,,,,,,,,,,0.19607263803482056,0.17956042289733887,,,0.025148775428533554,0.04102080315351486,0.023136494681239128,0.039462246000766754,1.0
pilot__gru__s1__seed10,gru,GRU,s1,10,True,0.008078450337052345,ring-selected zero-retuning,0.0006648838752880692,smoothness,correlation_x2,ell=2x,2.0,,variable_sparsity,0.02465817891061306,True,2.0,1.252528429031372,128,0.036283791065216064,0.025062918663024902,0.012296214699745178,0.04060602933168411,0.035867929458618164,,,,,,,,,,,,,0.20666463673114777,0.19168828427791595,,,0.024963289499282837,0.04060602933168411,0.023482628166675568,0.03940173238515854,1.0
pilot__gru__s1__seed10,gru,GRU,s1,10,True,0.008078450337052345,ring-selected zero-retuning,0.0006217920454218984,smoothness,correlation_x3,ell=3x,3.0,,variable_sparsity,0.02484223060309887,True,3.0,1.257981538772583,128,0.03476731479167938,0.024098318070173264,0.012403888627886772,0.039424121379852295,0.03711867332458496,,,,,,,,,,,,,0.21762093901634216,0.22474859654903412,,,0.02428143471479416,0.039424121379852295,0.022732235491275787,0.03768540546298027,1.0
pilot__gru__s1__seed10,gru,GRU,s1,10,True,0.008078450337052345,ring-selected zero-retuning,0.0006075891433283687,smoothness,correlation_x4,ell=4x,4.0,,variable_sparsity,0.024914467707276344,True,4.0,1.278252363204956,128,0.03468019515275955,0.0239145215600729,0.012268844991922379,0.03941604495048523,0.03689217567443848,,,,,,,,,,,,,0.21435359120368958,0.20883703231811523,,,0.024160662665963173,0.03941604495048523,0.022827692329883575,0.0362311527132988,1.0
pilot__gru__s1__seed10,gru,GRU,s1,10,True,0.008078450337052345,ring-selected zero-retuning,0.000502752314787358,dwell,dwell_block128,all blank 128,128,,all_blank,0.022496946156024933,True,1.0,0.0,128,0.03848397359251976,,0.011326732113957405,0.043731965124607086,0.0410001277923584,,,,,,,,,,,,,0.213294118642807,0.19310854375362396,,,0.022496946156024933,0.043731965124607086,0.022248541936278343,0.0339403860270977,1.0
pilot__gru__s1__seed10,gru,GRU,s1,10,True,0.008078450337052345,ring-selected zero-retuning,0.0007959153736010194,dwell,dwell_block32,blank block 32,32,,variable_sparsity,0.024847649037837982,True,1.0,1.2173771858215332,128,0.04079262167215347,0.028712978586554527,0.012271723710000515,0.045242492109537125,0.043929338455200195,,,,,,,,,,,,,0.2055967152118683,0.18703913688659668,,,0.027030862867832184,0.045242492109537125,0.024907998740673065,0.04363248869776726,1.0
pilot__gru__s1__seed10,gru,GRU,s1,10,True,0.008078450337052345,ring-selected zero-retuning,0.0007343656034208834,dwell,dwell_block64,blank block 64,64,,variable_sparsity,0.02408689446747303,True,1.0,1.1519736051559448,128,0.04109293967485428,0.029772557318210602,0.012426747009158134,0.04560444504022598,0.04162240028381348,,,,,,,,,,,,,0.22060626745224,0.20663999021053314,,,0.026227865368127823,0.04560444504022598,0.02378549985587597,0.043377749621868134,1.0
pilot__gru__s1__seed10,gru,GRU,s1,10,True,0.008078450337052345,ring-selected zero-retuning,0.0007911509601399302,dwell,dwell_block8,blank block 8,8,,variable_sparsity,0.024533933028578758,True,1.0,1.2458138465881348,128,0.03902667388319969,0.027356674894690514,0.01258903369307518,0.04310140386223793,0.039606571197509766,,,,,,,,,,,,,0.20366373658180237,0.1793067306280136,,,0.02652883529663086,0.04310140386223793,0.02522425539791584,0.04223234951496124,1.0
pilot__gru__s1__seed10,gru,GRU,s1,10,True,0.008078450337052345,ring-selected zero-retuning,0.000666719046421349,dwell,dwell_block96,blank block 96,96,,variable_sparsity,0.02557121217250824,True,1.0,0.8450865149497986,128,0.041494112461805344,0.031008396297693253,0.01229078508913517,0.047111645340919495,0.04565548896789551,,,,,,,,,,,,,0.2192523181438446,0.20630311965942383,,,0.02659698948264122,0.047111645340919495,0.025808442384004593,0.042454227805137634,1.0
pilot__gru__s1__seed10,gru,GRU,s1,10,True,0.008078450337052345,ring-selected zero-retuning,0.0007150834426283836,id,id_h128,ID T=128,128,,variable_sparsity,0.02465209551155567,True,1.0,1.2498135566711426,128,0.03659091889858246,0.0255702156573534,0.012554244138300419,0.04036383330821991,0.03526020050048828,0.3837449550628662,0.3385307788848877,0.07390240579843521,0.06219053268432617,0.5443338751792908,0.4990255832672119,0.6847524642944336,0.6180429458618164,0.11643984913825989,0.1083536148071289,1.0487487316131592,1.0021522045135498,0.20685404539108276,0.19074583053588867,0.29698655009269714,0.2657608985900879,0.02534421719610691,0.04036383330821991,0.023821428418159485,0.04078974574804306,1.0
pilot__gru__s1__seed10,gru,GRU,s1,10,True,0.008078450337052345,ring-selected zero-retuning,0.01321024727076292,length,length_h1024,T=1024,1024,,variable_sparsity,0.1292416751384735,True,1.0,1.4843645095825195,1024,0.1919545978307724,0.11768526583909988,0.012650841847062111,0.21133585274219513,0.1893291473388672,,,,,,,,,,,,,0.32627177238464355,0.30269813537597656,,,0.1205165758728981,0.21133585274219513,0.11400286853313446,0.2106158286333084,1.0
pilot__gru__s1__seed10,gru,GRU,s1,10,True,0.008078450337052345,ring-selected zero-retuning,0.02314615249633789,length,length_h1536,T=1536,1536,,variable_sparsity,0.18435831367969513,True,1.0,1.513397216796875,1536,0.2554408311843872,0.1552947759628296,0.01267901062965393,0.2873688340187073,0.27042150497436523,,,,,,,,,,,,,0.4158065617084503,0.3975563049316406,,,0.16242718696594238,0.2873688340187073,0.14832279086112976,0.287935733795166,1.0
pilot__gru__s1__seed10,gru,GRU,s1,10,True,0.008078450337052345,ring-selected zero-retuning,0.0011151082580909133,length,length_h192,T=192,192,,variable_sparsity,0.03331570327281952,True,1.0,1.3154425621032715,192,0.05093318223953247,0.033118948340415955,0.012687945738434792,0.05701863020658493,0.05150747299194336,,,,,,,,,,,,,0.2267066091299057,0.23677444458007812,,,0.03316707909107208,0.05701863020658493,0.030370153486728668,0.05705965310335159,1.0
pilot__gru__s1__seed10,gru,GRU,s1,10,True,0.008078450337052345,ring-selected zero-retuning,0.035394348204135895,length,length_h2048,T=2048,2048,,variable_sparsity,0.24101822078227997,True,1.0,1.5195776224136353,2048,0.3264085650444031,0.191210076212883,0.012679832056164742,0.373025119304657,0.3569495677947998,,,,,,,,,,,,,0.49214112758636475,0.48677733540534973,,,0.20342253148555756,0.373025119304657,0.18914568424224854,0.3667730987071991,1.0
pilot__gru__s1__seed10,gru,GRU,s1,10,True,0.008078450337052345,ring-selected zero-retuning,0.0016045996453613043,length,length_h256,T=256,256,,variable_sparsity,0.04208861663937569,True,1.0,1.345548152923584,256,0.06361502408981323,0.04035402089357376,0.012660287320613861,0.07301349937915802,0.07178735733032227,,,,,,,,,,,,,0.21733888983726501,0.2047097533941269,,,0.04077906534075737,0.07301349937915802,0.036534857004880905,0.06767964363098145,1.0
pilot__gru__s1__seed10,gru,GRU,s1,10,True,0.008078450337052345,ring-selected zero-retuning,0.0031690746545791626,length,length_h384,T=384,384,,variable_sparsity,0.05776413902640343,True,1.0,1.399122953414917,384,0.0904725044965744,0.05554661899805069,0.012711917981505394,0.09788709133863449,0.0834507942199707,,,,,,,,,,,,,0.24225515127182007,0.21181797981262207,,,0.0560908280313015,0.09788709133863449,0.052083518356084824,0.0994325801730156,1.0
pilot__gru__s1__seed10,gru,GRU,s1,10,True,0.008078450337052345,ring-selected zero-retuning,0.0048868185840547085,length,length_h512,T=512,512,,variable_sparsity,0.07279762625694275,True,1.0,1.435025930404663,512,0.11294069141149521,0.06949298828840256,0.012560898438096046,0.12543216347694397,0.11574625968933105,,,,,,,,,,,,,0.2798840403556824,0.270923376083374,,,0.0703032910823822,0.12543216347694397,0.06669679284095764,0.12425462901592255,1.0
pilot__gru__s1__seed10,gru,GRU,s1,10,True,0.008078450337052345,ring-selected zero-retuning,0.008884645067155361,length,length_h768,T=768,768,,variable_sparsity,0.10176735371351242,True,1.0,1.4691219329833984,768,0.15570363402366638,0.09505866467952728,0.012625917792320251,0.1729036569595337,0.1513688564300537,,,,,,,,,,,,,0.2952808141708374,0.29504966735839844,,,0.09670388698577881,0.1729036569595337,0.0882977694272995,0.16678589582443237,1.0
pilot__gru__s1__seed10,gru,GRU,s1,10,True,0.008078450337052345,ring-selected zero-retuning,0.00048438485828228295,velocity,velocity_x0p5,0.5x,0.5,,variable_sparsity,0.02417323924601078,True,1.0,1.0554780960083008,128,0.03505838289856911,0.022026417776942253,0.010955749079585075,0.03984089568257332,0.039664506912231445,,,,,,,,,,,,,0.21004503965377808,0.18723058700561523,,,0.02255486696958542,0.03984089568257332,0.022663451731204987,0.03615622967481613,0.5
pilot__gru__s1__seed10,gru,GRU,s1,10,True,0.008078450337052345,ring-selected zero-retuning,0.0005290765548124909,velocity,velocity_x0p75,0.75x,0.75,,variable_sparsity,0.024297457188367844,True,1.0,1.1730176210403442,128,0.035772405564785004,0.023254897445440292,0.011284803971648216,0.04080599546432495,0.04084587097167969,,,,,,,,,,,,,0.2121860682964325,0.19940708577632904,,,0.023511528968811035,0.04080599546432495,0.02275347150862217,0.036258794367313385,0.75
pilot__gru__s1__seed10,gru,GRU,s1,10,True,0.008078450337052345,ring-selected zero-retuning,0.0018418559338897467,velocity,velocity_x1p25,1.25x,1.25,,variable_sparsity,0.02703060768544674,True,1.0,1.2791684865951538,128,0.04524771869182587,0.03306224197149277,0.014929795637726784,0.05095304548740387,0.03985762596130371,,,,,,,,,,,,,0.207358717918396,0.19739626348018646,,,0.03157752379775047,0.05095304548740387,0.025435341522097588,0.04733051359653473,1.25
pilot__gru__s1__seed10,gru,GRU,s1,10,True,0.008078450337052345,ring-selected zero-retuning,0.00613820506259799,velocity,velocity_x1p5,1.5x,1.5,,variable_sparsity,0.032303355634212494,True,1.0,1.3258905410766602,128,0.06357957422733307,0.04903626814484596,0.01790112629532814,0.07108835875988007,0.04613208770751953,,,,,,,,,,,,,0.2172299027442932,0.19123101234436035,,,0.044917382299900055,0.07108835875988007,0.02699245885014534,0.06899052113294601,1.5
pilot__gru__s1__seed10,gru,GRU,s1,10,True,0.008078450337052345,ring-selected zero-retuning,0.032225847244262695,velocity,velocity_x2,2x,2.0,,variable_sparsity,0.06338918209075928,True,1.0,1.3806934356689453,128,0.13760848343372345,0.11694354563951492,0.024912133812904358,0.14901357889175415,0.051233530044555664,,,,,,,,,,,,,0.2720564007759094,0.206329345703125,,,0.10376088321208954,0.14901357889175415,0.032347820699214935,0.1863078773021698,2.0
pilot__gru__s1__seed10,gru,GRU,s1,10,True,0.008078450337052345,ring-selected zero-retuning,0.15496331453323364,velocity,velocity_x3,3x,3.0,,variable_sparsity,0.17995919287204742,True,1.0,1.4375741481781006,128,0.41818922758102417,0.37061601877212524,0.04769798740744591,0.4698948562145233,0.09973812103271484,,,,,,,,,,,,,0.5328549742698669,0.2746603488922119,,,0.3236849308013916,0.4698948562145233,0.06525799632072449,1.0999977588653564,3.0
pilot__gru__s1__seed10,gru,GRU,s1,10,True,0.008078450337052345,ring-selected zero-retuning,0.282158225774765,velocity,velocity_x4,4x,4.0,,variable_sparsity,0.30892622470855713,True,1.0,1.463205099105835,128,0.6923953294754028,0.6269164085388184,0.08166961371898651,0.7401336431503296,0.27745628356933594,,,,,,,,,,,,,0.7827615737915039,0.35434651374816895,,,0.548641562461853,0.7401336431503296,0.17404761910438538,1.6335567235946655,4.0
pilot__gru__s1__seed11,gru,GRU,s1,11,True,0.009212035685777664,ring-selected zero-retuning,0.0008301439229398966,smoothness,correlation_x0p5,ell=0.5x,0.5,,variable_sparsity,0.027632972225546837,True,0.5,1.2179415225982666,128,0.04122544080018997,0.0276713315397501,0.011587485671043396,0.047314055263996124,0.04235386848449707,,,,,,,,,,,,,0.26793259382247925,0.2784438133239746,,,0.027661889791488647,0.047314055263996124,0.02496815286576748,0.04513884335756302,1.0
pilot__gru__s1__seed11,gru,GRU,s1,11,True,0.009212035685777664,ring-selected zero-retuning,0.0008365053217858076,smoothness,correlation_x0p75,ell=0.75x,0.75,,variable_sparsity,0.0281764417886734,True,0.75,1.2373747825622559,128,0.0433603897690773,0.02806934155523777,0.011040393263101578,0.04826847091317177,0.045476675033569336,,,,,,,,,,,,,0.2802855670452118,0.2906529903411865,,,0.028095705434679985,0.04826847091317177,0.02587040513753891,0.04510655999183655,1.0
pilot__gru__s1__seed11,gru,GRU,s1,11,True,0.009212035685777664,ring-selected zero-retuning,0.0008568692719563842,smoothness,correlation_x1p5,ell=1.5x,1.5,,variable_sparsity,0.028390346094965935,True,1.5,1.2451282739639282,128,0.04504888504743576,0.028115829452872276,0.011059781536459923,0.05083182454109192,0.046239376068115234,,,,,,,,,,,,,0.27241528034210205,0.28161001205444336,,,0.028183400630950928,0.05083182454109192,0.026349730789661407,0.044230181723833084,1.0
pilot__gru__s1__seed11,gru,GRU,s1,11,True,0.009212035685777664,ring-selected zero-retuning,0.0008382592350244522,smoothness,correlation_x2,ell=2x,2.0,,variable_sparsity,0.028358282521367073,True,2.0,1.252528429031372,128,0.045343805104494095,0.027907155454158783,0.01102922298014164,0.05246496945619583,0.048117633908987045,,,,,,,,,,,,,0.2841150164604187,0.3000669479370117,,,0.028018202632665634,0.05246496945619583,0.026137080043554306,0.044312991201877594,1.0
pilot__gru__s1__seed11,gru,GRU,s1,11,True,0.009212035685777664,ring-selected zero-retuning,0.0008159163990058005,smoothness,correlation_x3,ell=3x,3.0,,variable_sparsity,0.028261778876185417,True,3.0,1.257981538772583,128,0.0450456365942955,0.027552390471100807,0.0111828139051795,0.05220245197415352,0.05006766319274902,,,,,,,,,,,,,0.2505996525287628,0.2560300827026367,,,0.02772701159119606,0.05220245197415352,0.02586575411260128,0.042375605553388596,1.0
pilot__gru__s1__seed11,gru,GRU,s1,11,True,0.009212035685777664,ring-selected zero-retuning,0.0007984651601873338,smoothness,correlation_x4,ell=4x,4.0,,variable_sparsity,0.02816801704466343,True,4.0,1.278252363204956,128,0.044440217316150665,0.02717893011868,0.011064846999943256,0.05191567540168762,0.05184578895568848,,,,,,,,,,,,,0.2699659466743469,0.28326964378356934,,,0.027422398328781128,0.05191567540168762,0.025830840691924095,0.04104739800095558,1.0
pilot__gru__s1__seed11,gru,GRU,s1,11,True,0.009212035685777664,ring-selected zero-retuning,0.0008069345494732261,dwell,dwell_block128,all blank 128,128,,all_blank,0.030107777565717697,True,1.0,0.0,128,0.053143925964832306,,0.007422732654958963,0.06066271662712097,0.06306123733520508,,,,,,,,,,,,,0.3039894104003906,0.3115541934967041,,,0.030107777565717697,0.06066271662712097,0.03188654035329819,0.0527026392519474,1.0
pilot__gru__s1__seed11,gru,GRU,s1,11,True,0.009212035685777664,ring-selected zero-retuning,0.0008398037170991302,dwell,dwell_block32,blank block 32,32,,variable_sparsity,0.027375176548957825,True,1.0,1.2173771858215332,128,0.04584282264113426,0.030326753854751587,0.009914988651871681,0.050757721066474915,0.05153632164001465,,,,,,,,,,,,,0.27852752804756165,0.2881815433502197,,,0.029042284935712814,0.050757721066474915,0.02817205898463726,0.04452987015247345,1.0
pilot__gru__s1__seed11,gru,GRU,s1,11,True,0.009212035685777664,ring-selected zero-retuning,0.0008223385666497052,dwell,dwell_block64,blank block 64,64,,variable_sparsity,0.028391554951667786,True,1.0,1.1519736051559448,128,0.04835681617259979,0.03231041505932808,0.0093308687210083,0.05291803181171417,0.05633902549743652,,,,,,,,,,,,,0.282075434923172,0.3001859188079834,,,0.029867228120565414,0.05291803181171417,0.030290547758340836,0.04902172088623047,1.0
pilot__gru__s1__seed11,gru,GRU,s1,11,True,0.009212035685777664,ring-selected zero-retuning,0.0008559275884181261,dwell,dwell_block8,blank block 8,8,,variable_sparsity,0.027642618864774704,True,1.0,1.2458138465881348,128,0.04543476551771164,0.0291704460978508,0.010696368291974068,0.05017445236444473,0.05028510093688965,,,,,,,,,,,,,0.2678975462913513,0.2816741466522217,,,0.0287223719060421,0.05017445236444473,0.026646235957741737,0.045618392527103424,1.0
pilot__gru__s1__seed11,gru,GRU,s1,11,True,0.009212035685777664,ring-selected zero-retuning,0.000960367324296385,dwell,dwell_block96,blank block 96,96,,variable_sparsity,0.032255057245492935,True,1.0,0.8450865149497986,128,0.054792746901512146,0.03804584965109825,0.0085475854575634,0.06182554364204407,0.06146860122680664,,,,,,,,,,,,,0.30753347277641296,0.31224700808525085,,,0.03334754705429077,0.06182554364204407,0.03337209299206734,0.05562169849872589,1.0
pilot__gru__s1__seed11,gru,GRU,s1,11,True,0.009212035685777664,ring-selected zero-retuning,0.0008535942179150879,id,id_h128,ID T=128,128,,variable_sparsity,0.02846786007285118,True,1.0,1.2498135566711426,128,0.04543963819742203,0.02836492657661438,0.010847046039998531,0.051323242485523224,0.051454778760671616,0.49111196398735046,0.5259609222412109,0.0996202826499939,0.09470152109861374,0.6934472918510437,0.7571518421173096,0.8769078254699707,0.9748146533966064,0.15631261467933655,0.1604924201965332,1.4737720489501953,1.8335862159729004,0.2706639766693115,0.28807735443115234,0.38288620114326477,0.40956783294677734,0.028390266001224518,0.051323242485523224,0.02531980536878109,0.04480806738138199,1.0
pilot__gru__s1__seed11,gru,GRU,s1,11,True,0.009212035685777664,ring-selected zero-retuning,0.024244539439678192,length,length_h1024,T=1024,1024,,variable_sparsity,0.19958075881004333,True,1.0,1.4843645095825195,1024,0.26063382625579834,0.14718753099441528,0.012825781479477882,0.29034626483917236,0.2609598636627197,,,,,,,,,,,,,0.48139747977256775,0.4800131022930145,,,0.16002382338047028,0.29034626483917236,0.13810837268829346,0.28742364048957825,1.0
pilot__gru__s1__seed11,gru,GRU,s1,11,True,0.009212035685777664,ring-selected zero-retuning,0.044853951781988144,length,length_h1536,T=1536,1536,,variable_sparsity,0.29449301958084106,True,1.0,1.513397216796875,1536,0.3695600628852844,0.20243442058563232,0.012872986495494843,0.42633476853370667,0.41475844383239746,,,,,,,,,,,,,0.6099343299865723,0.6075308322906494,,,0.22502627968788147,0.42633476853370667,0.20030145347118378,0.41303902864456177,1.0
pilot__gru__s1__seed11,gru,GRU,s1,11,True,0.009212035685777664,ring-selected zero-retuning,0.0016086127143353224,length,length_h192,T=192,192,,variable_sparsity,0.04072508588433266,True,1.0,1.3154425621032715,192,0.06743406504392624,0.040267013013362885,0.01093057356774807,0.07577183097600937,0.07254910469055176,,,,,,,,,,,,,0.28978490829467773,0.2991373538970947,,,0.04037906974554062,0.07577183097600937,0.03819727152585983,0.06514468789100647,1.0
pilot__gru__s1__seed11,gru,GRU,s1,11,True,0.009212035685777664,ring-selected zero-retuning,0.07090619206428528,length,length_h2048,T=2048,2048,,variable_sparsity,0.3899143934249878,True,1.0,1.5195776224136353,2048,0.4788704216480255,0.255540132522583,0.012847881764173508,0.532731294631958,0.48432326316833496,,,,,,,,,,,,,0.7249482274055481,0.6776902675628662,,,0.2884873151779175,0.532731294631958,0.25652647018432617,0.526566743850708,1.0
pilot__gru__s1__seed11,gru,GRU,s1,11,True,0.009212035685777664,ring-selected zero-retuning,0.0025403895415365696,length,length_h256,T=256,256,,variable_sparsity,0.05391748994588852,True,1.0,1.345548152923584,256,0.08317739516496658,0.05015723407268524,0.011263152584433556,0.08953803032636642,0.08518290519714355,,,,,,,,,,,,,0.31191474199295044,0.3221442699432373,,,0.05107865110039711,0.08953803032636642,0.04882959648966789,0.08424878865480423,1.0
pilot__gru__s1__seed11,gru,GRU,s1,11,True,0.009212035685777664,ring-selected zero-retuning,0.0048756985925138,length,length_h384,T=384,384,,variable_sparsity,0.0790969729423523,True,1.0,1.399122953414917,384,0.115695521235466,0.06830861419439316,0.012027574703097343,0.13102510571479797,0.11747097969055176,,,,,,,,,,,,,0.3481208384037018,0.35392045974731445,,,0.07095620781183243,0.13102510571479797,0.0669831782579422,0.12166152894496918,1.0
pilot__gru__s1__seed11,gru,GRU,s1,11,True,0.009212035685777664,ring-selected zero-retuning,0.007815669290721416,length,length_h512,T=512,512,,variable_sparsity,0.10327580571174622,True,1.0,1.435025930404663,512,0.1460081785917282,0.08531524986028671,0.012253772467374802,0.1623246967792511,0.14049935340881348,,,,,,,,,,,,,0.35574406385421753,0.35068631172180176,,,0.08971919864416122,0.1623246967792511,0.08140963315963745,0.15823116898536682,1.0
pilot__gru__s1__seed11,gru,GRU,s1,11,True,0.009212035685777664,ring-selected zero-retuning,0.015570349059998989,length,length_h768,T=768,768,,variable_sparsity,0.1513630896806717,True,1.0,1.4691219329833984,768,0.20954763889312744,0.11840437352657318,0.012474454939365387,0.23737585544586182,0.21360085904598236,,,,,,,,,,,,,0.41804200410842896,0.40194201469421387,,,0.1264871507883072,0.23737585544586182,0.11218325793743134,0.22300195693969727,1.0
pilot__gru__s1__seed11,gru,GRU,s1,11,True,0.009212035685777664,ring-selected zero-retuning,0.0006603338988497853,velocity,velocity_x0p5,0.5x,0.5,,variable_sparsity,0.029032180085778236,True,1.0,1.0554780960083008,128,0.045636940747499466,0.0275100227445364,0.007057367358356714,0.05139350891113281,0.057303667068481445,,,,,,,,,,,,,0.2727457284927368,0.2971687316894531,,,0.02788471058011055,0.05139350891113281,0.02920360304415226,0.041866153478622437,0.5
pilot__gru__s1__seed11,gru,GRU,s1,11,True,0.009212035685777664,ring-selected zero-retuning,0.0006418878911063075,velocity,velocity_x0p75,0.75x,0.75,,variable_sparsity,0.02810298651456833,True,1.0,1.1730176210403442,128,0.04262328892946243,0.026192868128418922,0.00827367790043354,0.048852868378162384,0.05046582594513893,,,,,,,,,,,,,0.27522170543670654,0.27830982208251953,,,0.026663053780794144,0.048852868378162384,0.025722146034240723,0.04212849587202072,0.75
pilot__gru__s1__seed11,gru,GRU,s1,11,True,0.009212035685777664,ring-selected zero-retuning,0.0016676451778039336,velocity,velocity_x1p25,1.25x,1.25,,variable_sparsity,0.029716042801737785,True,1.0,1.2791684865951538,128,0.05320841073989868,0.03470641374588013,0.014486851170659065,0.06030264496803284,0.05545591935515404,,,,,,,,,,,,,0.2735162675380707,0.28096866607666016,,,0.03347800672054291,0.06030264496803284,0.02789996564388275,0.05142911896109581,1.25
pilot__gru__s1__seed11,gru,GRU,s1,11,True,0.009212035685777664,ring-selected zero-retuning,0.004797279369086027,velocity,velocity_x1p5,1.5x,1.5,,variable_sparsity,0.03304196149110794,True,1.0,1.3258905410766602,128,0.06737534701824188,0.046919841319322586,0.019024085253477097,0.07617786526679993,0.053974151611328125,,,,,,,,,,,,,0.28880059719085693,0.30042433738708496,,,0.04350373521447182,0.07617786526679993,0.03037252277135849,0.06937523186206818,1.5
pilot__gru__s1__seed11,gru,GRU,s1,11,True,0.009212035685777664,ring-selected zero-retuning,0.022792812436819077,velocity,velocity_x2,2x,2.0,,variable_sparsity,0.05966152250766754,True,1.0,1.3806934356689453,128,0.1233644038438797,0.10075216740369797,0.028882481157779694,0.13861100375652313,0.06132245063781738,,,,,,,,,,,,,0.3075164556503296,0.2749149799346924,,,0.09063749760389328,0.13861100375652313,0.0382564514875412,0.1474837362766266,2.0
pilot__gru__s1__seed11,gru,GRU,s1,11,True,0.009212035685777664,ring-selected zero-retuning,0.12808933854103088,velocity,velocity_x3,3x,3.0,,variable_sparsity,0.16873517632484436,True,1.0,1.4375741481781006,128,0.37650588154792786,0.3312949240207672,0.052705299109220505,0.4113120138645172,0.10927105695009232,,,,,,,,,,,,,0.5292118787765503,0.329542875289917,,,0.291280061006546,0.4113120138645172,0.06803956627845764,1.069161057472229,3.0
pilot__gru__s1__seed11,gru,GRU,s1,11,True,0.009212035685777664,ring-selected zero-retuning,0.23902393877506256,velocity,velocity_x4,4x,4.0,,variable_sparsity,0.30984264612197876,True,1.0,1.463205099105835,128,0.6339062452316284,0.5697654485702515,0.08768641948699951,0.6714892387390137,0.24321411550045013,,,,,,,,,,,,,0.7831821441650391,0.4158670902252197,,,0.5057842135429382,0.6714892387390137,0.14461155235767365,1.5071864128112793,4.0
pilot__gru__s1__seed12,gru,GRU,s1,12,True,0.0054211486130952835,ring-selected zero-retuning,0.00046276868670247495,smoothness,correlation_x0p5,ell=0.5x,0.5,,variable_sparsity,0.015497424639761448,True,0.5,1.2179415225982666,128,0.022174987941980362,0.01886408030986786,0.009665312245488167,0.02493535727262497,0.021392345428466797,,,,,,,,,,,,,0.08574672788381577,0.07072830200195312,,,0.018035361543297768,0.02493535727262497,0.01573883183300495,0.028941426426172256,1.0
pilot__gru__s1__seed12,gru,GRU,s1,12,True,0.0054211486130952835,ring-selected zero-retuning,0.00046208655112423003,smoothness,correlation_x0p75,ell=0.75x,0.75,,variable_sparsity,0.015034030191600323,True,0.75,1.2373747825622559,128,0.022532491013407707,0.01848648115992546,0.008802361786365509,0.024549376219511032,0.02218770980834961,,,,,,,,,,,,,0.08942996710538864,0.0721430778503418,,,0.017636645585298538,0.024549376219511032,0.015518853440880775,0.02776278555393219,1.0
pilot__gru__s1__seed12,gru,GRU,s1,12,True,0.0054211486130952835,ring-selected zero-retuning,0.0003675785264931619,smoothness,correlation_x1p5,ell=1.5x,1.5,,variable_sparsity,0.015053977258503437,True,1.5,1.2451282739639282,128,0.019356675446033478,0.0167616568505764,0.008181467652320862,0.02261403203010559,0.018079757690429688,,,,,,,,,,,,,0.09147909283638,0.07101273536682129,,,0.016341304406523705,0.02261403203010559,0.014298764988780022,0.025116465985774994,1.0
pilot__gru__s1__seed12,gru,GRU,s1,12,True,0.0054211486130952835,ring-selected zero-retuning,0.0003496958233881742,smoothness,correlation_x2,ell=2x,2.0,,variable_sparsity,0.014895320869982243,True,2.0,1.252528429031372,128,0.018644001334905624,0.016401782631874084,0.007965398952364922,0.021418698132038116,0.01663684844970703,,,,,,,,,,,,,0.0850028470158577,0.07329344749450684,,,0.01603095978498459,0.021418698132038116,0.014256445690989494,0.02446288801729679,1.0
pilot__gru__s1__seed12,gru,GRU,s1,12,True,0.0054211486130952835,ring-selected zero-retuning,0.00032619666308164597,smoothness,correlation_x3,ell=3x,3.0,,variable_sparsity,0.014737074263393879,True,3.0,1.257981538772583,128,0.017677942290902138,0.015887044370174408,0.007831974886357784,0.020362399518489838,0.016802072525024414,,,,,,,,,,,,,0.08406874537467957,0.06494307518005371,,,0.015603972598910332,0.020362399518489838,0.013938907533884048,0.023724183440208435,1.0
pilot__gru__s1__seed12,gru,GRU,s1,12,True,0.0054211486130952835,ring-selected zero-retuning,0.00030922534642741084,smoothness,correlation_x4,ell=4x,4.0,,variable_sparsity,0.01454487070441246,True,4.0,1.278252363204956,128,0.016968123614788055,0.015547079965472221,0.007701152004301548,0.019284863024950027,0.016281843185424805,,,,,,,,,,,,,0.09560882300138474,0.080718994140625,,,0.015300380997359753,0.019284863024950027,0.013352135196328163,0.022726548835635185,1.0
pilot__gru__s1__seed12,gru,GRU,s1,12,True,0.0054211486130952835,ring-selected zero-retuning,0.00012956590217072517,dwell,dwell_block128,all blank 128,128,,all_blank,0.010950565338134766,True,1.0,0.0,128,0.01842404156923294,,0.0040480876341462135,0.020908137783408165,0.018119335174560547,,,,,,,,,,,,,0.10100774466991425,0.08479690551757812,,,0.010950565338134766,0.020908137783408165,0.010177265852689743,0.02207431010901928,1.0
pilot__gru__s1__seed12,gru,GRU,s1,12,True,0.0054211486130952835,ring-selected zero-retuning,0.0004641961131710559,dwell,dwell_block32,blank block 32,32,,variable_sparsity,0.01534443162381649,True,1.0,1.2173771858215332,128,0.023188142105937004,0.02012474834918976,0.008090700954198837,0.02585241198539734,0.021218538284301758,,,,,,,,,,,,,0.08839692175388336,0.08186912536621094,,,0.018044447526335716,0.02585241198539734,0.015601597726345062,0.02858949452638626,1.0
pilot__gru__s1__seed12,gru,GRU,s1,12,True,0.0054211486130952835,ring-selected zero-retuning,0.0003584054356906563,dwell,dwell_block64,blank block 64,64,,variable_sparsity,0.014580164104700089,True,1.0,1.1519736051559448,128,0.023048292845487595,0.020729277282953262,0.007197964936494827,0.025429552420973778,0.02122044563293457,,,,,,,,,,,,,0.09054750204086304,0.08183622360229492,,,0.016895651817321777,0.025429552420973778,0.01460278034210205,0.02731270343065262,1.0
pilot__gru__s1__seed12,gru,GRU,s1,12,True,0.0054211486130952835,ring-selected zero-retuning,0.0004612525226548314,dwell,dwell_block8,blank block 8,8,,variable_sparsity,0.014848464168608189,True,1.0,1.2458138465881348,128,0.02242138609290123,0.018976232036948204,0.008572072722017765,0.025312401354312897,0.02231454849243164,,,,,,,,,,,,,0.09351500868797302,0.0790858268737793,,,0.01776566356420517,0.025312401354312897,0.015217553824186325,0.02853441797196865,1.0
pilot__gru__s1__seed12,gru,GRU,s1,12,True,0.0054211486130952835,ring-selected zero-retuning,0.0002590648946352303,dwell,dwell_block96,blank block 96,96,,variable_sparsity,0.014501123689115047,True,1.0,0.8450865149497986,128,0.021222051233053207,0.02064155973494053,0.005872706882655621,0.024089254438877106,0.01804375648498535,,,,,,,,,,,,,0.10548646003007889,0.09294676780700684,,,0.015659576281905174,0.024089254438877106,0.014095168560743332,0.026827696710824966,1.0
pilot__gru__s1__seed12,gru,GRU,s1,12,True,0.0054211486130952835,ring-selected zero-retuning,0.00041019608033820987,id,id_h128,ID T=128,128,,variable_sparsity,0.015206084586679935,True,1.0,1.2498135566711426,128,0.021688804030418396,0.017578870058059692,0.008446021005511284,0.025235623121261597,0.021007537841796875,0.16772177815437317,0.1315007209777832,0.038377948105335236,0.034576416015625,0.2342618703842163,0.18271517753601074,0.29007238149642944,0.22657012939453125,0.05420692637562752,0.045090675354003906,0.4583582878112793,0.4141426086425781,0.09169590473175049,0.0746309757232666,0.13048876821994781,0.10452865809202194,0.016994796693325043,0.025235623121261597,0.014663822948932648,0.0255572646856308,1.0
pilot__gru__s1__seed12,gru,GRU,s1,12,True,0.0054211486130952835,ring-selected zero-retuning,0.004668276757001877,length,length_h1024,T=1024,1024,,variable_sparsity,0.06255623698234558,True,1.0,1.4843645095825195,1024,0.0988040417432785,0.06673247367143631,0.009156427346169949,0.10588878393173218,0.08014202117919922,,,,,,,,,,,,,0.1372033953666687,0.1228642463684082,,,0.06570930778980255,0.10588878393173218,0.05365569889545441,0.11710912734270096,1.0
pilot__gru__s1__seed12,gru,GRU,s1,12,True,0.0054211486130952835,ring-selected zero-retuning,0.007229065056890249,length,length_h1536,T=1536,1536,,variable_sparsity,0.08287294954061508,True,1.0,1.513397216796875,1536,0.12496157735586166,0.0849204733967781,0.009100057184696198,0.1391497254371643,0.11896538734436035,,,,,,,,,,,,,0.1789262294769287,0.1605236530303955,,,0.08441799879074097,0.1391497254371643,0.07215963304042816,0.14268000423908234,1.0
pilot__gru__s1__seed12,gru,GRU,s1,12,True,0.0054211486130952835,ring-selected zero-retuning,0.0005272120470181108,length,length_h192,T=192,192,,variable_sparsity,0.018992876634001732,True,1.0,1.3154425621032715,192,0.030861303210258484,0.021965252235531807,0.008345608599483967,0.034464411437511444,0.029909372329711914,,,,,,,,,,,,,0.09662440419197083,0.0824575424194336,,,0.02123812399804592,0.034464411437511444,0.017736205831170082,0.033377811312675476,1.0
pilot__gru__s1__seed12,gru,GRU,s1,12,True,0.0054211486130952835,ring-selected zero-retuning,0.01013338752090931,length,length_h2048,T=2048,2048,,variable_sparsity,0.10022074729204178,True,1.0,1.5195776224136353,2048,0.15236486494541168,0.10178931057453156,0.009109467267990112,0.16263870894908905,0.12349438667297363,,,,,,,,,,,,,0.19834712147712708,0.17726540565490723,,,0.10140471160411835,0.16263870894908905,0.08482305705547333,0.18725886940956116,1.0
pilot__gru__s1__seed12,gru,GRU,s1,12,True,0.0054211486130952835,ring-selected zero-retuning,0.0007031562272459269,length,length_h256,T=256,256,,variable_sparsity,0.023375853896141052,True,1.0,1.345548152923584,256,0.03789816051721573,0.02606113813817501,0.00840984471142292,0.04101170599460602,0.03630638122558594,,,,,,,,,,,,,0.0974639356136322,0.08476042747497559,,,0.025403134524822235,0.04101170599460602,0.02213064581155777,0.041124023497104645,1.0
pilot__gru__s1__seed12,gru,GRU,s1,12,True,0.0054211486130952835,ring-selected zero-retuning,0.001324165379628539,length,length_h384,T=384,384,,variable_sparsity,0.03107154183089733,True,1.0,1.399122953414917,384,0.051307421177625656,0.03408534824848175,0.008706237189471722,0.0563160739839077,0.0440976619720459,,,,,,,,,,,,,0.10845852643251419,0.08903384208679199,,,0.033345725387334824,0.0563160739839077,0.030239205807447433,0.0549483597278595,1.0
pilot__gru__s1__seed12,gru,GRU,s1,12,True,0.0054211486130952835,ring-selected zero-retuning,0.0019111523870378733,length,length_h512,T=512,512,,variable_sparsity,0.03793465346097946,True,1.0,1.435025930404663,512,0.06348168849945068,0.04183643311262131,0.008785422891378403,0.06923385709524155,0.05573439598083496,,,,,,,,,,,,,0.11691094934940338,0.10058140009641647,,,0.040879711508750916,0.06923385709524155,0.034550659358501434,0.06872659176588058,1.0
pilot__gru__s1__seed12,gru,GRU,s1,12,True,0.0054211486130952835,ring-selected zero-retuning,0.0033215456642210484,length,length_h768,T=768,768,,variable_sparsity,0.05103403702378273,True,1.0,1.4691219329833984,768,0.08552875369787216,0.05586164444684982,0.008930981159210205,0.09476522356271744,0.07840156555175781,,,,,,,,,,,,,0.13970237970352173,0.1157066747546196,,,0.054677724838256836,0.09476522356271744,0.044220954179763794,0.09442327916622162,1.0
pilot__gru__s1__seed12,gru,GRU,s1,12,True,0.0054211486130952835,ring-selected zero-retuning,0.00014580145943909883,velocity,velocity_x0p5,0.5x,0.5,,variable_sparsity,0.012990818358957767,True,1.0,1.0554780960083008,128,0.016873277723789215,0.012658389285206795,0.004483661614358425,0.01939612627029419,0.01733088493347168,,,,,,,,,,,,,0.09401406347751617,0.0861973762512207,,,0.01274021714925766,0.01939612627029419,0.01231396198272705,0.02024078741669655,0.5
pilot__gru__s1__seed12,gru,GRU,s1,12,True,0.0054211486130952835,ring-selected zero-retuning,0.00019961407815571874,velocity,velocity_x0p75,0.75x,0.75,,variable_sparsity,0.013922031968832016,True,1.0,1.1730176210403442,128,0.01746807061135769,0.014157549478113651,0.005922563374042511,0.02000897005200386,0.018711328506469727,,,,,,,,,,,,,0.08685431629419327,0.07205748558044434,,,0.014099575579166412,0.02000897005200386,0.013589132577180862,0.020690713077783585,0.75
pilot__gru__s1__seed12,gru,GRU,s1,12,True,0.0054211486130952835,ring-selected zero-retuning,0.0015732038300484419,velocity,velocity_x1p25,1.25x,1.25,,variable_sparsity,0.017483945935964584,True,1.0,1.2791684865951538,128,0.03107459656894207,0.025611326098442078,0.01187501847743988,0.03602626547217369,0.025272369384765625,,,,,,,,,,,,,0.09987705945968628,0.07803893089294434,,,0.023610733449459076,0.03602626547217369,0.016335876658558846,0.0360783189535141,1.25
pilot__gru__s1__seed12,gru,GRU,s1,12,True,0.0054211486130952835,ring-selected zero-retuning,0.005596590228378773,velocity,velocity_x1p5,1.5x,1.5,,variable_sparsity,0.022356608882546425,True,1.0,1.3258905410766602,128,0.049077168107032776,0.041669946163892746,0.01570758782327175,0.05674220994114876,0.027241947129368782,,,,,,,,,,,,,0.10377609729766846,0.07290363311767578,,,0.03691587597131729,0.05674220994114876,0.01806480437517166,0.06040425971150398,1.5
pilot__gru__s1__seed12,gru,GRU,s1,12,True,0.0054211486130952835,ring-selected zero-retuning,0.030782094225287437,velocity,velocity_x2,2x,2.0,,variable_sparsity,0.05419880896806717,True,1.0,1.3806934356689453,128,0.1264941543340683,0.11120869964361191,0.02406606264412403,0.13834089040756226,0.03729605674743652,,,,,,,,,,,,,0.17312026023864746,0.08784008026123047,,,0.09717544168233871,0.13834089040756226,0.025805409997701645,0.17322543263435364,2.0
pilot__gru__s1__seed12,gru,GRU,s1,12,True,0.0054211486130952835,ring-selected zero-retuning,0.14750973880290985,velocity,velocity_x3,3x,3.0,,variable_sparsity,0.17079578340053558,True,1.0,1.4375741481781006,128,0.41217195987701416,0.36923059821128845,0.04950091987848282,0.4601954221725464,0.0825798511505127,,,,,,,,,,,,,0.4645099341869354,0.14718127250671387,,,0.3203849196434021,0.4601954221725464,0.06233940273523331,1.126966953277588,3.0
pilot__gru__s1__seed12,gru,GRU,s1,12,True,0.0054211486130952835,ring-selected zero-retuning,0.26726585626602173,velocity,velocity_x4,4x,4.0,,variable_sparsity,0.3036273121833801,True,1.0,1.463205099105835,128,0.7014480829238892,0.6297404766082764,0.08758552372455597,0.7565369606018066,0.27044034004211426,,,,,,,,,,,,,0.7577399015426636,0.2714695930480957,,,0.5494661331176758,0.7565369606018066,0.1685951054096222,1.6845195293426514,4.0
pilot__lstm__s1__seed10,lstm,LSTM,s1,10,True,0.0044144196435809135,ring-selected zero-retuning,0.00022841623285785317,smoothness,correlation_x0p5,ell=0.5x,0.5,,variable_sparsity,0.017508387565612793,True,0.5,1.2179415225982666,128,0.02049943432211876,0.012642677873373032,0.004718868527561426,0.02263874188065529,0.017192840576171875,,,,,,,,,,,,,0.18438982963562012,0.17030072212219238,,,0.013840396888554096,0.02263874188065529,0.010789779946208,0.02587428316473961,1.0
pilot__lstm__s1__seed10,lstm,LSTM,s1,10,True,0.0044144196435809135,ring-selected zero-retuning,0.0002406582934781909,smoothness,correlation_x0p75,ell=0.75x,0.75,,variable_sparsity,0.016646042466163635,True,0.75,1.2373747825622559,128,0.02087368071079254,0.01337023451924324,0.0046655600890517235,0.022239284589886665,0.018413782119750977,,,,,,,,,,,,,0.16525694727897644,0.14206266403198242,,,0.014176590368151665,0.022239284589886665,0.011284608393907547,0.025641538202762604,1.0
pilot__lstm__s1__seed10,lstm,LSTM,s1,10,True,0.0044144196435809135,ring-selected zero-retuning,0.00022902451746631414,smoothness,correlation_x1p5,ell=1.5x,1.5,,variable_sparsity,0.017187466844916344,True,1.5,1.2451282739639282,128,0.02176310122013092,0.012904022820293903,0.004648855421692133,0.023621536791324615,0.018413782119750977,,,,,,,,,,,,,0.1780993938446045,0.1614675521850586,,,0.013958415016531944,0.023621536791324615,0.011091094464063644,0.027482707053422928,1.0
pilot__lstm__s1__seed10,lstm,LSTM,s1,10,True,0.0044144196435809135,ring-selected zero-retuning,0.0002282233617734164,smoothness,correlation_x2,ell=2x,2.0,,variable_sparsity,0.0169940534979105,True,2.0,1.252528429031372,128,0.021754849702119827,0.012818828225135803,0.0047159441746771336,0.023953434079885483,0.018085479736328125,,,,,,,,,,,,,0.1834232211112976,0.15817618370056152,,,0.013846579007804394,0.023953434079885483,0.011233627796173096,0.025764435529708862,1.0
pilot__lstm__s1__seed10,lstm,LSTM,s1,10,True,0.0044144196435809135,ring-selected zero-retuning,0.00020499463425949216,smoothness,correlation_x3,ell=3x,3.0,,variable_sparsity,0.017069069668650627,True,3.0,1.257981538772583,128,0.020395541563630104,0.012061824090778828,0.004696375224739313,0.022578630596399307,0.01821279525756836,,,,,,,,,,,,,0.19045831263065338,0.16611933708190918,,,0.013294381089508533,0.022578630596399307,0.011265933513641357,0.024793095886707306,1.0
pilot__lstm__s1__seed10,lstm,LSTM,s1,10,True,0.0044144196435809135,ring-selected zero-retuning,0.00019569920550566167,smoothness,correlation_x4,ell=4x,4.0,,variable_sparsity,0.017010977491736412,True,4.0,1.278252363204956,128,0.020607460290193558,0.011930074542760849,0.004644484259188175,0.02294180542230606,0.01905035972595215,,,,,,,,,,,,,0.16317041218280792,0.13081026077270508,,,0.013180762529373169,0.02294180542230606,0.01089797168970108,0.02448105439543724,1.0
pilot__lstm__s1__seed10,lstm,LSTM,s1,10,True,0.0044144196435809135,ring-selected zero-retuning,0.0004142943653278053,dwell,dwell_block128,all blank 128,128,,all_blank,0.021440615877509117,True,1.0,0.0,128,0.03659946471452713,,0.0036079618148505688,0.04152882099151611,0.04072165489196777,,,,,,,,,,,,,0.19040393829345703,0.19504761695861816,,,0.021440615877509117,0.04152882099151611,0.021485954523086548,0.033755164593458176,1.0
pilot__lstm__s1__seed10,lstm,LSTM,s1,10,True,0.0044144196435809135,ring-selected zero-retuning,0.00028975162422284484,dwell,dwell_block32,blank block 32,32,,variable_sparsity,0.016729701310396194,True,1.0,1.2173771858215332,128,0.0273115374147892,0.016088327392935753,0.00441781897097826,0.02977008745074272,0.0255966167896986,,,,,,,,,,,,,0.18111853301525116,0.15129303932189941,,,0.016367439180612564,0.02977008745074272,0.013511409983038902,0.030250269919633865,1.0
pilot__lstm__s1__seed10,lstm,LSTM,s1,10,True,0.0044144196435809135,ring-selected zero-retuning,0.000317004625685513,dwell,dwell_block64,blank block 64,64,,variable_sparsity,0.017256364226341248,True,1.0,1.1519736051559448,128,0.029593393206596375,0.01756409928202629,0.004085257649421692,0.03156687319278717,0.025122642517089844,,,,,,,,,,,,,0.18489313125610352,0.1649174690246582,,,0.017372243106365204,0.03156687319278717,0.014169925823807716,0.03288907930254936,1.0
pilot__lstm__s1__seed10,lstm,LSTM,s1,10,True,0.0044144196435809135,ring-selected zero-retuning,0.00023725006030872464,dwell,dwell_block8,blank block 8,8,,variable_sparsity,0.016762765124440193,True,1.0,1.2458138465881348,128,0.022165853530168533,0.01358883548527956,0.004669789224863052,0.02429613284766674,0.02110123634338379,,,,,,,,,,,,,0.17907604575157166,0.1594991683959961,,,0.014519666321575642,0.02429613284766674,0.011359402909874916,0.027675148099660873,1.0
pilot__lstm__s1__seed10,lstm,LSTM,s1,10,True,0.0044144196435809135,ring-selected zero-retuning,0.00035539077362045646,dwell,dwell_block96,blank block 96,96,,variable_sparsity,0.018596064299345016,True,1.0,0.8450865149497986,128,0.032280415296554565,0.019511813297867775,0.0039048572070896626,0.03581929951906204,0.03236985206604004,,,,,,,,,,,,,0.17146894335746765,0.14711523056030273,,,0.018768828362226486,0.03581929951906204,0.017420554533600807,0.03315521404147148,1.0
pilot__lstm__s1__seed10,lstm,LSTM,s1,10,True,0.0044144196435809135,ring-selected zero-retuning,0.00023326033260673285,id,id_h128,ID T=128,128,,variable_sparsity,0.016841964796185493,True,1.0,1.2498135566711426,128,0.02105712704360485,0.013164128176867962,0.00464850477874279,0.022951949387788773,0.01865220069885254,0.3115309774875641,0.25402331352233887,0.055830635130405426,0.04870462417602539,0.4155160188674927,0.3655986487865448,0.49241751432418823,0.4454162120819092,0.09617739915847778,0.08123612403869629,0.6336912512779236,0.5860838890075684,0.175194650888443,0.14084386825561523,0.24714228510856628,0.20515704154968262,0.014069444499909878,0.022951949387788773,0.010864285752177238,0.027076974511146545,1.0
pilot__lstm__s1__seed10,lstm,LSTM,s1,10,True,0.0044144196435809135,ring-selected zero-retuning,0.005139327608048916,length,length_h1024,T=1024,1024,,variable_sparsity,0.09354029595851898,True,1.0,1.4843645095825195,1024,0.11644072830677032,0.06400857865810394,0.004567218944430351,0.12846215069293976,0.1150810718536377,,,,,,,,,,,,,0.21677954494953156,0.18103957176208496,,,0.07124382257461548,0.12846215069293976,0.06045100837945938,0.12281681597232819,1.0
pilot__lstm__s1__seed10,lstm,LSTM,s1,10,True,0.0044144196435809135,ring-selected zero-retuning,0.009361905045807362,length,length_h1536,T=1536,1536,,variable_sparsity,0.13002006709575653,True,1.0,1.513397216796875,1536,0.16162332892417908,0.08912122249603271,0.0045029232278466225,0.18044596910476685,0.1697854995727539,,,,,,,,,,,,,0.2671814560890198,0.2550961971282959,,,0.09915809333324432,0.18044596910476685,0.0900106355547905,0.16225436329841614,1.0
pilot__lstm__s1__seed10,lstm,LSTM,s1,10,True,0.0044144196435809135,ring-selected zero-retuning,0.0003711978206411004,length,length_h192,T=192,192,,variable_sparsity,0.022286338731646538,True,1.0,1.3154425621032715,192,0.02831181511282921,0.017194297164678574,0.004552419297397137,0.03161649778485298,0.02747177891433239,,,,,,,,,,,,,0.1832854151725769,0.16428208351135254,,,0.01843995787203312,0.03161649778485298,0.014841485768556595,0.03551587089896202,1.0
pilot__lstm__s1__seed10,lstm,LSTM,s1,10,True,0.0044144196435809135,ring-selected zero-retuning,0.014689656905829906,length,length_h2048,T=2048,2048,,variable_sparsity,0.16658450663089752,True,1.0,1.5195776224136353,2048,0.21174736320972443,0.11454614251852036,0.0044701858423650265,0.24277648329734802,0.23446130752563477,,,,,,,,,,,,,0.3281444311141968,0.2829573154449463,,,0.12730541825294495,0.24277648329734802,0.11840970069169998,0.20760393142700195,1.0
pilot__lstm__s1__seed10,lstm,LSTM,s1,10,True,0.0044144196435809135,ring-selected zero-retuning,0.0005416814819909632,length,length_h256,T=256,256,,variable_sparsity,0.02832796983420849,True,1.0,1.345548152923584,256,0.035600557923316956,0.02091318368911743,0.004553389269858599,0.03998465836048126,0.03229784965515137,,,,,,,,,,,,,0.1885560303926468,0.15146231651306152,,,0.022730108350515366,0.03998465836048126,0.018583396449685097,0.03983473777770996,1.0
pilot__lstm__s1__seed10,lstm,LSTM,s1,10,True,0.0044144196435809135,ring-selected zero-retuning,0.0010983094107359648,length,length_h384,T=384,384,,variable_sparsity,0.040861841291189194,True,1.0,1.399122953414917,384,0.05114854499697685,0.028440849855542183,0.0045869238674640656,0.05699813365936279,0.04752707481384277,,,,,,,,,,,,,0.20276284217834473,0.1622464656829834,,,0.031489115208387375,0.05699813365936279,0.026684459298849106,0.05234780162572861,1.0
pilot__lstm__s1__seed10,lstm,LSTM,s1,10,True,0.0044144196435809135,ring-selected zero-retuning,0.0017299968749284744,length,length_h512,T=512,512,,variable_sparsity,0.05226001515984535,True,1.0,1.435025930404663,512,0.0650574266910553,0.0358598530292511,0.004554724786430597,0.07258842885494232,0.0604557991027832,,,,,,,,,,,,,0.200699582695961,0.16303730010986328,,,0.03988119214773178,0.07258842885494232,0.032944805920124054,0.06685453653335571,1.0
pilot__lstm__s1__seed10,lstm,LSTM,s1,10,True,0.0044144196435809135,ring-selected zero-retuning,0.0032678204588592052,length,length_h768,T=768,768,,variable_sparsity,0.07383207231760025,True,1.0,1.4691219329833984,768,0.09268034994602203,0.05044202879071236,0.00452353386208415,0.10375963896512985,0.08920550346374512,,,,,,,,,,,,,0.19498185813426971,0.1389298439025879,,,0.05617818981409073,0.10375963896512985,0.04621989652514458,0.09724955260753632,1.0
pilot__lstm__s1__seed10,lstm,LSTM,s1,10,True,0.0044144196435809135,ring-selected zero-retuning,0.0002188596554333344,velocity,velocity_x0p5,0.5x,0.5,,variable_sparsity,0.018408438190817833,True,1.0,1.0554780960083008,128,0.023827828466892242,0.013865729793906212,0.003462411928921938,0.02629617042839527,0.021220922470092773,,,,,,,,,,,,,0.1793888509273529,0.14966344833374023,,,0.01498393900692463,0.02629617042839527,0.013134580105543137,0.02594883367419243,0.5
pilot__lstm__s1__seed10,lstm,LSTM,s1,10,True,0.0044144196435809135,ring-selected zero-retuning,0.00020537771342787892,velocity,velocity_x0p75,0.75x,0.75,,variable_sparsity,0.01747630536556244,True,1.0,1.1730176210403442,128,0.022658180445432663,0.013377555646002293,0.0038382860366255045,0.024478279054164886,0.020538330078125,,,,,,,,,,,,,0.17878340184688568,0.15459871292114258,,,0.01438648346811533,0.024478279054164886,0.012215929105877876,0.026106994599103928,0.75
pilot__lstm__s1__seed10,lstm,LSTM,s1,10,True,0.0044144196435809135,ring-selected zero-retuning,0.000488657271489501,velocity,velocity_x1p25,1.25x,1.25,,variable_sparsity,0.017285557463765144,True,1.0,1.2791684865951538,128,0.024435263127088547,0.015626681968569756,0.005856691859662533,0.02711714431643486,0.020115137100219727,,,,,,,,,,,,,0.18225421011447906,0.16288495063781738,,,0.01603502221405506,0.02711714431643486,0.011936686933040619,0.027957312762737274,1.25
pilot__lstm__s1__seed10,lstm,LSTM,s1,10,True,0.0044144196435809135,ring-selected zero-retuning,0.0020260170567780733,velocity,velocity_x1p5,1.5x,1.5,,variable_sparsity,0.020975399762392044,True,1.0,1.3258905410766602,128,0.034662988036870956,0.022828320041298866,0.008088994771242142,0.03787892311811447,0.021007776260375977,,,,,,,,,,,,,0.18437224626541138,0.14258861541748047,,,0.02237221598625183,0.03787892311811447,0.012506088241934776,0.036414287984371185,1.5
pilot__lstm__s1__seed10,lstm,LSTM,s1,10,True,0.0044144196435809135,ring-selected zero-retuning,0.011337965726852417,velocity,velocity_x2,2x,2.0,,variable_sparsity,0.04151993989944458,True,1.0,1.3806934356689453,128,0.08093451708555222,0.06039757654070854,0.016364680603146553,0.08789010345935822,0.02969527244567871,,,,,,,,,,,,,0.20550063252449036,0.16635489463806152,,,0.05575075373053551,0.08789010345935822,0.01714702509343624,0.09456402063369751,2.0
pilot__lstm__s1__seed10,lstm,LSTM,s1,10,True,0.0044144196435809135,ring-selected zero-retuning,0.09257003664970398,velocity,velocity_x3,3x,3.0,,variable_sparsity,0.1555601954460144,True,1.0,1.4375741481781006,128,0.33654430508613586,0.27618440985679626,0.05436818301677704,0.3658972978591919,0.06183194741606712,,,,,,,,,,,,,0.4303587079048157,0.1938314437866211,,,0.2464921921491623,0.3658972978591919,0.032448768615722656,0.8439626693725586,3.0
pilot__lstm__s1__seed10,lstm,LSTM,s1,10,True,0.0044144196435809135,ring-selected zero-retuning,0.1681162416934967,velocity,velocity_x4,4x,4.0,,variable_sparsity,0.26338109374046326,True,1.0,1.463205099105835,128,0.572659432888031,0.4934324026107788,0.11596003919839859,0.6077973246574402,0.15018892288208008,,,,,,,,,,,,,0.6432569026947021,0.27951598167419434,,,0.4368041455745697,0.6077973246574402,0.11805672943592072,1.4335542917251587,4.0
pilot__lstm__s1__seed11,lstm,LSTM,s1,11,True,0.006108873523771763,ring-selected zero-retuning,0.000508222496137023,smoothness,correlation_x0p5,ell=0.5x,0.5,,variable_sparsity,0.021038448438048363,True,0.5,1.2179415225982666,128,0.03001849725842476,0.017754577100276947,0.005589107982814312,0.03233309090137482,0.025423765182495117,,,,,,,,,,,,,0.1908075213432312,0.15450620651245117,,,0.01856291852891445,0.03233309090137482,0.014470839872956276,0.035707987844944,1.0
pilot__lstm__s1__seed11,lstm,LSTM,s1,11,True,0.006108873523771763,ring-selected zero-retuning,0.0005674772546626627,smoothness,correlation_x0p75,ell=0.75x,0.75,,variable_sparsity,0.02134249173104763,True,0.75,1.2373747825622559,128,0.031911641359329224,0.018456239253282547,0.005456804297864437,0.03553873300552368,0.028125524520874023,,,,,,,,,,,,,0.18604812026023865,0.15797853469848633,,,0.019166704267263412,0.03553873300552368,0.015164690092206001,0.03666126728057861,1.0
pilot__lstm__s1__seed11,lstm,LSTM,s1,11,True,0.006108873523771763,ring-selected zero-retuning,0.0004493113374337554,smoothness,correlation_x1p5,ell=1.5x,1.5,,variable_sparsity,0.022475596517324448,True,1.5,1.2451282739639282,128,0.03242558613419533,0.0183763038367033,0.0054227206856012344,0.0364779457449913,0.028566598892211914,,,,,,,,,,,,,0.19552871584892273,0.1596362590789795,,,0.019385363906621933,0.0364779457449913,0.014543624594807625,0.037124134600162506,1.0
pilot__lstm__s1__seed11,lstm,LSTM,s1,11,True,0.006108873523771763,ring-selected zero-retuning,0.0004623846325557679,smoothness,correlation_x2,ell=2x,2.0,,variable_sparsity,0.022519953548908234,True,2.0,1.252528429031372,128,0.0331391841173172,0.018710630014538765,0.00541869830340147,0.03737352415919304,0.02786850742995739,,,,,,,,,,,,,0.18127228319644928,0.14654205739498138,,,0.019648313522338867,0.03737352415919304,0.013798404484987259,0.038335561752319336,1.0
pilot__lstm__s1__seed11,lstm,LSTM,s1,11,True,0.006108873523771763,ring-selected zero-retuning,0.00045247405068948865,smoothness,correlation_x3,ell=3x,3.0,,variable_sparsity,0.022918809205293655,True,3.0,1.257981538772583,128,0.03263593465089798,0.01851275935769081,0.005392157007008791,0.037217289209365845,0.02803635410964489,,,,,,,,,,,,,0.20418837666511536,0.18333792686462402,,,0.019597329199314117,0.037217289209365845,0.014336911961436272,0.03699885308742523,1.0
pilot__lstm__s1__seed11,lstm,LSTM,s1,11,True,0.006108873523771763,ring-selected zero-retuning,0.0004617644881363958,smoothness,correlation_x4,ell=4x,4.0,,variable_sparsity,0.022971035912632942,True,4.0,1.278252363204956,128,0.03317619860172272,0.018779562786221504,0.005342172458767891,0.03740112856030464,0.02801394648849964,,,,,,,,,,,,,0.19665071368217468,0.16083598136901855,,,0.01981131173670292,0.03740112856030464,0.014547284692525864,0.038622088730335236,1.0
pilot__lstm__s1__seed11,lstm,LSTM,s1,11,True,0.006108873523771763,ring-selected zero-retuning,0.0004412422713357955,dwell,dwell_block128,all blank 128,128,,all_blank,0.020963475108146667,True,1.0,0.0,128,0.0355960875749588,,0.0036103068850934505,0.040361516177654266,0.027210472151637077,,,,,,,,,,,,,0.19583654403686523,0.1293022632598877,,,0.020963475108146667,0.040361516177654266,0.014558147639036179,0.043414972722530365,1.0
pilot__lstm__s1__seed11,lstm,LSTM,s1,11,True,0.006108873523771763,ring-selected zero-retuning,0.0003627095138654113,dwell,dwell_block32,blank block 32,32,,variable_sparsity,0.019911648705601692,True,1.0,1.2173771858215332,128,0.03032660111784935,0.01779058761894703,0.004927937872707844,0.03409114107489586,0.027472972869873047,,,,,,,,,,,,,0.1942744255065918,0.1612105369567871,,,0.018713634461164474,0.03409114107489586,0.015532070770859718,0.03714244067668915,1.0
pilot__lstm__s1__seed11,lstm,LSTM,s1,11,True,0.006108873523771763,ring-selected zero-retuning,0.00036842114059254527,dwell,dwell_block64,blank block 64,64,,variable_sparsity,0.01913626864552498,True,1.0,1.1519736051559448,128,0.032251037657260895,0.019163811579346657,0.004321275278925896,0.03592359647154808,0.03000473976135254,,,,,,,,,,,,,0.21416154503822327,0.20393680036067963,,,0.019146639853715897,0.03592359647154808,0.016412556171417236,0.0357355996966362,1.0
pilot__lstm__s1__seed11,lstm,LSTM,s1,11,True,0.006108873523771763,ring-selected zero-retuning,0.0004226488817948848,dwell,dwell_block8,blank block 8,8,,variable_sparsity,0.021032921969890594,True,1.0,1.2458138465881348,128,0.031000422313809395,0.017879433929920197,0.005320277065038681,0.03474465385079384,0.026430368423461914,,,,,,,,,,,,,0.1994863748550415,0.16704201698303223,,,0.018804270774126053,0.03474465385079384,0.014096464961767197,0.037365254014730453,1.0
pilot__lstm__s1__seed11,lstm,LSTM,s1,11,True,0.006108873523771763,ring-selected zero-retuning,0.00040073052514344454,dwell,dwell_block96,blank block 96,96,,variable_sparsity,0.019709719344973564,True,1.0,0.8450865149497986,128,0.0335855707526207,0.020262232050299644,0.003793917829170823,0.036840349435806274,0.02664804458618164,,,,,,,,,,,,,0.19375382363796234,0.16668391227722168,,,0.019813954830169678,0.036840349435806274,0.015493309125304222,0.038358740508556366,1.0
pilot__lstm__s1__seed11,lstm,LSTM,s1,11,True,0.006108873523771763,ring-selected zero-retuning,0.0004648050817195326,id,id_h128,ID T=128,128,,variable_sparsity,0.02182493917644024,True,1.0,1.2498135566711426,128,0.031579095870256424,0.01814478263258934,0.0053630406036973,0.03582649677991867,0.027911661192774773,0.3611433506011963,0.29885387420654297,0.07433857768774033,0.06969833374023438,0.5096647143363953,0.4694206416606903,0.6447261571884155,0.5699775218963623,0.11663517355918884,0.09676098823547363,1.1378426551818848,1.117448091506958,0.20070038735866547,0.16826939582824707,0.28238725662231445,0.22945140302181244,0.01905067265033722,0.03582649677991867,0.015013139694929123,0.03666771203279495,1.0
pilot__lstm__s1__seed11,lstm,LSTM,s1,11,True,0.006108873523771763,ring-selected zero-retuning,0.012145668268203735,length,length_h1024,T=1024,1024,,variable_sparsity,0.14838004112243652,True,1.0,1.4843645095825195,1024,0.17924147844314575,0.09954722225666046,0.005508735775947571,0.19434189796447754,0.17163968086242676,,,,,,,,,,,,,0.3257594704627991,0.315502405166626,,,0.1115112155675888,0.19434189796447754,0.09415802359580994,0.19972124695777893,1.0
pilot__lstm__s1__seed11,lstm,LSTM,s1,11,True,0.006108873523771763,ring-selected zero-retuning,0.02154318057000637,length,length_h1536,T=1536,1536,,variable_sparsity,0.22154183685779572,True,1.0,1.513397216796875,1536,0.2424488365650177,0.12953747808933258,0.005449398420751095,0.27803391218185425,0.2521071434020996,,,,,,,,,,,,,0.4044575095176697,0.36557984352111816,,,0.15211600065231323,0.27803391218185425,0.13180498778820038,0.2801091969013214,1.0
pilot__lstm__s1__seed11,lstm,LSTM,s1,11,True,0.006108873523771763,ring-selected zero-retuning,0.0009462786838412285,length,length_h192,T=192,192,,variable_sparsity,0.03139293193817139,True,1.0,1.3154425621032715,192,0.04369889944791794,0.025235693901777267,0.005206296220421791,0.048342861235141754,0.03907489776611328,,,,,,,,,,,,,0.210042804479599,0.19422221183776855,,,0.026741933077573776,0.048342861235141754,0.020894624292850494,0.049796752631664276,1.0
pilot__lstm__s1__seed11,lstm,LSTM,s1,11,True,0.006108873523771763,ring-selected zero-retuning,0.0340438187122345,length,length_h2048,T=2048,2048,,variable_sparsity,0.2944246530532837,True,1.0,1.5195776224136353,2048,0.31303900480270386,0.1591881662607193,0.005427412688732147,0.34625178575515747,0.3041222095489502,,,,,,,,,,,,,0.4733775854110718,0.45224547386169434,,,0.1923467516899109,0.34625178575515747,0.16880014538764954,0.35310015082359314,1.0
pilot__lstm__s1__seed11,lstm,LSTM,s1,11,True,0.006108873523771763,ring-selected zero-retuning,0.0013905033702030778,length,length_h256,T=256,256,,variable_sparsity,0.040977925062179565,True,1.0,1.345548152923584,256,0.05378314107656479,0.031075814738869667,0.005201702006161213,0.05879075080156326,0.050855398178100586,,,,,,,,,,,,,0.21008162200450897,0.18805384635925293,,,0.033502236008644104,0.05879075080156326,0.026856856420636177,0.06077041104435921,1.0
pilot__lstm__s1__seed11,lstm,LSTM,s1,11,True,0.006108873523771763,ring-selected zero-retuning,0.002602496650069952,length,length_h384,T=384,384,,variable_sparsity,0.05966196954250336,True,1.0,1.399122953414917,384,0.07903817296028137,0.04330970346927643,0.005478315986692905,0.08989782631397247,0.07677006721496582,,,,,,,,,,,,,0.2282986342906952,0.2021331787109375,,,0.047322750091552734,0.08989782631397247,0.039510779082775116,0.08124401420354843,1.0
pilot__lstm__s1__seed11,lstm,LSTM,s1,11,True,0.006108873523771763,ring-selected zero-retuning,0.004355831071734428,length,length_h512,T=512,512,,variable_sparsity,0.0781126469373703,True,1.0,1.435025930404663,512,0.10545949637889862,0.056576166301965714,0.005492497701197863,0.12002173066139221,0.10155796259641647,,,,,,,,,,,,,0.2677541971206665,0.24173855781555176,,,0.06185693293809891,0.12002173066139221,0.05298088490962982,0.1089354082942009,1.0
pilot__lstm__s1__seed11,lstm,LSTM,s1,11,True,0.006108873523771763,ring-selected zero-retuning,0.00829077698290348,length,length_h768,T=768,768,,variable_sparsity,0.11352791637182236,True,1.0,1.4691219329833984,768,0.14880207180976868,0.08094348013401031,0.005491793155670166,0.1625046581029892,0.13754773139953613,,,,,,,,,,,,,0.31452178955078125,0.2977292537689209,,,0.08893446624279022,0.1625046581029892,0.07526089251041412,0.15290923416614532,1.0
pilot__lstm__s1__seed11,lstm,LSTM,s1,11,True,0.006108873523771763,ring-selected zero-retuning,0.00033942353911697865,velocity,velocity_x0p5,0.5x,0.5,,variable_sparsity,0.02131161466240883,True,1.0,1.0554780960083008,128,0.03269801661372185,0.018309270963072777,0.0037881541065871716,0.037459421902894974,0.03401064872741699,,,,,,,,,,,,,0.21873214840888977,0.22957850992679596,,,0.019048310816287994,0.037459421902894974,0.015410436317324638,0.03393081948161125,0.5
pilot__lstm__s1__seed11,lstm,LSTM,s1,11,True,0.006108873523771763,ring-selected zero-retuning,0.0003238553472328931,velocity,velocity_x0p75,0.75x,0.75,,variable_sparsity,0.02132994681596756,True,1.0,1.1730176210403442,128,0.030312107875943184,0.017104197293519974,0.004268940072506666,0.03435403108596802,0.030597686767578125,,,,,,,,,,,,,0.20827730000019073,0.20038771629333496,,,0.018144384026527405,0.03435403108596802,0.016037119552493095,0.033804841339588165,0.75
pilot__lstm__s1__seed11,lstm,LSTM,s1,11,True,0.006108873523771763,ring-selected zero-retuning,0.0012857895344495773,velocity,velocity_x1p25,1.25x,1.25,,variable_sparsity,0.024565819650888443,True,1.0,1.2791684865951538,128,0.04084658622741699,0.02370394952595234,0.0077475616708397865,0.04630447179079056,0.027313707396388054,,,,,,,,,,,,,0.1896381825208664,0.15497636795043945,,,0.023916102945804596,0.04630447179079056,0.015407450497150421,0.04325936734676361,1.25
pilot__lstm__s1__seed11,lstm,LSTM,s1,11,True,0.006108873523771763,ring-selected zero-retuning,0.0033509910572320223,velocity,velocity_x1p5,1.5x,1.5,,variable_sparsity,0.02754448726773262,True,1.0,1.3258905410766602,128,0.054271895438432693,0.0325361005961895,0.011807381175458431,0.0624876394867897,0.03349614143371582,,,,,,,,,,,,,0.19582630693912506,0.14295220375061035,,,0.031307391822338104,0.0624876394867897,0.01722854934632778,0.057841867208480835,1.5
pilot__lstm__s1__seed11,lstm,LSTM,s1,11,True,0.006108873523771763,ring-selected zero-retuning,0.01302402000874281,velocity,velocity_x2,2x,2.0,,variable_sparsity,0.039204519242048264,True,1.0,1.3806934356689453,128,0.10813170671463013,0.06906801462173462,0.027290957048535347,0.12492889910936356,0.041487932205200195,,,,,,,,,,,,,0.25525104999542236,0.17844033241271973,,,0.061716966331005096,0.12492889910936356,0.022976631298661232,0.14192532002925873,2.0
pilot__lstm__s1__seed11,lstm,LSTM,s1,11,True,0.006108873523771763,ring-selected zero-retuning,0.06379179656505585,velocity,velocity_x3,3x,3.0,,variable_sparsity,0.12834642827510834,True,1.0,1.4375741481781006,128,0.29764312505722046,0.2342843860387802,0.09071370959281921,0.3134417235851288,0.08155465126037598,,,,,,,,,,,,,0.41330304741859436,0.23687958717346191,,,0.20820724964141846,0.3134417235851288,0.05074431747198105,0.6009287238121033,3.0
pilot__lstm__s1__seed11,lstm,LSTM,s1,11,True,0.006108873523771763,ring-selected zero-retuning,0.13193750381469727,velocity,velocity_x4,4x,4.0,,variable_sparsity,0.2379044145345688,True,1.0,1.463205099105835,128,0.5276743173599243,0.4368024468421936,0.1686079204082489,0.578076183795929,0.21408818662166595,,,,,,,,,,,,,0.6832009553909302,0.3538932800292969,,,0.3878427743911743,0.578076183795929,0.1387888491153717,1.2831789255142212,4.0
pilot__lstm__s1__seed12,lstm,LSTM,s1,12,True,0.006406877189874649,ring-selected zero-retuning,0.0003656253102235496,smoothness,correlation_x0p5,ell=0.5x,0.5,,variable_sparsity,0.01684400625526905,True,0.5,1.2179415225982666,128,0.02984849363565445,0.01934056170284748,0.005339423194527626,0.03390318155288696,0.028862953186035156,,,,,,,,,,,,,0.16209231317043304,0.12454294413328171,,,0.01872602291405201,0.03390318155288696,0.015491433441638947,0.03457041457295418,1.0
pilot__lstm__s1__seed12,lstm,LSTM,s1,12,True,0.006406877189874649,ring-selected zero-retuning,0.0003979828907176852,smoothness,correlation_x0p75,ell=0.75x,0.75,,variable_sparsity,0.017293395474553108,True,0.75,1.2373747825622559,128,0.03115309402346611,0.019733555614948273,0.005314395297318697,0.03520481660962105,0.029349327087402344,,,,,,,,,,,,,0.16470211744308472,0.11629986017942429,,,0.01913289912045002,0.03520481660962105,0.01556936651468277,0.03616867959499359,1.0
pilot__lstm__s1__seed12,lstm,LSTM,s1,12,True,0.006406877189874649,ring-selected zero-retuning,0.000388659187592566,smoothness,correlation_x1p5,ell=1.5x,1.5,,variable_sparsity,0.01711420714855194,True,1.5,1.2451282739639282,128,0.03129592910408974,0.019877998158335686,0.00534061249345541,0.035694945603609085,0.03070211410522461,,,,,,,,,,,,,0.16738702356815338,0.12667059898376465,,,0.019197678193449974,0.035694945603609085,0.01577330380678177,0.03665417432785034,1.0
pilot__lstm__s1__seed12,lstm,LSTM,s1,12,True,0.006406877189874649,ring-selected zero-retuning,0.0003778416430577636,smoothness,correlation_x2,ell=2x,2.0,,variable_sparsity,0.016466371715068817,True,2.0,1.252528429031372,128,0.03127068653702736,0.019972626119852066,0.005418888293206692,0.03542660176753998,0.029656410217285156,,,,,,,,,,,,,0.17098884284496307,0.12587833404541016,,,0.019109545275568962,0.03542660176753998,0.015709055587649345,0.036151669919490814,1.0
pilot__lstm__s1__seed12,lstm,LSTM,s1,12,True,0.006406877189874649,ring-selected zero-retuning,0.00036203896161168814,smoothness,correlation_x3,ell=3x,3.0,,variable_sparsity,0.01639981009066105,True,3.0,1.257981538772583,128,0.03119204007089138,0.01984494924545288,0.005362085998058319,0.03536508232355118,0.030421018600463867,,,,,,,,,,,,,0.15903058648109436,0.1270744800567627,,,0.018996912986040115,0.03536508232355118,0.016414515674114227,0.03507060185074806,1.0
pilot__lstm__s1__seed12,lstm,LSTM,s1,12,True,0.006406877189874649,ring-selected zero-retuning,0.00034851106465794146,smoothness,correlation_x4,ell=4x,4.0,,variable_sparsity,0.01635485514998436,True,4.0,1.278252363204956,128,0.030818723142147064,0.01968243718147278,0.005329655483365059,0.03535309061408043,0.02996993251144886,,,,,,,,,,,,,0.15316197276115417,0.10826277732849121,,,0.018863337114453316,0.03535309061408043,0.01643119752407074,0.03454379364848137,1.0
pilot__lstm__s1__seed12,lstm,LSTM,s1,12,True,0.006406877189874649,ring-selected zero-retuning,0.0004667325410991907,dwell,dwell_block128,all blank 128,128,,all_blank,0.019671399146318436,True,1.0,0.0,128,0.0331486240029335,,0.004151161294430494,0.03758864477276802,0.023525476455688477,,,,,,,,,,,,,0.17210951447486877,0.1111288070678711,,,0.019671399146318436,0.03758864477276802,0.012275926768779755,0.047209497541189194,1.0
pilot__lstm__s1__seed12,lstm,LSTM,s1,12,True,0.006406877189874649,ring-selected zero-retuning,0.00035703578032553196,dwell,dwell_block32,blank block 32,32,,variable_sparsity,0.017540544271469116,True,1.0,1.2173771858215332,128,0.030444638803601265,0.01946924440562725,0.005081212148070335,0.034171491861343384,0.02901935577392578,,,,,,,,,,,,,0.16906574368476868,0.13436126708984375,,,0.018629910424351692,0.034171491861343384,0.015498785302042961,0.03344983980059624,1.0
pilot__lstm__s1__seed12,lstm,LSTM,s1,12,True,0.006406877189874649,ring-selected zero-retuning,0.00035030179424211383,dwell,dwell_block64,blank block 64,64,,variable_sparsity,0.017273159697651863,True,1.0,1.1519736051559448,128,0.02953479066491127,0.01912229135632515,0.004669731482863426,0.03356748819351196,0.027477266266942024,,,,,,,,,,,,,0.15952208638191223,0.11525630950927734,,,0.017969461157917976,0.03356748819351196,0.01439499482512474,0.039505429565906525,1.0
pilot__lstm__s1__seed12,lstm,LSTM,s1,12,True,0.006406877189874649,ring-selected zero-retuning,0.00040006678318604827,dwell,dwell_block8,blank block 8,8,,variable_sparsity,0.017771821469068527,True,1.0,1.2458138465881348,128,0.03185224533081055,0.020121004432439804,0.005337846931070089,0.03643050044775009,0.030400991439819336,,,,,,,,,,,,,0.16774487495422363,0.1292426586151123,,,0.019432051107287407,0.03643050044775009,0.016729455441236496,0.035615891218185425,1.0
pilot__lstm__s1__seed12,lstm,LSTM,s1,12,True,0.006406877189874649,ring-selected zero-retuning,0.00041688582859933376,dwell,dwell_block96,blank block 96,96,,variable_sparsity,0.018881844356656075,True,1.0,0.8450865149497986,128,0.03265533968806267,0.021603289991617203,0.004257021471858025,0.037611283361911774,0.02865743637084961,,,,,,,,,,,,,0.16601526737213135,0.11863826960325241,,,0.019395269453525543,0.037611283361911774,0.014179101213812828,0.04530666768550873,1.0
pilot__lstm__s1__seed12,lstm,LSTM,s1,12,True,0.006406877189874649,ring-selected zero-retuning,0.0004128098953515291,id,id_h128,ID T=128,128,,variable_sparsity,0.01785917393863201,True,1.0,1.2498135566711426,128,0.032451171427965164,0.020240481942892075,0.005389874801039696,0.036489468067884445,0.03023838810622692,0.28529489040374756,0.21036909520626068,0.0683889240026474,0.05940627679228783,0.37485790252685547,0.2783486843109131,0.43845948576927185,0.3265852928161621,0.10282167792320251,0.08205533027648926,0.6134942770004272,0.5064561367034912,0.16946721076965332,0.1249697208404541,0.2300880402326584,0.16836881637573242,0.01965430937707424,0.036489468067884445,0.016409439966082573,0.03670906275510788,1.0
pilot__lstm__s1__seed12,lstm,LSTM,s1,12,True,0.006406877189874649,ring-selected zero-retuning,0.015099795535206795,length,length_h1024,T=1024,1024,,variable_sparsity,0.12537376582622528,True,1.0,1.4843645095825195,1024,0.24166366457939148,0.14596092700958252,0.005329111125320196,0.27479347586631775,0.26565051078796387,,,,,,,,,,,,,0.40081173181533813,0.37653541564941406,,,0.1409170925617218,0.27479347586631775,0.1358376145362854,0.20694833993911743,1.0
pilot__lstm__s1__seed12,lstm,LSTM,s1,12,True,0.006406877189874649,ring-selected zero-retuning,0.031191851943731308,length,length_h1536,T=1536,1536,,variable_sparsity,0.1858723759651184,True,1.0,1.513397216796875,1536,0.3575924336910248,0.21467171609401703,0.005248168483376503,0.4081083834171295,0.40543434023857117,,,,,,,,,,,,,0.5229219198226929,0.5079195499420166,,,0.20760415494441986,0.4081083834171295,0.20546793937683105,0.28469133377075195,1.0
pilot__lstm__s1__seed12,lstm,LSTM,s1,12,True,0.006406877189874649,ring-selected zero-retuning,0.0007715729298070073,length,length_h192,T=192,192,,variable_sparsity,0.025500476360321045,True,1.0,1.3154425621032715,192,0.04699520394206047,0.028869202360510826,0.005287345498800278,0.05308753624558449,0.04597735404968262,,,,,,,,,,,,,0.17246942222118378,0.13710904121398926,,,0.028045114129781723,0.05308753624558449,0.02392124943435192,0.0523156076669693,1.0
pilot__lstm__s1__seed12,lstm,LSTM,s1,12,True,0.006406877189874649,ring-selected zero-retuning,0.05321070924401283,length,length_h2048,T=2048,2048,,variable_sparsity,0.2453809231519699,True,1.0,1.5195776224136353,2048,0.4753187596797943,0.2840023636817932,0.0052149416878819466,0.5443357229232788,0.5366744995117188,,,,,,,,,,,,,0.6669821739196777,0.655189037322998,,,0.2745327949523926,0.5443357229232788,0.26776814460754395,0.3636801242828369,1.0
pilot__lstm__s1__seed12,lstm,LSTM,s1,12,True,0.006406877189874649,ring-selected zero-retuning,0.0012667567934840918,length,length_h256,T=256,256,,variable_sparsity,0.03331151604652405,True,1.0,1.345548152923584,256,0.06251811981201172,0.03775129094719887,0.005232112016528845,0.07213500142097473,0.06608247756958008,,,,,,,,,,,,,0.20395001769065857,0.17768335342407227,,,0.03666336461901665,0.07213500142097473,0.03222351521253586,0.06700770556926727,1.0
pilot__lstm__s1__seed12,lstm,LSTM,s1,12,True,0.006406877189874649,ring-selected zero-retuning,0.0026770979166030884,length,length_h384,T=384,384,,variable_sparsity,0.048250626772642136,True,1.0,1.399122953414917,384,0.09499011933803558,0.056624531745910645,0.005374934058636427,0.10760851204395294,0.1036229133605957,,,,,,,,,,,,,0.22992151975631714,0.20832659304141998,,,0.05456947535276413,0.10760851204395294,0.05047781020402908,0.0898519977927208,1.0
pilot__lstm__s1__seed12,lstm,LSTM,s1,12,True,0.006406877189874649,ring-selected zero-retuning,0.004457349888980389,length,length_h512,T=512,512,,variable_sparsity,0.06349457055330276,True,1.0,1.435025930404663,512,0.12507517635822296,0.07502257823944092,0.005357853602617979,0.14220935106277466,0.1391139030456543,,,,,,,,,,,,,0.24845615029335022,0.23076653480529785,,,0.07219589501619339,0.14220935106277466,0.06906004250049591,0.11483915895223618,1.0
pilot__lstm__s1__seed12,lstm,LSTM,s1,12,True,0.006406877189874649,ring-selected zero-retuning,0.009152974002063274,length,length_h768,T=768,768,,variable_sparsity,0.0945148840546608,True,1.0,1.4691219329833984,768,0.1863991916179657,0.11150044202804565,0.005307814106345177,0.21021287143230438,0.20411516726016998,,,,,,,,,,,,,0.32896724343299866,0.29130077362060547,,,0.1073349118232727,0.21021287143230438,0.10400938987731934,0.16347277164459229,1.0
pilot__lstm__s1__seed12,lstm,LSTM,s1,12,True,0.006406877189874649,ring-selected zero-retuning,0.0003051148378290236,velocity,velocity_x0p5,0.5x,0.5,,variable_sparsity,0.01760137267410755,True,1.0,1.0554780960083008,128,0.028860855847597122,0.017909949645400047,0.004191188141703606,0.032712310552597046,0.02925419807434082,,,,,,,,,,,,,0.16302886605262756,0.12696313858032227,,,0.01783398911356926,0.032712310552597046,0.01551108993589878,0.032573848962783813,0.5
pilot__lstm__s1__seed12,lstm,LSTM,s1,12,True,0.006406877189874649,ring-selected zero-retuning,0.00031889250385574996,velocity,velocity_x0p75,0.75x,0.75,,variable_sparsity,0.017009029164910316,True,1.0,1.1730176210403442,128,0.029423054307699203,0.018432889133691788,0.004611724056303501,0.03316623717546463,0.030055521056056023,,,,,,,,,,,,,0.17053374648094177,0.12347245216369629,,,0.018082398921251297,0.03316623717546463,0.01507742889225483,0.032720472663640976,0.75
pilot__lstm__s1__seed12,lstm,LSTM,s1,12,True,0.006406877189874649,ring-selected zero-retuning,0.0007433636346831918,velocity,velocity_x1p25,1.25x,1.25,,variable_sparsity,0.019445063546299934,True,1.0,1.2791684865951538,128,0.03637882322072983,0.023605061694979668,0.006886293180286884,0.04012313857674599,0.03246188163757324,,,,,,,,,,,,,0.1539464145898819,0.12117624282836914,,,0.022581057623028755,0.04012313857674599,0.01774579845368862,0.04090648144483566,1.25
pilot__lstm__s1__seed12,lstm,LSTM,s1,12,True,0.006406877189874649,ring-selected zero-retuning,0.0020002825185656548,velocity,velocity_x1p5,1.5x,1.5,,variable_sparsity,0.02246122620999813,True,1.0,1.3258905410766602,128,0.04387454688549042,0.03038502298295498,0.009761865250766277,0.048320069909095764,0.03294205665588379,,,,,,,,,,,,,0.1860063374042511,0.14801812171936035,,,0.028434542939066887,0.048320069909095764,0.01855652779340744,0.047666020691394806,1.5
pilot__lstm__s1__seed12,lstm,LSTM,s1,12,True,0.006406877189874649,ring-selected zero-retuning,0.00907418504357338,velocity,velocity_x2,2x,2.0,,variable_sparsity,0.042675986886024475,True,1.0,1.3806934356689453,128,0.07798387855291367,0.0622832365334034,0.021541288122534752,0.08190897107124329,0.038462162017822266,,,,,,,,,,,,,0.19114160537719727,0.14011406898498535,,,0.05745681747794151,0.08190897107124329,0.02420797385275364,0.10467471182346344,2.0
pilot__lstm__s1__seed12,lstm,LSTM,s1,12,True,0.006406877189874649,ring-selected zero-retuning,0.07245004177093506,velocity,velocity_x3,3x,3.0,,variable_sparsity,0.1534350961446762,True,1.0,1.4375741481781006,128,0.2937336564064026,0.25146931409835815,0.07429756969213486,0.2994540333747864,0.07662057876586914,,,,,,,,,,,,,0.39276474714279175,0.19687771797180176,,,0.22733770310878754,0.2994540333747864,0.04406188428401947,0.670669436454773,3.0
pilot__lstm__s1__seed12,lstm,LSTM,s1,12,True,0.006406877189874649,ring-selected zero-retuning,0.1373027265071869,velocity,velocity_x4,4x,4.0,,variable_sparsity,0.2614622116088867,True,1.0,1.463205099105835,128,0.509153425693512,0.4540582299232483,0.1529734581708908,0.5481605529785156,0.13978052139282227,,,,,,,,,,,,,0.561864972114563,0.27556467056274414,,,0.4066498279571533,0.5481605529785156,0.09863176941871643,1.3822364807128906,4.0
broad__calru__s1__lr0p01_eta1000_i50__seed10,calru,CA-LRU,s1,10,True,0.0027899411506950855,topology-specific validation-selected,0.00010896299500018358,smoothness,correlation_x0p5,ell=0.5x,0.5,,variable_sparsity,0.00803920067846775,True,0.5,1.2179415225982666,128,0.013458129949867725,0.009681220166385174,0.0015878115082159638,0.015062728896737099,0.008929252624511719,,,,,,,,,,,,,0.015296664088964462,0.010606050491333008,,,0.009277029894292355,0.015062728896737099,0.006842657923698425,0.018146727234125137,1.0
broad__calru__s1__lr0p01_eta1000_i50__seed10,calru,CA-LRU,s1,10,True,0.0027899411506950855,topology-specific validation-selected,9.333861817140132e-05,smoothness,correlation_x0p75,ell=0.75x,0.75,,variable_sparsity,0.00819370336830616,True,0.75,1.2373747825622559,128,0.011545470915734768,0.00887882150709629,0.001678638393059373,0.012262005358934402,0.008051395416259766,,,,,,,,,,,,,0.01261922251433134,0.008328676223754883,,,0.008710176683962345,0.012262005358934402,0.006454428657889366,0.017205674201250076,1.0
broad__calru__s1__lr0p01_eta1000_i50__seed10,calru,CA-LRU,s1,10,True,0.0027899411506950855,topology-specific validation-selected,0.00010468241816852242,smoothness,correlation_x1p5,ell=1.5x,1.5,,variable_sparsity,0.008392284624278545,True,1.5,1.2451282739639282,128,0.012407743372023106,0.009129532612860203,0.001778875244781375,0.013076596893370152,0.007233858108520508,,,,,,,,,,,,,0.012041057460010052,0.00706171989440918,,,0.008948056027293205,0.013076596893370152,0.006432328373193741,0.018522508442401886,1.0
broad__calru__s1__lr0p01_eta1000_i50__seed10,calru,CA-LRU,s1,10,True,0.0027899411506950855,topology-specific validation-selected,0.00010325860057491809,smoothness,correlation_x2,ell=2x,2.0,,variable_sparsity,0.0082716578617692,True,2.0,1.252528429031372,128,0.012506263330578804,0.009149962104856968,0.0017609153874218464,0.013324372470378876,0.007522106170654297,,,,,,,,,,,,,0.013043294660747051,0.007702588569372892,,,0.008933763951063156,0.013324372470378876,0.006760086864233017,0.018298737704753876,1.0
broad__calru__s1__lr0p01_eta1000_i50__seed10,calru,CA-LRU,s1,10,True,0.0027899411506950855,topology-specific validation-selected,9.820346895139664e-05,smoothness,correlation_x3,ell=3x,3.0,,variable_sparsity,0.008036830462515354,True,3.0,1.257981538772583,128,0.012427972629666328,0.009151658043265343,0.0017359378980472684,0.013478395529091358,0.008208990097045898,,,,,,,,,,,,,0.012962388806045055,0.007114409934729338,,,0.00887723732739687,0.013478395529091358,0.006788771599531174,0.01762644201517105,1.0
broad__calru__s1__lr0p01_eta1000_i50__seed10,calru,CA-LRU,s1,10,True,0.0027899411506950855,topology-specific validation-selected,9.543952182866633e-05,smoothness,correlation_x4,ell=4x,4.0,,variable_sparsity,0.007966756820678711,True,4.0,1.278252363204956,128,0.012248555198311806,0.009048361331224442,0.0017209575744345784,0.01344996690750122,0.008720874786376953,,,,,,,,,,,,,0.012157512828707695,0.006425619125366211,,,0.008782120421528816,0.01344996690750122,0.00684407539665699,0.017253072932362556,1.0
broad__calru__s1__lr0p01_eta1000_i50__seed10,calru,CA-LRU,s1,10,True,0.0027899411506950855,topology-specific validation-selected,8.737910320633091e-06,dwell,dwell_block128,all blank 128,128,,all_blank,0.0033424405846744776,True,1.0,0.0,128,0.0035769569221884012,,0.0012164092622697353,0.00357771385461092,0.0031280517578125,,,,,,,,,,,,,0.0035777222365140915,0.0031273365020751953,,,0.0033424405846744776,0.00357771385461092,0.003016587346792221,0.005911004729568958,1.0
broad__calru__s1__lr0p01_eta1000_i50__seed10,calru,CA-LRU,s1,10,True,0.0027899411506950855,topology-specific validation-selected,6.778207171009853e-05,dwell,dwell_block32,blank block 32,32,,variable_sparsity,0.007608925458043814,True,1.0,1.2173771858215332,128,0.009632719680666924,0.00746335182338953,0.001567155122756958,0.01124523300677538,0.008138179779052734,,,,,,,,,,,,,0.010986918583512306,0.0074977874755859375,,,0.007526702247560024,0.01124523300677538,0.005612632259726524,0.014081540517508984,1.0
broad__calru__s1__lr0p01_eta1000_i50__seed10,calru,CA-LRU,s1,10,True,0.0027899411506950855,topology-specific validation-selected,5.0432514399290085e-05,dwell,dwell_block64,blank block 64,64,,variable_sparsity,0.006944341119378805,True,1.0,1.1519736051559448,128,0.008586515672504902,0.00665530189871788,0.0013800221495330334,0.009189772419631481,0.006142377853393555,,,,,,,,,,,,,0.00929094385355711,0.005586147308349609,,,0.00683550164103508,0.009189772419631481,0.005199365317821503,0.01300063543021679,1.0
broad__calru__s1__lr0p01_eta1000_i50__seed10,calru,CA-LRU,s1,10,True,0.0027899411506950855,topology-specific validation-selected,8.919717220123857e-05,dwell,dwell_block8,blank block 8,8,,variable_sparsity,0.00848505087196827,True,1.0,1.2458138465881348,128,0.01106575783342123,0.00830336008220911,0.0016777818091213703,0.01224540639668703,0.007544279098510742,,,,,,,,,,,,,0.01216114591807127,0.007214546203613281,,,0.008356645703315735,0.01224540639668703,0.006215566769242287,0.015752464532852173,1.0
broad__calru__s1__lr0p01_eta1000_i50__seed10,calru,CA-LRU,s1,10,True,0.0027899411506950855,topology-specific validation-selected,3.076561915804632e-05,dwell,dwell_block96,blank block 96,96,,variable_sparsity,0.005439678207039833,True,1.0,0.8450865149497986,128,0.006387210451066494,0.005631770472973585,0.0013098260387778282,0.007703118957579136,0.005580425262451172,,,,,,,,,,,,,0.008657533675432205,0.0054247379302978516,,,0.005475917831063271,0.007703118957579136,0.004161406308412552,0.011072717607021332,1.0
broad__calru__s1__lr0p01_eta1000_i50__seed10,calru,CA-LRU,s1,10,True,0.0027899411506950855,topology-specific validation-selected,9.670075814938173e-05,id,id_h128,ID T=128,128,,variable_sparsity,0.008268007077276707,True,1.0,1.2498135566711426,128,0.01146664284169674,0.008709813468158245,0.0016975067555904388,0.012165084481239319,0.007848978042602539,0.01234441064298153,0.007080078125,0.012343039736151695,0.007073163986206055,0.012345186434686184,0.007083892822265625,0.012345956638455391,0.0070874691009521484,0.012343255802989006,0.0070743560791015625,0.01234908401966095,0.0071027278900146484,0.012343629263341427,0.007076263893395662,0.012344020418822765,0.0070781707763671875,0.008601061068475246,0.012165084481239319,0.006234718486666679,0.01699969731271267,1.0
broad__calru__s1__lr0p01_eta1000_i50__seed10,calru,CA-LRU,s1,10,True,0.0027899411506950855,topology-specific validation-selected,0.005454586818814278,length,length_h1024,T=1024,1024,,variable_sparsity,0.035402022302150726,True,1.0,1.4843645095825195,1024,0.11739082634449005,0.07180655002593994,0.009158609434962273,0.14320732653141022,0.10208582878112793,,,,,,,,,,,,,0.14345413446426392,0.10494565963745117,,,0.06288748234510422,0.14320732653141022,0.046038705855607986,0.133310467004776,1.0
broad__calru__s1__lr0p01_eta1000_i50__seed10,calru,CA-LRU,s1,10,True,0.0027899411506950855,topology-specific validation-selected,0.015064617618918419,length,length_h1536,T=1536,1536,,variable_sparsity,0.05483943223953247,True,1.0,1.513397216796875,1536,0.2052251547574997,0.1224832758307457,0.01575442962348461,0.2551346719264984,0.18373394012451172,,,,,,,,,,,,,0.2550297677516937,0.1833178997039795,,,0.10588300228118896,0.2551346719264984,0.08180215209722519,0.2042362540960312,1.0
broad__calru__s1__lr0p01_eta1000_i50__seed10,calru,CA-LRU,s1,10,True,0.0027899411506950855,topology-specific validation-selected,0.00016577290080022067,length,length_h192,T=192,192,,variable_sparsity,0.009641089476644993,True,1.0,1.3154425621032715,192,0.01581103727221489,0.011125633493065834,0.0019624028354883194,0.018747050315141678,0.011865854263305664,,,,,,,,,,,,,0.01822800189256668,0.011487483978271484,,,0.01076247077435255,0.018747050315141678,0.007372637744992971,0.020667947828769684,1.0
broad__calru__s1__lr0p01_eta1000_i50__seed10,calru,CA-LRU,s1,10,True,0.0027899411506950855,topology-specific validation-selected,0.0343574583530426,length,length_h2048,T=2048,2048,,variable_sparsity,0.08101236075162888,True,1.0,1.5195776224136353,2048,0.33156058192253113,0.1887083202600479,0.022993948310613632,0.4173111319541931,0.3321802616119385,,,,,,,,,,,,,0.4175182580947876,0.3235635757446289,,,0.16230237483978271,0.4173111319541931,0.1314551681280136,0.32910022139549255,1.0
broad__calru__s1__lr0p01_eta1000_i50__seed10,calru,CA-LRU,s1,10,True,0.0027899411506950855,topology-specific validation-selected,0.0002826974377967417,length,length_h256,T=256,256,,variable_sparsity,0.011244199238717556,True,1.0,1.345548152923584,256,0.022831186652183533,0.014602594077587128,0.002248351462185383,0.0269114151597023,0.015485525131225586,,,,,,,,,,,,,0.026547886431217194,0.015565632842481136,,,0.013779649510979652,0.0269114151597023,0.009623190388083458,0.028815755620598793,1.0
broad__calru__s1__lr0p01_eta1000_i50__seed10,calru,CA-LRU,s1,10,True,0.0027899411506950855,topology-specific validation-selected,0.0006499740993604064,length,length_h384,T=384,384,,variable_sparsity,0.014635855332016945,True,1.0,1.399122953414917,384,0.03727666661143303,0.02306715026497841,0.003007697407156229,0.041899003088474274,0.025708436965942383,,,,,,,,,,,,,0.04198341444134712,0.026348352432250977,,,0.02099800854921341,0.041899003088474274,0.014300206676125526,0.045168906450271606,1.0
broad__calru__s1__lr0p01_eta1000_i50__seed10,calru,CA-LRU,s1,10,True,0.0027899411506950855,topology-specific validation-selected,0.0011567141627892852,length,length_h512,T=512,512,,variable_sparsity,0.018702827394008636,True,1.0,1.435025930404663,512,0.05120835453271866,0.031749699264764786,0.003921291325241327,0.06018052250146866,0.041289567947387695,,,,,,,,,,,,,0.060772739350795746,0.041272640228271484,,,0.02855059690773487,0.06018052250146866,0.01954985223710537,0.06173364073038101,1.0
broad__calru__s1__lr0p01_eta1000_i50__seed10,calru,CA-LRU,s1,10,True,0.0027899411506950855,topology-specific validation-selected,0.0027579981833696365,length,length_h768,T=768,768,,variable_sparsity,0.026869574561715126,True,1.0,1.4691219329833984,768,0.08168761432170868,0.05051962286233902,0.006284425966441631,0.0935048758983612,0.06329727172851562,,,,,,,,,,,,,0.0940905511379242,0.06438636779785156,,,0.04471970722079277,0.0935048758983612,0.03373483940958977,0.09662013500928879,1.0
broad__calru__s1__lr0p01_eta1000_i50__seed10,calru,CA-LRU,s1,10,True,0.0027899411506950855,topology-specific validation-selected,2.335583121748641e-05,velocity,velocity_x0p5,0.5x,0.5,,variable_sparsity,0.00453106127679348,True,1.0,1.0554780960083008,128,0.005989665165543556,0.005164232105016708,0.0013195370556786656,0.00623882282525301,0.005068302154541016,,,,,,,,,,,,,0.00648923683911562,0.0047070980072021484,,,0.005008374340832233,0.00623882282525301,0.004332847893238068,0.008616155944764614,0.5
broad__calru__s1__lr0p01_eta1000_i50__seed10,calru,CA-LRU,s1,10,True,0.0027899411506950855,topology-specific validation-selected,5.4506923333974555e-05,velocity,velocity_x0p75,0.75x,0.75,,variable_sparsity,0.006506417412310839,True,1.0,1.1730176210403442,128,0.009500809945166111,0.007214448414742947,0.0013920334167778492,0.009937983937561512,0.007044314872473478,,,,,,,,,,,,,0.009874647483229637,0.006137371063232422,,,0.007040162570774555,0.009937983937561512,0.005388665944337845,0.012724453583359718,0.75
broad__calru__s1__lr0p01_eta1000_i50__seed10,calru,CA-LRU,s1,10,True,0.0027899411506950855,topology-specific validation-selected,0.00019127654377371073,velocity,velocity_x1p25,1.25x,1.25,,variable_sparsity,0.011114093475043774,True,1.0,1.2791684865951538,128,0.01555495336651802,0.011039184406399727,0.0025107688270509243,0.016967477276921272,0.008810758590698242,,,,,,,,,,,,,0.01743498630821705,0.008035898208618164,,,0.011057622730731964,0.016967477276921272,0.006807191297411919,0.025024328380823135,1.25
broad__calru__s1__lr0p01_eta1000_i50__seed10,calru,CA-LRU,s1,10,True,0.0027899411506950855,topology-specific validation-selected,0.0019437754526734352,velocity,velocity_x1p5,1.5x,1.5,,variable_sparsity,0.018589409068226814,True,1.0,1.3258905410766602,128,0.03263809159398079,0.01934279501438141,0.004704556427896023,0.032310254871845245,0.010945320129394531,,,,,,,,,,,,,0.03203268349170685,0.010560035705566406,,,0.019157344475388527,0.032310254871845245,0.008214529603719711,0.03181138262152672,1.5
broad__calru__s1__lr0p01_eta1000_i50__seed10,calru,CA-LRU,s1,10,True,0.0027899411506950855,topology-specific validation-selected,0.015044186264276505,velocity,velocity_x2,2x,2.0,,variable_sparsity,0.056232985109090805,True,1.0,1.3806934356689453,128,0.0875256359577179,0.057829514145851135,0.013925924897193909,0.1048809364438057,0.01602649688720703,,,,,,,,,,,,,0.10986905544996262,0.018580913543701172,,,0.057436518371105194,0.1048809364438057,0.011699728667736053,0.0644269734621048,2.0
broad__calru__s1__lr0p01_eta1000_i50__seed10,calru,CA-LRU,s1,10,True,0.0027899411506950855,topology-specific validation-selected,0.09211646020412445,velocity,velocity_x3,3x,3.0,,variable_sparsity,0.21372206509113312,True,1.0,1.4375741481781006,128,0.3388232886791229,0.2448766678571701,0.05346360057592392,0.3814891278743744,0.050986289978027344,,,,,,,,,,,,,0.3810622990131378,0.04796767234802246,,,0.2372078001499176,0.3814891278743744,0.02468409202992916,1.0896916389465332,3.0
broad__calru__s1__lr0p01_eta1000_i50__seed10,calru,CA-LRU,s1,10,True,0.0027899411506950855,topology-specific validation-selected,0.17737174034118652,velocity,velocity_x4,4x,4.0,,variable_sparsity,0.3939528465270996,True,1.0,1.463205099105835,128,0.6140521764755249,0.45746171474456787,0.10492773354053497,0.6644004583358765,0.10766672343015671,,,,,,,,,,,,,0.6686400771141052,0.11863231658935547,,,0.44182872772216797,0.6644004583358765,0.056743837893009186,1.5139057636260986,4.0
refine__calru__s1__lr0p01_eta1000_i50__seed11,calru,CA-LRU,s1,11,True,0.014823663979768753,topology-specific validation-selected,0.0030118555296212435,smoothness,correlation_x0p5,ell=0.5x,0.5,,variable_sparsity,0.037683676928281784,True,0.5,1.2179415225982666,128,0.05761416256427765,0.05199095606803894,0.004906375892460346,0.06084015965461731,0.046347618103027344,,,,,,,,,,,,,0.0622011236846447,0.04794764518737793,,,0.04846914857625961,0.06084015965461731,0.040678687393665314,0.08192446082830429,1.0
refine__calru__s1__lr0p01_eta1000_i50__seed11,calru,CA-LRU,s1,11,True,0.014823663979768753,topology-specific validation-selected,0.0030269590206444263,smoothness,correlation_x0p75,ell=0.75x,0.75,,variable_sparsity,0.038414761424064636,True,0.75,1.2373747825622559,128,0.06170327961444855,0.052788227796554565,0.005372792482376099,0.061407897621393204,0.04931187257170677,,,,,,,,,,,,,0.06210684776306152,0.050826068967580795,,,0.049250129610300064,0.061407897621393204,0.041670236736536026,0.08174233138561249,1.0
refine__calru__s1__lr0p01_eta1000_i50__seed11,calru,CA-LRU,s1,11,True,0.014823663979768753,topology-specific validation-selected,0.0023675954435020685,smoothness,correlation_x1p5,ell=1.5x,1.5,,variable_sparsity,0.04056078940629959,True,1.5,1.2451282739639282,128,0.06238451600074768,0.05148608237504959,0.005236441269516945,0.06674539297819138,0.04856395721435547,,,,,,,,,,,,,0.0705007016658783,0.04964399337768555,,,0.048796769231557846,0.06674539297819138,0.04345709830522537,0.08742191642522812,1.0
refine__calru__s1__lr0p01_eta1000_i50__seed11,calru,CA-LRU,s1,11,True,0.014823663979768753,topology-specific validation-selected,0.0022668237797915936,smoothness,correlation_x2,ell=2x,2.0,,variable_sparsity,0.04082713648676872,True,2.0,1.252528429031372,128,0.06363801658153534,0.05111543834209442,0.005158647894859314,0.06852973997592926,0.052251338958740234,,,,,,,,,,,,,0.06833335757255554,0.05543923005461693,,,0.04858292639255524,0.06852973997592926,0.040192097425460815,0.09008491039276123,1.0
refine__calru__s1__lr0p01_eta1000_i50__seed11,calru,CA-LRU,s1,11,True,0.014823663979768753,topology-specific validation-selected,0.002043285872787237,smoothness,correlation_x3,ell=3x,3.0,,variable_sparsity,0.04089919850230217,True,3.0,1.257981538772583,128,0.06215054914355278,0.0500459298491478,0.005014325957745314,0.06744762510061264,0.052724599838256836,,,,,,,,,,,,,0.06980739533901215,0.05439400672912598,,,0.047794416546821594,0.06744762510061264,0.038882777094841,0.09174444526433945,1.0
refine__calru__s1__lr0p01_eta1000_i50__seed11,calru,CA-LRU,s1,11,True,0.014823663979768753,topology-specific validation-selected,0.0019465802470222116,smoothness,correlation_x4,ell=4x,4.0,,variable_sparsity,0.04077029228210449,True,4.0,1.278252363204956,128,0.061368100345134735,0.04971087723970413,0.004882763139903545,0.06627567112445831,0.05347895622253418,,,,,,,,,,,,,0.06680230796337128,0.05589699372649193,,,0.047510113567113876,0.06627567112445831,0.03991476818919182,0.09250505268573761,1.0
refine__calru__s1__lr0p01_eta1000_i50__seed11,calru,CA-LRU,s1,11,True,0.014823663979768753,topology-specific validation-selected,0.0007111082086339593,dwell,dwell_block128,all blank 128,128,,all_blank,0.03436572849750519,True,1.0,0.0,128,0.03417450189590454,,0.004237380810081959,0.03417437523603439,0.03765749931335449,,,,,,,,,,,,,0.0341743528842926,0.03765749931335449,,,0.03436572849750519,0.03417437523603439,0.03768334537744522,0.049491073936223984,1.0
refine__calru__s1__lr0p01_eta1000_i50__seed11,calru,CA-LRU,s1,11,True,0.014823663979768753,topology-specific validation-selected,0.0016335437539964914,dwell,dwell_block32,blank block 32,32,,variable_sparsity,0.04149315878748894,True,1.0,1.2173771858215332,128,0.04937489703297615,0.04575662687420845,0.004539456218481064,0.053703684359788895,0.044173479080200195,,,,,,,,,,,,,0.056238383054733276,0.04459381103515625,,,0.04390124976634979,0.053703684359788895,0.03862713277339935,0.07654540240764618,1.0
refine__calru__s1__lr0p01_eta1000_i50__seed11,calru,CA-LRU,s1,11,True,0.014823663979768753,topology-specific validation-selected,0.0012099735904484987,dwell,dwell_block64,blank block 64,64,,variable_sparsity,0.041073672473430634,True,1.0,1.1519736051559448,128,0.04420390725135803,0.04227270558476448,0.004502192139625549,0.04665633291006088,0.04324221611022949,,,,,,,,,,,,,0.04745902121067047,0.043584346771240234,,,0.04152517765760422,0.04665633291006088,0.0392138697206974,0.07242429256439209,1.0
refine__calru__s1__lr0p01_eta1000_i50__seed11,calru,CA-LRU,s1,11,True,0.014823663979768753,topology-specific validation-selected,0.0021933794487267733,dwell,dwell_block8,blank block 8,8,,variable_sparsity,0.04060820862650871,True,1.0,1.2458138465881348,128,0.060544561594724655,0.05049069598317146,0.005012407433241606,0.06546938419342041,0.05177426338195801,,,,,,,,,,,,,0.06617863476276398,0.056169748306274414,,,0.047592420130968094,0.06546938419342041,0.03984933719038963,0.08361996710300446,1.0
refine__calru__s1__lr0p01_eta1000_i50__seed11,calru,CA-LRU,s1,11,True,0.014823663979768753,topology-specific validation-selected,0.0009534190176054835,dwell,dwell_block96,blank block 96,96,,variable_sparsity,0.03750050440430641,True,1.0,0.8450865149497986,128,0.03874945640563965,0.03878236562013626,0.0046849483624100685,0.04204084351658821,0.040364742279052734,,,,,,,,,,,,,0.042935073375701904,0.03912639617919922,,,0.037742339074611664,0.04204084351658821,0.03747568279504776,0.06538769602775574,1.0
refine__calru__s1__lr0p01_eta1000_i50__seed11,calru,CA-LRU,s1,11,True,0.014823663979768753,topology-specific validation-selected,0.002654150128364563,id,id_h128,ID T=128,128,,variable_sparsity,0.03989727422595024,True,1.0,1.2498135566711426,128,0.06375690549612045,0.052336204797029495,0.005310169421136379,0.06592370569705963,0.055797576904296875,0.0641903206706047,0.05515027046203613,0.0641903206706047,0.05515027046203613,0.0641903206706047,0.05515027046203613,0.0641903206706047,0.05515027046203613,0.0641903206706047,0.05515027046203613,0.0641903206706047,0.05515027046203613,0.0641903206706047,0.05515027046203613,0.0641903206706047,0.05515027046203613,0.04927430674433708,0.06592370569705963,0.04085005447268486,0.08505700528621674,1.0
refine__calru__s1__lr0p01_eta1000_i50__seed11,calru,CA-LRU,s1,11,True,0.014823663979768753,topology-specific validation-selected,0.030683599412441254,length,length_h1024,T=1024,1024,,variable_sparsity,0.0975331962108612,True,1.0,1.4843645095825195,1024,0.24327759444713593,0.17367404699325562,0.022450510412454605,0.2661153972148895,0.1794755458831787,,,,,,,,,,,,,0.2664754390716553,0.17740988731384277,,,0.155019611120224,0.2661153972148895,0.109126977622509,0.2869388163089752,1.0
refine__calru__s1__lr0p01_eta1000_i50__seed11,calru,CA-LRU,s1,11,True,0.014823663979768753,topology-specific validation-selected,0.05231455713510513,length,length_h1536,T=1536,1536,,variable_sparsity,0.12733639776706696,True,1.0,1.513397216796875,1536,0.341566801071167,0.24009326100349426,0.027218535542488098,0.39229685068130493,0.252274751663208,,,,,,,,,,,,,0.39082586765289307,0.2501637935638428,,,0.2124219387769699,0.39229685068130493,0.1492471992969513,0.41266414523124695,1.0
refine__calru__s1__lr0p01_eta1000_i50__seed11,calru,CA-LRU,s1,11,True,0.014823663979768753,topology-specific validation-selected,0.003821818856522441,length,length_h192,T=192,192,,variable_sparsity,0.04453883692622185,True,1.0,1.3154425621032715,192,0.07261765003204346,0.06069428101181984,0.006250610109418631,0.07883093506097794,0.06321835517883301,,,,,,,,,,,,,0.08188703656196594,0.06550455093383789,,,0.056742191314697266,0.07883093506097794,0.046494729816913605,0.09228159487247467,1.0
refine__calru__s1__lr0p01_eta1000_i50__seed11,calru,CA-LRU,s1,11,True,0.014823663979768753,topology-specific validation-selected,0.07688930630683899,length,length_h2048,T=2048,2048,,variable_sparsity,0.15785649418830872,True,1.0,1.5195776224136353,2048,0.4368927776813507,0.3044935166835785,0.03120959736406803,0.48304325342178345,0.353043794631958,,,,,,,,,,,,,0.48292791843414307,0.3451368808746338,,,0.2685396075248718,0.48304325342178345,0.19781900942325592,0.5669947862625122,1.0
refine__calru__s1__lr0p01_eta1000_i50__seed11,calru,CA-LRU,s1,11,True,0.014823663979768753,topology-specific validation-selected,0.0048982808366417885,length,length_h256,T=256,256,,variable_sparsity,0.04977233335375786,True,1.0,1.345548152923584,256,0.08529572188854218,0.06845974922180176,0.007114182226359844,0.09157232940196991,0.06795144081115723,,,,,,,,,,,,,0.08871151506900787,0.06986737251281738,,,0.06388057768344879,0.09157232940196991,0.05020866170525551,0.10353701561689377,1.0
refine__calru__s1__lr0p01_eta1000_i50__seed11,calru,CA-LRU,s1,11,True,0.014823663979768753,topology-specific validation-selected,0.00812463741749525,length,length_h384,T=384,384,,variable_sparsity,0.05912600830197334,True,1.0,1.399122953414917,384,0.11556737869977951,0.08603042364120483,0.010390331968665123,0.1340782642364502,0.07786750793457031,,,,,,,,,,,,,0.13212862610816956,0.08127975463867188,,,0.07942774891853333,0.1340782642364502,0.055045198649168015,0.12303146719932556,1.0
refine__calru__s1__lr0p01_eta1000_i50__seed11,calru,CA-LRU,s1,11,True,0.014823663979768753,topology-specific validation-selected,0.011836329475045204,length,length_h512,T=512,512,,variable_sparsity,0.06747565418481827,True,1.0,1.435025930404663,512,0.13665974140167236,0.10226649045944214,0.013721376657485962,0.1486538201570511,0.09775996208190918,,,,,,,,,,,,,0.1491749882698059,0.09883736819028854,,,0.09373574703931808,0.1486538201570511,0.06623797863721848,0.15419241786003113,1.0
refine__calru__s1__lr0p01_eta1000_i50__seed11,calru,CA-LRU,s1,11,True,0.014823663979768753,topology-specific validation-selected,0.021400567144155502,length,length_h768,T=768,768,,variable_sparsity,0.08275870978832245,True,1.0,1.4691219329833984,768,0.19812655448913574,0.13952051103115082,0.018777314573526382,0.2222931832075119,0.1398792266845703,,,,,,,,,,,,,0.22438809275627136,0.14488863945007324,,,0.12560030817985535,0.2222931832075119,0.08746148645877838,0.22110627591609955,1.0
refine__calru__s1__lr0p01_eta1000_i50__seed11,calru,CA-LRU,s1,11,True,0.014823663979768753,topology-specific validation-selected,0.001125967362895608,velocity,velocity_x0p5,0.5x,0.5,,variable_sparsity,0.034012626856565475,True,1.0,1.0554780960083008,128,0.044296327978372574,0.0410594642162323,0.004434733651578426,0.046102724969387054,0.040727853775024414,,,,,,,,,,,,,0.04619617015123367,0.041673898696899414,,,0.03932484984397888,0.046102724969387054,0.037720710039138794,0.06937438249588013,0.5
refine__calru__s1__lr0p01_eta1000_i50__seed11,calru,CA-LRU,s1,11,True,0.014823663979768753,topology-specific validation-selected,0.0014019925147294998,velocity,velocity_x0p75,0.75x,0.75,,variable_sparsity,0.03571506589651108,True,1.0,1.1730176210403442,128,0.05144660919904709,0.04521741718053818,0.004448648542165756,0.05607946217060089,0.04752802848815918,,,,,,,,,,,,,0.0567617304623127,0.048578739166259766,,,0.04287836700677872,0.05607946217060089,0.038645461201667786,0.07783007621765137,0.75
refine__calru__s1__lr0p01_eta1000_i50__seed11,calru,CA-LRU,s1,11,True,0.014823663979768753,topology-specific validation-selected,0.005603811703622341,velocity,velocity_x1p25,1.25x,1.25,,variable_sparsity,0.04644239693880081,True,1.0,1.2791684865951538,128,0.08336855471134186,0.06614531576633453,0.0075740208849310875,0.0899556577205658,0.05781650170683861,,,,,,,,,,,,,0.09181658923625946,0.06007981300354004,,,0.06129534915089607,0.0899556577205658,0.04330255091190338,0.09700462222099304,1.25
refine__calru__s1__lr0p01_eta1000_i50__seed11,calru,CA-LRU,s1,11,True,0.014823663979768753,topology-specific validation-selected,0.011679336428642273,velocity,velocity_x1p5,1.5x,1.5,,variable_sparsity,0.06069581210613251,True,1.0,1.3258905410766602,128,0.11799697577953339,0.08974453806877136,0.01132748369127512,0.1366683393716812,0.06924796104431152,,,,,,,,,,,,,0.13005538284778595,0.0710303783416748,,,0.08259405195713043,0.1366683393716812,0.05192720144987106,0.10813448578119278,1.5
refine__calru__s1__lr0p01_eta1000_i50__seed11,calru,CA-LRU,s1,11,True,0.014823663979768753,topology-specific validation-selected,0.040656913071870804,velocity,velocity_x2,2x,2.0,,variable_sparsity,0.124005526304245,True,1.0,1.3806934356689453,128,0.22790014743804932,0.16611017286777496,0.02228645607829094,0.24805450439453125,0.08490109443664551,,,,,,,,,,,,,0.2522317171096802,0.08550763130187988,,,0.15574589371681213,0.24805450439453125,0.06322173774242401,0.33401811122894287,2.0
refine__calru__s1__lr0p01_eta1000_i50__seed11,calru,CA-LRU,s1,11,True,0.014823663979768753,topology-specific validation-selected,0.15083041787147522,velocity,velocity_x3,3x,3.0,,variable_sparsity,0.312978059053421,True,1.0,1.4375741481781006,128,0.5223844647407532,0.3844977915287018,0.04664862900972366,0.5722323656082153,0.1557631492614746,,,,,,,,,,,,,0.5831446051597595,0.16381405293941498,,,0.36689287424087524,0.5722323656082153,0.11782786250114441,1.164222240447998,3.0
refine__calru__s1__lr0p01_eta1000_i50__seed11,calru,CA-LRU,s1,11,True,0.014823663979768753,topology-specific validation-selected,0.27742499113082886,velocity,velocity_x4,4x,4.0,,variable_sparsity,0.5315619111061096,True,1.0,1.463205099105835,128,0.7965929508209229,0.5959361791610718,0.060095567256212234,0.8541406393051147,0.4748241901397705,,,,,,,,,,,,,0.8347064852714539,0.4576115608215332,,,0.5800901651382446,0.8541406393051147,0.28498777747154236,1.5701732635498047,4.0
refine__calru__s1__lr0p01_eta1000_i50__seed12,calru,CA-LRU,s1,12,True,0.018189657479524612,topology-specific validation-selected,0.0019274429650977254,smoothness,correlation_x0p5,ell=0.5x,0.5,,variable_sparsity,0.03382467105984688,True,0.5,1.2179415225982666,128,0.06333853304386139,0.05253056436777115,0.006289791315793991,0.0671648383140564,0.0546572208404541,,,,,,,,,,,,,0.06744039058685303,0.055605173110961914,,,0.04792601615190506,0.0671648383140564,0.03821339085698128,0.09007246792316437,1.0
refine__calru__s1__lr0p01_eta1000_i50__seed12,calru,CA-LRU,s1,12,True,0.018189657479524612,topology-specific validation-selected,0.002201245166361332,smoothness,correlation_x0p75,ell=0.75x,0.75,,variable_sparsity,0.035771846771240234,True,0.75,1.2373747825622559,128,0.06882114708423615,0.05548136681318283,0.00633102934807539,0.07419838011264801,0.053176168352365494,,,,,,,,,,,,,0.07332491874694824,0.05424023047089577,,,0.05062977224588394,0.07419838011264801,0.03911684453487396,0.09309358149766922,1.0
refine__calru__s1__lr0p01_eta1000_i50__seed12,calru,CA-LRU,s1,12,True,0.018189657479524612,topology-specific validation-selected,0.0027852868661284447,smoothness,correlation_x1p5,ell=1.5x,1.5,,variable_sparsity,0.0382988378405571,True,1.5,1.2451282739639282,128,0.08233299851417542,0.0623796284198761,0.0064242323860526085,0.08953458070755005,0.07102847099304199,,,,,,,,,,,,,0.08874078840017319,0.0707545280456543,,,0.05645202100276947,0.08953458070755005,0.04597816616296768,0.10462092608213425,1.0
refine__calru__s1__lr0p01_eta1000_i50__seed12,calru,CA-LRU,s1,12,True,0.018189657479524612,topology-specific validation-selected,0.002925023902207613,smoothness,correlation_x2,ell=2x,2.0,,variable_sparsity,0.03875972703099251,True,2.0,1.252528429031372,128,0.08578178286552429,0.06398418545722961,0.006461034528911114,0.09387482702732086,0.07518982887268066,,,,,,,,,,,,,0.09322401881217957,0.0737905502319336,,,0.057775065302848816,0.09387482702732086,0.047137849032878876,0.10820168256759644,1.0
refine__calru__s1__lr0p01_eta1000_i50__seed12,calru,CA-LRU,s1,12,True,0.018189657479524612,topology-specific validation-selected,0.0029937876388430595,smoothness,correlation_x3,ell=3x,3.0,,variable_sparsity,0.03909829258918762,True,3.0,1.257981538772583,128,0.08756573498249054,0.06493290513753891,0.006504903547465801,0.09629238396883011,0.0800020694732666,,,,,,,,,,,,,0.09487982094287872,0.0801393985748291,,,0.05857359245419502,0.09629238396883011,0.04947853833436966,0.10844583809375763,1.0
refine__calru__s1__lr0p01_eta1000_i50__seed12,calru,CA-LRU,s1,12,True,0.018189657479524612,topology-specific validation-selected,0.0030193221755325794,smoothness,correlation_x4,ell=4x,4.0,,variable_sparsity,0.03916669264435768,True,4.0,1.278252363204956,128,0.08860738575458527,0.06554734706878662,0.006418557837605476,0.09787812829017639,0.08240628242492676,,,,,,,,,,,,,0.09627743065357208,0.07933901995420456,,,0.059053629636764526,0.09787812829017639,0.05133096128702164,0.10780860483646393,1.0
refine__calru__s1__lr0p01_eta1000_i50__seed12,calru,CA-LRU,s1,12,True,0.018189657479524612,topology-specific validation-selected,0.00036806086427532136,dwell,dwell_block128,all blank 128,128,,all_blank,0.02607889659702778,True,1.0,0.0,128,0.025430522859096527,,0.0025836285203695297,0.02543022856116295,0.02577042579650879,,,,,,,,,,,,,0.02543013170361519,0.02577042579650879,,,0.02607889659702778,0.02543022856116295,0.025968072935938835,0.03413265198469162,1.0
refine__calru__s1__lr0p01_eta1000_i50__seed12,calru,CA-LRU,s1,12,True,0.018189657479524612,topology-specific validation-selected,0.0014663728652521968,dwell,dwell_block32,blank block 32,32,,variable_sparsity,0.03916601091623306,True,1.0,1.2173771858215332,128,0.05384039133787155,0.04638199508190155,0.005436533130705357,0.05893582105636597,0.04593777656555176,,,,,,,,,,,,,0.057707495987415314,0.04508090019226074,,,0.04324173927307129,0.05893582105636597,0.03698699176311493,0.07779083400964737,1.0
refine__calru__s1__lr0p01_eta1000_i50__seed12,calru,CA-LRU,s1,12,True,0.018189657479524612,topology-specific validation-selected,0.0009274358744733036,dwell,dwell_block64,blank block 64,64,,variable_sparsity,0.03454551845788956,True,1.0,1.1519736051559448,128,0.03860259801149368,0.036927465349435806,0.00451652379706502,0.04244296997785568,0.03406023979187012,,,,,,,,,,,,,0.042815737426280975,0.03444409370422363,,,0.035442452877759933,0.04244296997785568,0.030932936817407608,0.06903839111328125,1.0
refine__calru__s1__lr0p01_eta1000_i50__seed12,calru,CA-LRU,s1,12,True,0.018189657479524612,topology-specific validation-selected,0.002171793021261692,dwell,dwell_block8,blank block 8,8,,variable_sparsity,0.039471689611673355,True,1.0,1.2458138465881348,128,0.06914271414279938,0.055297523736953735,0.006117622833698988,0.07505723088979721,0.06075858697295189,,,,,,,,,,,,,0.07426363229751587,0.059726715087890625,,,0.05065621808171272,0.07505723088979721,0.03980184346437454,0.0945858284831047,1.0
refine__calru__s1__lr0p01_eta1000_i50__seed12,calru,CA-LRU,s1,12,True,0.018189657479524612,topology-specific validation-selected,0.0005657975561916828,dwell,dwell_block96,blank block 96,96,,variable_sparsity,0.028483744710683823,True,1.0,0.8450865149497986,128,0.028818530961871147,0.030282100662589073,0.0033737642224878073,0.03148156777024269,0.026666879653930664,,,,,,,,,,,,,0.030461851507425308,0.02680659294128418,,,0.028823023661971092,0.03148156777024269,0.027199406176805496,0.05001778155565262,1.0
refine__calru__s1__lr0p01_eta1000_i50__seed12,calru,CA-LRU,s1,12,True,0.018189657479524612,topology-specific validation-selected,0.0024503672029823065,id,id_h128,ID T=128,128,,variable_sparsity,0.03692878782749176,True,1.0,1.2498135566711426,128,0.07403827458620071,0.058370016515254974,0.006323166657239199,0.08009782433509827,0.06357264518737793,0.07909870147705078,0.06214570999145508,0.07909871637821198,0.06214570999145508,0.07909870147705078,0.06214570999145508,0.07909870147705078,0.06214570999145508,0.07909870147705078,0.06214570999145508,0.07909870147705078,0.06214570999145508,0.07909870147705078,0.06214570999145508,0.07909870147705078,0.06214570999145508,0.05309215933084488,0.08009782433509827,0.04057539999485016,0.0979820042848587,1.0
refine__calru__s1__lr0p01_eta1000_i50__seed12,calru,CA-LRU,s1,12,True,0.018189657479524612,topology-specific validation-selected,0.025580469518899918,length,length_h1024,T=1024,1024,,variable_sparsity,0.09141798317432404,True,1.0,1.4843645095825195,1024,0.23924028873443604,0.17559559643268585,0.03256703168153763,0.29593682289123535,0.1851656436920166,,,,,,,,,,,,,0.30048462748527527,0.18791699409484863,,,0.15497218072414398,0.29593682289123535,0.13830646872520447,0.27039849758148193,1.0
refine__calru__s1__lr0p01_eta1000_i50__seed12,calru,CA-LRU,s1,12,True,0.018189657479524612,topology-specific validation-selected,0.06642042845487595,length,length_h1536,T=1536,1536,,variable_sparsity,0.13293498754501343,True,1.0,1.513397216796875,1536,0.4373568892478943,0.2747271656990051,0.04876076802611351,0.5359736680984497,0.2921164035797119,,,,,,,,,,,,,0.5326035618782043,0.28683996200561523,,,0.23993037641048431,0.5359736680984497,0.16936932504177094,0.5389865040779114,1.0
refine__calru__s1__lr0p01_eta1000_i50__seed12,calru,CA-LRU,s1,12,True,0.018189657479524612,topology-specific validation-selected,0.0038483263924717903,length,length_h192,T=192,192,,variable_sparsity,0.04244223237037659,True,1.0,1.3154425621032715,192,0.09194778650999069,0.07271388173103333,0.00820432510226965,0.09761044383049011,0.07606911659240723,,,,,,,,,,,,,0.09637343138456345,0.0789041519165039,,,0.06530856341123581,0.09761044383049011,0.049975067377090454,0.1198786050081253,1.0
refine__calru__s1__lr0p01_eta1000_i50__seed12,calru,CA-LRU,s1,12,True,0.018189657479524612,topology-specific validation-selected,0.11844649910926819,length,length_h2048,T=2048,2048,,variable_sparsity,0.17347583174705505,True,1.0,1.5195776224136353,2048,0.6500303745269775,0.39734598994255066,0.06592923402786255,0.7832270860671997,0.464092493057251,,,,,,,,,,,,,0.7830248475074768,0.4655907154083252,,,0.34245535731315613,0.7832270860671997,0.23127883672714233,0.7756925821304321,1.0
refine__calru__s1__lr0p01_eta1000_i50__seed12,calru,CA-LRU,s1,12,True,0.018189657479524612,topology-specific validation-selected,0.005230231210589409,length,length_h256,T=256,256,,variable_sparsity,0.04704800248146057,True,1.0,1.345548152923584,256,0.10687433183193207,0.08499973267316818,0.010171931236982346,0.11635669320821762,0.09786629676818848,,,,,,,,,,,,,0.11491262912750244,0.09746527671813965,,,0.07569999992847443,0.11635669320821762,0.059966079890728,0.14893928170204163,1.0
refine__calru__s1__lr0p01_eta1000_i50__seed12,calru,CA-LRU,s1,12,True,0.018189657479524612,topology-specific validation-selected,0.008199376985430717,length,length_h384,T=384,384,,variable_sparsity,0.05654595419764519,True,1.0,1.399122953414917,384,0.13641409575939178,0.10700619965791702,0.014380651526153088,0.14542829990386963,0.12453365325927734,,,,,,,,,,,,,0.14352533221244812,0.11737418174743652,,,0.0946226418018341,0.14542829990386963,0.08033395558595657,0.17526233196258545,1.0
refine__calru__s1__lr0p01_eta1000_i50__seed12,calru,CA-LRU,s1,12,True,0.018189657479524612,topology-specific validation-selected,0.010623663663864136,length,length_h512,T=512,512,,variable_sparsity,0.06396424770355225,True,1.0,1.435025930404663,512,0.14769238233566284,0.12215965241193771,0.018219852820038795,0.15188176929950714,0.1290290355682373,,,,,,,,,,,,,0.15289948880672455,0.13505887985229492,,,0.1078900694847107,0.15188176929950714,0.09015023708343506,0.20320995151996613,1.0
refine__calru__s1__lr0p01_eta1000_i50__seed12,calru,CA-LRU,s1,12,True,0.018189657479524612,topology-specific validation-selected,0.015250319615006447,length,length_h768,T=768,768,,variable_sparsity,0.07576820999383926,True,1.0,1.4691219329833984,768,0.16900202631950378,0.14349111914634705,0.025406181812286377,0.19156089425086975,0.14337468147277832,,,,,,,,,,,,,0.19214175641536713,0.14415407180786133,,,0.12688280642032623,0.19156089425086975,0.11419950425624847,0.23306989669799805,1.0
refine__calru__s1__lr0p01_eta1000_i50__seed12,calru,CA-LRU,s1,12,True,0.018189657479524612,topology-specific validation-selected,0.0011408475693315268,velocity,velocity_x0p5,0.5x,0.5,,variable_sparsity,0.030103422701358795,True,1.0,1.0554780960083008,128,0.04825945571064949,0.0408204086124897,0.0036848122254014015,0.051105204969644547,0.03546547889709473,,,,,,,,,,,,,0.05111069977283478,0.037372589111328125,,,0.038182370364665985,0.051105204969644547,0.033003129065036774,0.07254667580127716,0.5
refine__calru__s1__lr0p01_eta1000_i50__seed12,calru,CA-LRU,s1,12,True,0.018189657479524612,topology-specific validation-selected,0.0017246091738343239,velocity,velocity_x0p75,0.75x,0.75,,variable_sparsity,0.033934980630874634,True,1.0,1.1730176210403442,128,0.06117347627878189,0.04975704848766327,0.00475480780005455,0.06605853140354156,0.05020904541015625,,,,,,,,,,,,,0.06543511897325516,0.04960894584655762,,,0.04586237668991089,0.06605853140354156,0.03630790114402771,0.08653460443019867,0.75
refine__calru__s1__lr0p01_eta1000_i50__seed12,calru,CA-LRU,s1,12,True,0.018189657479524612,topology-specific validation-selected,0.0034331544302403927,velocity,velocity_x1p25,1.25x,1.25,,variable_sparsity,0.04092628136277199,True,1.0,1.2791684865951538,128,0.08761072158813477,0.06715865433216095,0.009028931148350239,0.09565871953964233,0.07657241821289062,,,,,,,,,,,,,0.09297262132167816,0.07373785972595215,,,0.06070142984390259,0.09565871953964233,0.04941457509994507,0.11036260426044464,1.25
refine__calru__s1__lr0p01_eta1000_i50__seed12,calru,CA-LRU,s1,12,True,0.018189657479524612,topology-specific validation-selected,0.005557208321988583,velocity,velocity_x1p5,1.5x,1.5,,variable_sparsity,0.04558878391981125,True,1.0,1.3258905410766602,128,0.10515551269054413,0.07683451473712921,0.014018653891980648,0.11552376300096512,0.08214259147644043,,,,,,,,,,,,,0.1182464063167572,0.08084297180175781,,,0.06914322823286057,0.11552376300096512,0.05552605539560318,0.12396552413702011,1.5
refine__calru__s1__lr0p01_eta1000_i50__seed12,calru,CA-LRU,s1,12,True,0.018189657479524612,topology-specific validation-selected,0.019714325666427612,velocity,velocity_x2,2x,2.0,,variable_sparsity,0.08609989285469055,True,1.0,1.3806934356689453,128,0.16412465274333954,0.11792571097612381,0.030632618814706802,0.18993481993675232,0.10379791259765625,,,,,,,,,,,,,0.1974990963935852,0.10321664810180664,,,0.11009162664413452,0.18993481993675232,0.06593160331249237,0.16710130870342255,2.0
refine__calru__s1__lr0p01_eta1000_i50__seed12,calru,CA-LRU,s1,12,True,0.018189657479524612,topology-specific validation-selected,0.08819223195314407,velocity,velocity_x3,3x,3.0,,variable_sparsity,0.227761909365654,True,1.0,1.4375741481781006,128,0.387946754693985,0.29432588815689087,0.08831856399774551,0.47431090474128723,0.16149187088012695,,,,,,,,,,,,,0.4881031811237335,0.17763924598693848,,,0.27794086933135986,0.47431090474128723,0.09627184271812439,0.9971015453338623,3.0
refine__calru__s1__lr0p01_eta1000_i50__seed12,calru,CA-LRU,s1,12,True,0.018189657479524612,topology-specific validation-selected,0.16723255813121796,velocity,velocity_x4,4x,4.0,,variable_sparsity,0.3940289318561554,True,1.0,1.463205099105835,128,0.6260102987289429,0.4895295202732086,0.15296149253845215,0.6768977642059326,0.21404312551021576,,,,,,,,,,,,,0.6751010417938232,0.20075583457946777,,,0.4660215973854065,0.6768977642059326,0.14358162879943848,1.4570345878601074,4.0
pilot__rnn__t2__seed10,rnn,RNN,t2,10,False,0.08156989514827728,ring-selected zero-retuning,0.06155499070882797,smoothness,correlation_x0p5,ell=0.5x,0.5,,variable_sparsity,0.21466006338596344,True,0.5,1.3333122730255127,128,0.37952712178230286,0.29133349657058716,0.12557291984558105,0.42816466093063354,0.29474106431007385,,,,,,,,,,,,,1.0841565132141113,1.0131782293319702,,,0.2724599838256836,0.42816466093063354,0.2224915325641632,0.4620300531387329,1.0
pilot__rnn__t2__seed10,rnn,RNN,t2,10,False,0.08156989514827728,ring-selected zero-retuning,0.057206250727176666,smoothness,correlation_x0p75,ell=0.75x,0.75,,variable_sparsity,0.2170390486717224,True,0.75,1.361224889755249,128,0.3592161238193512,0.274101197719574,0.1174391508102417,0.4136132299900055,0.2959599196910858,,,,,,,,,,,,,1.0867197513580322,1.0065118074417114,,,0.2600550651550293,0.4136132299900055,0.20258553326129913,0.44918709993362427,1.0
pilot__rnn__t2__seed10,rnn,RNN,t2,10,False,0.08156989514827728,ring-selected zero-retuning,0.051502835005521774,smoothness,correlation_x1p5,ell=1.5x,1.5,,variable_sparsity,0.21639195084571838,True,1.5,1.377539873123169,128,0.3334125876426697,0.25935256481170654,0.11646981537342072,0.3756544589996338,0.29199665784835815,,,,,,,,,,,,,1.0359363555908203,0.9250991344451904,,,0.2487775981426239,0.3756544589996338,0.19688917696475983,0.3994961380958557,1.0
pilot__rnn__t2__seed10,rnn,RNN,t2,10,False,0.08156989514827728,ring-selected zero-retuning,0.051833245903253555,smoothness,correlation_x2,ell=2x,2.0,,variable_sparsity,0.2147645205259323,True,2.0,1.384145736694336,128,0.341228723526001,0.2608288526535034,0.1172603964805603,0.3928939700126648,0.30336713790893555,,,,,,,,,,,,,1.0317026376724243,0.961288332939148,,,0.2494899034500122,0.3928939700126648,0.1984797716140747,0.4030749499797821,1.0
pilot__rnn__t2__seed10,rnn,RNN,t2,10,False,0.08156989514827728,ring-selected zero-retuning,0.05206151306629181,smoothness,correlation_x3,ell=3x,3.0,,variable_sparsity,0.20930933952331543,True,3.0,1.3864840269088745,128,0.326876163482666,0.2567463219165802,0.11802829056978226,0.35868582129478455,0.30837807059288025,,,,,,,,,,,,,1.0748456716537476,0.9832277894020081,,,0.2450694739818573,0.35868582129478455,0.20197412371635437,0.40041375160217285,1.0
pilot__rnn__t2__seed10,rnn,RNN,t2,10,False,0.08156989514827728,ring-selected zero-retuning,0.05147776007652283,smoothness,correlation_x4,ell=4x,4.0,,variable_sparsity,0.2090732902288437,True,4.0,1.3974353075027466,128,0.3293936252593994,0.2566342055797577,0.11756737530231476,0.3790329694747925,0.30148544907569885,,,,,,,,,,,,,1.1444330215454102,1.0481895208358765,,,0.24492685496807098,0.3790329694747925,0.19978585839271545,0.4094655513763428,1.0
pilot__rnn__t2__seed10,rnn,RNN,t2,10,False,0.08156989514827728,ring-selected zero-retuning,0.024333804845809937,dwell,dwell_block128,all blank 128,128,,all_blank,0.16924017667770386,True,1.0,0.0,128,0.23130807280540466,,0.07164808362722397,0.2589634358882904,0.1979910135269165,,,,,,,,,,,,,0.8931901454925537,0.7162009477615356,,,0.16924017667770386,0.2589634358882904,0.1471998393535614,0.29393789172172546,1.0
pilot__rnn__t2__seed10,rnn,RNN,t2,10,False,0.08156989514827728,ring-selected zero-retuning,0.06939604878425598,dwell,dwell_block32,blank block 32,32,,variable_sparsity,0.25949743390083313,True,1.0,1.3455064296722412,128,0.4106544852256775,0.31402847170829773,0.11480909585952759,0.43235689401626587,0.3256567418575287,,,,,,,,,,,,,1.0889620780944824,1.0298548936843872,,,0.29029762744903564,0.43235689401626587,0.22112570703029633,0.5358655452728271,1.0
pilot__rnn__t2__seed10,rnn,RNN,t2,10,False,0.08156989514827728,ring-selected zero-retuning,0.06762762367725372,dwell,dwell_block64,blank block 64,64,,variable_sparsity,0.26642119884490967,True,1.0,1.2712488174438477,128,0.39049988985061646,0.3046058714389801,0.10467453300952911,0.4113537073135376,0.3261509835720062,,,,,,,,,,,,,1.0742909908294678,0.9974047541618347,,,0.28079986572265625,0.4113537073135376,0.20304962992668152,0.5230400562286377,1.0
pilot__rnn__t2__seed10,rnn,RNN,t2,10,False,0.08156989514827728,ring-selected zero-retuning,0.059370581060647964,dwell,dwell_block8,blank block 8,8,,variable_sparsity,0.22719398140907288,True,1.0,1.3617379665374756,128,0.35931962728500366,0.28501343727111816,0.11935889720916748,0.38713836669921875,0.30279049277305603,,,,,,,,,,,,,1.108521819114685,1.0270735025405884,,,0.2680565118789673,0.38713836669921875,0.2034311145544052,0.4725551903247833,1.0
pilot__rnn__t2__seed10,rnn,RNN,t2,10,False,0.08156989514827728,ring-selected zero-retuning,0.04918137937784195,dwell,dwell_block96,blank block 96,96,,variable_sparsity,0.23209422826766968,True,1.0,0.9547207355499268,128,0.33111268281936646,0.2811501920223236,0.08794167637825012,0.38816335797309875,0.32012251019477844,,,,,,,,,,,,,0.9804315567016602,0.8977623581886292,,,0.24134910106658936,0.38816335797309875,0.19175033271312714,0.39352619647979736,1.0
pilot__rnn__t2__seed10,rnn,RNN,t2,10,False,0.08156989514827728,ring-selected zero-retuning,0.05318710207939148,id,id_h128,ID T=128,128,,variable_sparsity,0.21368053555488586,True,1.0,1.3622474670410156,128,0.3309084177017212,0.2645937204360962,0.11777223646640778,0.3678579330444336,0.2852138876914978,1.2678139209747314,1.2621486186981201,0.6679878234863281,0.5925552845001221,1.3036437034606934,1.335861325263977,1.3186323642730713,1.3826533555984497,0.8683230876922607,0.7717773914337158,1.386088252067566,1.4070459604263306,1.1153666973114014,1.0421195030212402,1.2369413375854492,1.1603087186813354,0.2520611882209778,0.3678579330444336,0.19938257336616516,0.4153778553009033,1.0
pilot__rnn__t2__seed10,rnn,RNN,t2,10,False,0.08156989514827728,ring-selected zero-retuning,0.40269607305526733,length,length_h1024,T=1024,1024,,variable_sparsity,0.8977102637290955,True,1.0,1.6176867485046387,1024,1.3668322563171387,1.007059931755066,0.152957022190094,1.390457034111023,1.4027303457260132,,,,,,,,,,,,,1.4357784986495972,1.4664937257766724,,,0.9802694320678711,1.390457034111023,0.9788690209388733,1.4166576862335205,1.0
pilot__rnn__t2__seed10,rnn,RNN,t2,10,False,0.08156989514827728,ring-selected zero-retuning,0.5080424547195435,length,length_h1536,T=1536,1536,,variable_sparsity,1.0812671184539795,True,1.0,1.641402244567871,1536,1.4850620031356812,1.1625322103500366,0.15499910712242126,1.5086636543273926,1.522628664970398,,,,,,,,,,,,,1.4594841003417969,1.4588433504104614,,,1.1425892114639282,1.5086636543273926,1.1596940755844116,1.5554771423339844,1.0
pilot__rnn__t2__seed10,rnn,RNN,t2,10,False,0.08156989514827728,ring-selected zero-retuning,0.07580448687076569,length,length_h192,T=192,192,,variable_sparsity,0.27180859446525574,True,1.0,1.4343335628509521,192,0.47752702236175537,0.3346996009349823,0.12607333064079285,0.5333639979362488,0.4069365859031677,,,,,,,,,,,,,1.1855804920196533,1.0929187536239624,,,0.3193146288394928,0.5333639979362488,0.26235508918762207,0.5343359708786011,1.0
pilot__rnn__t2__seed10,rnn,RNN,t2,10,False,0.08156989514827728,ring-selected zero-retuning,0.5854440927505493,length,length_h2048,T=2048,2048,,variable_sparsity,1.179123878479004,True,1.0,1.646860122680664,2048,1.6035749912261963,1.2834041118621826,0.15596778690814972,1.6807758808135986,1.7171108722686768,,,,,,,,,,,,,1.57755708694458,1.6295427083969116,,,1.2578356266021729,1.6807758808135986,1.269585371017456,1.6460216045379639,1.0
pilot__rnn__t2__seed10,rnn,RNN,t2,10,False,0.08156989514827728,ring-selected zero-retuning,0.10738616436719894,length,length_h256,T=256,256,,variable_sparsity,0.33119669556617737,True,1.0,1.46852445602417,256,0.6361650228500366,0.4203810691833496,0.13210628926753998,0.7075158953666687,0.5749359130859375,,,,,,,,,,,,,1.1446518898010254,1.0819228887557983,,,0.39852723479270935,0.7075158953666687,0.32594266533851624,0.6842906475067139,1.0
pilot__rnn__t2__seed10,rnn,RNN,t2,10,False,0.08156989514827728,ring-selected zero-retuning,0.1717071384191513,length,length_h384,T=384,384,,variable_sparsity,0.4549330472946167,True,1.0,1.5286071300506592,384,0.8535120487213135,0.5708935260772705,0.13981378078460693,0.9275592565536499,0.809384822845459,,,,,,,,,,,,,1.2705961465835571,1.2844336032867432,,,0.5424354076385498,0.9275592565536499,0.4690459370613098,0.9717058539390564,1.0
pilot__rnn__t2__seed10,rnn,RNN,t2,10,False,0.08156989514827728,ring-selected zero-retuning,0.23040877282619476,length,length_h512,T=512,512,,variable_sparsity,0.5690417885780334,True,1.0,1.5606231689453125,512,1.041637659072876,0.699134886264801,0.14584749937057495,1.109076976776123,1.0705991983413696,,,,,,,,,,,,,1.2685537338256836,1.2272660732269287,,,0.6672359704971313,1.109076976776123,0.5988277792930603,1.1107254028320312,1.0
pilot__rnn__t2__seed10,rnn,RNN,t2,10,False,0.08156989514827728,ring-selected zero-retuning,0.32949554920196533,length,length_h768,T=768,768,,variable_sparsity,0.7526532411575317,True,1.0,1.597855567932129,768,1.2496126890182495,0.8835052251815796,0.15038633346557617,1.3099230527877808,1.2646888494491577,,,,,,,,,,,,,1.3744257688522339,1.408570647239685,,,0.8514151573181152,1.3099230527877808,0.838375985622406,1.3048244714736938,1.0
pilot__rnn__t2__seed10,rnn,RNN,t2,10,False,0.08156989514827728,ring-selected zero-retuning,0.029974747449159622,velocity,velocity_x0p5,0.5x,0.5,,variable_sparsity,0.1813330501317978,True,1.0,1.1714093685150146,128,0.23836375772953033,0.18459272384643555,0.08109023422002792,0.2592306137084961,0.21438351273536682,,,,,,,,,,,,,1.0547631978988647,1.0202305316925049,,,0.18379032611846924,0.2592306137084961,0.1655222624540329,0.28407415747642517,0.5
pilot__rnn__t2__seed10,rnn,RNN,t2,10,False,0.08156989514827728,ring-selected zero-retuning,0.03603515401482582,velocity,velocity_x0p75,0.75x,0.75,,variable_sparsity,0.1923302859067917,True,1.0,1.2961249351501465,128,0.26589328050613403,0.20739175379276276,0.09310675412416458,0.29016759991645813,0.22809284925460815,,,,,,,,,,,,,1.1073436737060547,1.0673390626907349,,,0.20368428528308868,0.29016759991645813,0.18410879373550415,0.2992401123046875,0.75
pilot__rnn__t2__seed10,rnn,RNN,t2,10,False,0.08156989514827728,ring-selected zero-retuning,0.07732736319303513,velocity,velocity_x1p25,1.25x,1.25,,variable_sparsity,0.2645074427127838,True,1.0,1.407024621963501,128,0.4140145778656006,0.3363344967365265,0.1500934362411499,0.45764410495758057,0.31603777408599854,,,,,,,,,,,,,1.0344607830047607,0.9329870939254761,,,0.31865394115448,0.45764410495758057,0.22833140194416046,0.6290137767791748,1.25
pilot__rnn__t2__seed10,rnn,RNN,t2,10,False,0.08156989514827728,ring-selected zero-retuning,0.11423090100288391,velocity,velocity_x1p5,1.5x,1.5,,variable_sparsity,0.33816781640052795,True,1.0,1.4481725692749023,128,0.570730447769165,0.46303895115852356,0.1841840147972107,0.5975503325462341,0.3998716175556183,,,,,,,,,,,,,1.1519157886505127,1.0884977579116821,,,0.43230128288269043,0.5975503325462341,0.28200191259384155,0.9469219446182251,1.5
pilot__rnn__t2__seed10,rnn,RNN,t2,10,False,0.08156989514827728,ring-selected zero-retuning,0.18774092197418213,velocity,velocity_x2,2x,2.0,,variable_sparsity,0.46091556549072266,True,1.0,1.4958068132400513,128,0.8075518608093262,0.6911704540252686,0.25218796730041504,0.8607801198959351,0.6819395422935486,,,,,,,,,,,,,1.3357508182525635,1.292938470840454,,,0.6344921588897705,0.8607801198959351,0.49997133016586304,1.2797973155975342,2.0
pilot__rnn__t2__seed10,rnn,RNN,t2,10,False,0.08156989514827728,ring-selected zero-retuning,0.32621923089027405,velocity,velocity_x3,3x,3.0,,variable_sparsity,0.7414544820785522,True,1.0,1.5508358478546143,128,1.1924141645431519,1.0670435428619385,0.34592366218566895,1.1938261985778809,1.1125926971435547,,,,,,,,,,,,,1.4562184810638428,1.4352000951766968,,,0.9868983030319214,1.1938261985778809,1.0595093965530396,1.6460413932800293,3.0
pilot__rnn__t2__seed10,rnn,RNN,t2,10,False,0.08156989514827728,ring-selected zero-retuning,0.45130908489227295,velocity,velocity_x4,4x,4.0,,variable_sparsity,0.9974316358566284,True,1.0,1.5755066871643066,128,1.436284065246582,1.3040528297424316,0.3940766155719757,1.5192735195159912,1.602266550064087,,,,,,,,,,,,,1.5705394744873047,1.5935720205307007,,,1.22857666015625,1.5192735195159912,1.2622251510620117,1.8055698871612549,4.0
pilot__rnn__t2__seed11,rnn,RNN,t2,11,False,0.04420476034283638,ring-selected zero-retuning,0.018936630338430405,smoothness,correlation_x0p5,ell=0.5x,0.5,,variable_sparsity,0.13895593583583832,True,0.5,1.3333122730255127,128,0.2040320634841919,0.15060922503471375,0.05721982941031456,0.21649259328842163,0.18811848759651184,,,,,,,,,,,,,0.9649215936660767,0.9180570244789124,,,0.14774072170257568,0.21649259328842163,0.1315293312072754,0.22883157432079315,1.0
pilot__rnn__t2__seed11,rnn,RNN,t2,11,False,0.04420476034283638,ring-selected zero-retuning,0.015252530574798584,smoothness,correlation_x0p75,ell=0.75x,0.75,,variable_sparsity,0.1344737559556961,True,0.75,1.361224889755249,128,0.1855396032333374,0.1353389471769333,0.053017016500234604,0.20710301399230957,0.1836283653974533,,,,,,,,,,,,,0.940834641456604,0.9028348922729492,,,0.13512596487998962,0.20710301399230957,0.12520693242549896,0.20040170848369598,1.0
pilot__rnn__t2__seed11,rnn,RNN,t2,11,False,0.04420476034283638,ring-selected zero-retuning,0.015186714008450508,smoothness,correlation_x1p5,ell=1.5x,1.5,,variable_sparsity,0.1389005184173584,True,1.5,1.377539873123169,128,0.18905502557754517,0.13379907608032227,0.05277381092309952,0.2107633650302887,0.20104363560676575,,,,,,,,,,,,,0.9546103477478027,0.9253259897232056,,,0.1350548267364502,0.2107633650302887,0.12538903951644897,0.20642967522144318,1.0
pilot__rnn__t2__seed11,rnn,RNN,t2,11,False,0.04420476034283638,ring-selected zero-retuning,0.01573476940393448,smoothness,correlation_x2,ell=2x,2.0,,variable_sparsity,0.13991522789001465,True,2.0,1.384145736694336,128,0.19502533972263336,0.1357222944498062,0.05314435809850693,0.21338289976119995,0.2000475972890854,,,,,,,,,,,,,0.9723578095436096,0.9461060166358948,,,0.13675440847873688,0.21338289976119995,0.12625345587730408,0.21354667842388153,1.0
pilot__rnn__t2__seed11,rnn,RNN,t2,11,False,0.04420476034283638,ring-selected zero-retuning,0.01580098271369934,smoothness,correlation_x3,ell=3x,3.0,,variable_sparsity,0.14099672436714172,True,3.0,1.3864840269088745,128,0.19723445177078247,0.13603271543979645,0.052492089569568634,0.2159615159034729,0.2095840573310852,,,,,,,,,,,,,0.9486038684844971,0.9474829435348511,,,0.13725462555885315,0.2159615159034729,0.1252504140138626,0.2136145830154419,1.0
pilot__rnn__t2__seed11,rnn,RNN,t2,11,False,0.04420476034283638,ring-selected zero-retuning,0.01555547770112753,smoothness,correlation_x4,ell=4x,4.0,,variable_sparsity,0.14105096459388733,True,4.0,1.3974353075027466,128,0.1948661506175995,0.13485608994960785,0.05191580951213837,0.2168268859386444,0.20516197383403778,,,,,,,,,,,,,0.9352753162384033,0.9183210134506226,,,0.13638100028038025,0.2168268859386444,0.12506109476089478,0.2121853232383728,1.0
pilot__rnn__t2__seed11,rnn,RNN,t2,11,False,0.04420476034283638,ring-selected zero-retuning,0.012831063941121101,dwell,dwell_block128,all blank 128,128,,all_blank,0.1271675080060959,True,1.0,0.0,128,0.2123667299747467,,0.036125633865594864,0.2409135401248932,0.23701122403144836,,,,,,,,,,,,,0.9700335264205933,0.9718949198722839,,,0.1271675080060959,0.2409135401248932,0.12357132136821747,0.18790820240974426,1.0
pilot__rnn__t2__seed11,rnn,RNN,t2,11,False,0.04420476034283638,ring-selected zero-retuning,0.023430608212947845,dwell,dwell_block32,blank block 32,32,,variable_sparsity,0.15378692746162415,True,1.0,1.3455064296722412,128,0.2350931465625763,0.1718732863664627,0.05624160170555115,0.25517985224723816,0.22322237491607666,,,,,,,,,,,,,0.9343670606613159,0.9135602116584778,,,0.1640024483203888,0.25517985224723816,0.13944175839424133,0.241160050034523,1.0
pilot__rnn__t2__seed11,rnn,RNN,t2,11,False,0.04420476034283638,ring-selected zero-retuning,0.024200551211833954,dwell,dwell_block64,blank block 64,64,,variable_sparsity,0.15838998556137085,True,1.0,1.2712488174438477,128,0.24565039575099945,0.17434240877628326,0.053048036992549896,0.2510245740413666,0.23584280908107758,,,,,,,,,,,,,0.9583263993263245,0.8972601890563965,,,0.1643969714641571,0.2510245740413666,0.14585909247398376,0.2395782321691513,1.0
pilot__rnn__t2__seed11,rnn,RNN,t2,11,False,0.04420476034283638,ring-selected zero-retuning,0.018732987344264984,dwell,dwell_block8,blank block 8,8,,variable_sparsity,0.14064978063106537,True,1.0,1.3617379665374756,128,0.20457309484481812,0.15028652548789978,0.05679599940776825,0.2256627380847931,0.2084076851606369,,,,,,,,,,,,,0.9342869520187378,0.8956376910209656,,,0.14746031165122986,0.2256627380847931,0.13378000259399414,0.22281789779663086,1.0
pilot__rnn__t2__seed11,rnn,RNN,t2,11,False,0.04420476034283638,ring-selected zero-retuning,0.023971371352672577,dwell,dwell_block96,blank block 96,96,,variable_sparsity,0.16357077658176422,True,1.0,0.9547207355499268,128,0.2560129761695862,0.19549091160297394,0.04630119353532791,0.28457963466644287,0.2583356499671936,,,,,,,,,,,,,1.06215238571167,1.0348631143569946,,,0.16959281265735626,0.28457963466644287,0.15396839380264282,0.2572324573993683,1.0
pilot__rnn__t2__seed11,rnn,RNN,t2,11,False,0.04420476034283638,ring-selected zero-retuning,0.014671477489173412,id,id_h128,ID T=128,128,,variable_sparsity,0.13580994307994843,True,1.0,1.3622474670410156,128,0.18660244345664978,0.1324024796485901,0.05181664228439331,0.2104126214981079,0.19883404672145844,1.424986481666565,1.3720871210098267,0.3912789821624756,0.3793632388114929,1.7451786994934082,1.749562382698059,1.877199411392212,1.9992191791534424,0.589541494846344,0.5590752959251404,1.7765783071517944,1.8168718814849854,0.9414318799972534,0.9098455905914307,1.213325023651123,1.176794409751892,0.13324123620986938,0.2104126214981079,0.12317807972431183,0.19838476181030273,1.0
pilot__rnn__t2__seed11,rnn,RNN,t2,11,False,0.04420476034283638,ring-selected zero-retuning,0.16666856408119202,length,length_h1024,T=1024,1024,,variable_sparsity,0.6342170834541321,True,1.0,1.6176867485046387,1024,0.7865943312644958,0.45311984419822693,0.05266916751861572,0.8630968332290649,0.7873722314834595,,,,,,,,,,,,,1.4402878284454346,1.4226322174072266,,,0.49748849868774414,0.8630968332290649,0.4546692371368408,0.7890459299087524,1.0
pilot__rnn__t2__seed11,rnn,RNN,t2,11,False,0.04420476034283638,ring-selected zero-retuning,0.274699866771698,length,length_h1536,T=1536,1536,,variable_sparsity,0.8785696029663086,True,1.0,1.641402244567871,1536,1.068598747253418,0.6085267663002014,0.052516333758831024,1.1810085773468018,1.1287633180618286,,,,,,,,,,,,,1.6062092781066895,1.612113356590271,,,0.6747972369194031,1.1810085773468018,0.6262596249580383,1.0539181232452393,1.0
pilot__rnn__t2__seed11,rnn,RNN,t2,11,False,0.04420476034283638,ring-selected zero-retuning,0.022502601146697998,length,length_h192,T=192,192,,variable_sparsity,0.17910175025463104,True,1.0,1.4343335628509521,192,0.24449416995048523,0.16399219632148743,0.05181941017508507,0.2698953449726105,0.24830707907676697,,,,,,,,,,,,,0.9528127908706665,0.9587661027908325,,,0.16768845915794373,0.2698953449726105,0.15274804830551147,0.2443533092737198,1.0
pilot__rnn__t2__seed11,rnn,RNN,t2,11,False,0.04420476034283638,ring-selected zero-retuning,0.37980759143829346,length,length_h2048,T=2048,2048,,variable_sparsity,1.087941288948059,True,1.0,1.646860122680664,2048,1.3268831968307495,0.7565699219703674,0.052404120564460754,1.4348280429840088,1.4495983123779297,,,,,,,,,,,,,1.7366838455200195,1.8399358987808228,,,0.8378187417984009,1.4348280429840088,0.7944133877754211,1.2983341217041016,1.0
pilot__rnn__t2__seed11,rnn,RNN,t2,11,False,0.04420476034283638,ring-selected zero-retuning,0.030830740928649902,length,length_h256,T=256,256,,variable_sparsity,0.21942386031150818,True,1.0,1.46852445602417,256,0.2907162308692932,0.19163629412651062,0.052936676889657974,0.3039032220840454,0.28079113364219666,,,,,,,,,,,,,0.998856246471405,1.0013004541397095,,,0.1984453797340393,0.3039032220840454,0.18031686544418335,0.3012429475784302,1.0
pilot__rnn__t2__seed11,rnn,RNN,t2,11,False,0.04420476034283638,ring-selected zero-retuning,0.048250049352645874,length,length_h384,T=384,384,,variable_sparsity,0.29235655069351196,True,1.0,1.5286071300506592,384,0.3736259937286377,0.2394840568304062,0.053238075226545334,0.41097062826156616,0.3702044188976288,,,,,,,,,,,,,1.0649923086166382,1.0359630584716797,,,0.2524596154689789,0.41097062826156616,0.2268492430448532,0.3933943510055542,1.0
pilot__rnn__t2__seed11,rnn,RNN,t2,11,False,0.04420476034283638,ring-selected zero-retuning,0.06801089644432068,length,length_h512,T=512,512,,variable_sparsity,0.36066508293151855,True,1.0,1.5606231689453125,512,0.4573236107826233,0.28516221046447754,0.053198449313640594,0.5020973086357117,0.452173113822937,,,,,,,,,,,,,1.167146921157837,1.1270650625228882,,,0.3036755919456482,0.5020973086357117,0.27091383934020996,0.47625863552093506,1.0
pilot__rnn__t2__seed11,rnn,RNN,t2,11,False,0.04420476034283638,ring-selected zero-retuning,0.11383144557476044,length,length_h768,T=768,768,,variable_sparsity,0.4999774694442749,True,1.0,1.597855567932129,768,0.618611752986908,0.3689987063407898,0.05303022265434265,0.6954896450042725,0.6502964496612549,,,,,,,,,,,,,1.2861878871917725,1.2959702014923096,,,0.4011198878288269,0.6954896450042725,0.3615967631340027,0.6330493092536926,1.0
pilot__rnn__t2__seed11,rnn,RNN,t2,11,False,0.04420476034283638,ring-selected zero-retuning,0.010484328493475914,velocity,velocity_x0p5,0.5x,0.5,,variable_sparsity,0.1271398961544037,True,1.0,1.1714093685150146,128,0.17656776309013367,0.11205034703016281,0.037589266896247864,0.19341707229614258,0.1933756023645401,,,,,,,,,,,,,0.9175410270690918,0.8938726782798767,,,0.11576470732688904,0.19341707229614258,0.11246754229068756,0.1698194295167923,0.5
pilot__rnn__t2__seed11,rnn,RNN,t2,11,False,0.04420476034283638,ring-selected zero-retuning,0.011589298956096172,velocity,velocity_x0p75,0.75x,0.75,,variable_sparsity,0.1283968836069107,True,1.0,1.2961249351501465,128,0.17479655146598816,0.11812937259674072,0.042590297758579254,0.19648995995521545,0.1937377154827118,,,,,,,,,,,,,0.902387797832489,0.8642797470092773,,,0.12065676599740982,0.19648995995521545,0.11108116805553436,0.1775267869234085,0.75
pilot__rnn__t2__seed11,rnn,RNN,t2,11,False,0.04420476034283638,ring-selected zero-retuning,0.02515524998307228,velocity,velocity_x1p25,1.25x,1.25,,variable_sparsity,0.15561820566654205,True,1.0,1.407024621963501,128,0.2172187864780426,0.17153078317642212,0.06910714507102966,0.24567046761512756,0.2110518217086792,,,,,,,,,,,,,0.9344351291656494,0.9166785478591919,,,0.16761383414268494,0.24567046761512756,0.1442861557006836,0.27986574172973633,1.25
pilot__rnn__t2__seed11,rnn,RNN,t2,11,False,0.04420476034283638,ring-selected zero-retuning,0.04666205495595932,velocity,velocity_x1p5,1.5x,1.5,,variable_sparsity,0.20711655914783478,True,1.0,1.4481725692749023,128,0.2853164076805115,0.2515423893928528,0.09577901661396027,0.3090250492095947,0.23691490292549133,,,,,,,,,,,,,0.9539135694503784,0.910815417766571,,,0.24060675501823425,0.3090250492095947,0.15942585468292236,0.4530429244041443,1.5
pilot__rnn__t2__seed11,rnn,RNN,t2,11,False,0.04420476034283638,ring-selected zero-retuning,0.10767176747322083,velocity,velocity_x2,2x,2.0,,variable_sparsity,0.3559199869632721,True,1.0,1.4958068132400513,128,0.5001361966133118,0.45837900042533875,0.15991339087486267,0.5447816848754883,0.3268134593963623,,,,,,,,,,,,,1.129090666770935,1.0684467554092407,,,0.4331582188606262,0.5447816848754883,0.22397267818450928,1.1809598207473755,2.0
pilot__rnn__t2__seed11,rnn,RNN,t2,11,False,0.04420476034283638,ring-selected zero-retuning,0.2519412040710449,velocity,velocity_x3,3x,3.0,,variable_sparsity,0.6728300452232361,True,1.0,1.5508358478546143,128,0.9798150062561035,0.8811841607093811,0.2736767530441284,1.0275113582611084,0.8992820978164673,,,,,,,,,,,,,1.3579964637756348,1.3231217861175537,,,0.829896867275238,1.0275113582611084,0.7529208660125732,1.6631505489349365,3.0
pilot__rnn__t2__seed11,rnn,RNN,t2,11,False,0.04420476034283638,ring-selected zero-retuning,0.36487847566604614,velocity,velocity_x4,4x,4.0,,variable_sparsity,0.8926769495010376,True,1.0,1.5755066871643066,128,1.244408369064331,1.1474336385726929,0.35199451446533203,1.2822948694229126,1.378976821899414,,,,,,,,,,,,,1.5219420194625854,1.5158026218414307,,,1.0847240686416626,1.2822948694229126,1.1625173091888428,1.7517197132110596,4.0
pilot__rnn__t2__seed12,rnn,RNN,t2,12,False,0.11628380417823792,ring-selected zero-retuning,0.10617738962173462,smoothness,correlation_x0p5,ell=0.5x,0.5,,variable_sparsity,0.30561909079551697,True,0.5,1.3333122730255127,128,0.5857112407684326,0.43134957551956177,0.15220579504966736,0.643415093421936,0.512117326259613,,,,,,,,,,,,,1.2644894123077393,1.2140758037567139,,,0.40040040016174316,0.643415093421936,0.3137596845626831,0.7947744727134705,1.0
pilot__rnn__t2__seed12,rnn,RNN,t2,12,False,0.11628380417823792,ring-selected zero-retuning,0.09195323288440704,smoothness,correlation_x0p75,ell=0.75x,0.75,,variable_sparsity,0.30637380480766296,True,0.75,1.361224889755249,128,0.5276411771774292,0.3946845233440399,0.15228688716888428,0.5835953950881958,0.4782475531101227,,,,,,,,,,,,,1.163273811340332,1.0882444381713867,,,0.3729463815689087,0.5835953950881958,0.2783752679824829,0.6736072301864624,1.0
pilot__rnn__t2__seed12,rnn,RNN,t2,12,False,0.11628380417823792,ring-selected zero-retuning,0.08694686740636826,smoothness,correlation_x1p5,ell=1.5x,1.5,,variable_sparsity,0.305954247713089,True,1.5,1.377539873123169,128,0.49965375661849976,0.37799566984176636,0.15373702347278595,0.5564979314804077,0.406869113445282,,,,,,,,,,,,,1.1267722845077515,1.0580347776412964,,,0.36026233434677124,0.5564979314804077,0.2636342942714691,0.7175357937812805,1.0
pilot__rnn__t2__seed12,rnn,RNN,t2,12,False,0.11628380417823792,ring-selected zero-retuning,0.08641619980335236,smoothness,correlation_x2,ell=2x,2.0,,variable_sparsity,0.31094276905059814,True,2.0,1.384145736694336,128,0.49080702662467957,0.3721320331096649,0.15372318029403687,0.5484428405761719,0.44086191058158875,,,,,,,,,,,,,1.145545244216919,1.1182693243026733,,,0.3570699989795685,0.5484428405761719,0.27156001329421997,0.6654449701309204,1.0
pilot__rnn__t2__seed12,rnn,RNN,t2,12,False,0.11628380417823792,ring-selected zero-retuning,0.08624410629272461,smoothness,correlation_x3,ell=3x,3.0,,variable_sparsity,0.30984750390052795,True,3.0,1.3864840269088745,128,0.49656355381011963,0.3731634020805359,0.1531139612197876,0.5503965616226196,0.4457291066646576,,,,,,,,,,,,,1.2171084880828857,1.1938116550445557,,,0.3575778603553772,0.5503965616226196,0.27848201990127563,0.5869117379188538,1.0
pilot__rnn__t2__seed12,rnn,RNN,t2,12,False,0.11628380417823792,ring-selected zero-retuning,0.0845264196395874,smoothness,correlation_x4,ell=4x,4.0,,variable_sparsity,0.3084416687488556,True,4.0,1.3974353075027466,128,0.4826661944389343,0.3675803542137146,0.1523202508687973,0.5246771574020386,0.4163486361503601,,,,,,,,,,,,,1.2206919193267822,1.1885706186294556,,,0.35302305221557617,0.5246771574020386,0.26835066080093384,0.5514051914215088,1.0
pilot__rnn__t2__seed12,rnn,RNN,t2,12,False,0.11628380417823792,ring-selected zero-retuning,0.04660436511039734,dwell,dwell_block128,all blank 128,128,,all_blank,0.23739849030971527,True,1.0,0.0,128,0.3673436641693115,,0.08440251648426056,0.4104575514793396,0.3876878321170807,,,,,,,,,,,,,0.9824859499931335,0.901473343372345,,,0.23739849030971527,0.4104575514793396,0.2332439124584198,0.37573355436325073,1.0
pilot__rnn__t2__seed12,rnn,RNN,t2,12,False,0.11628380417823792,ring-selected zero-retuning,0.1034599021077156,dwell,dwell_block32,blank block 32,32,,variable_sparsity,0.37045425176620483,True,1.0,1.3455064296722412,128,0.5678080320358276,0.41612380743026733,0.14324451982975006,0.6132439374923706,0.47637683153152466,,,,,,,,,,,,,1.2154685258865356,1.1772453784942627,,,0.39624929428100586,0.6132439374923706,0.2945154309272766,0.73445725440979,1.0
pilot__rnn__t2__seed12,rnn,RNN,t2,12,False,0.11628380417823792,ring-selected zero-retuning,0.10495379567146301,dwell,dwell_block64,blank block 64,64,,variable_sparsity,0.3661363422870636,True,1.0,1.2712488174438477,128,0.5656025409698486,0.40923744440078735,0.12480533123016357,0.6318726539611816,0.49317726492881775,,,,,,,,,,,,,1.221092939376831,1.1550216674804688,,,0.3823663294315338,0.6318726539611816,0.30124130845069885,0.7365996837615967,1.0
pilot__rnn__t2__seed12,rnn,RNN,t2,12,False,0.11628380417823792,ring-selected zero-retuning,0.09236572682857513,dwell,dwell_block8,blank block 8,8,,variable_sparsity,0.3195829391479492,True,1.0,1.3617379665374756,128,0.513940155506134,0.38814646005630493,0.15329205989837646,0.5681418776512146,0.4262664318084717,,,,,,,,,,,,,1.1977436542510986,1.1613489389419556,,,0.368038535118103,0.5681418776512146,0.2764834761619568,0.756091833114624,1.0
pilot__rnn__t2__seed12,rnn,RNN,t2,12,False,0.11628380417823792,ring-selected zero-retuning,0.0878836065530777,dwell,dwell_block96,blank block 96,96,,variable_sparsity,0.32851555943489075,True,1.0,0.9547207355499268,128,0.4739950895309448,0.36198899149894714,0.10310287773609161,0.5506656169891357,0.4558831453323364,,,,,,,,,,,,,1.1108534336090088,1.047591209411621,,,0.334830641746521,0.5506656169891357,0.2901197373867035,0.5493180155754089,1.0
pilot__rnn__t2__seed12,rnn,RNN,t2,12,False,0.11628380417823792,ring-selected zero-retuning,0.08868151903152466,id,id_h128,ID T=128,128,,variable_sparsity,0.3017418384552002,True,1.0,1.3622474670410156,128,0.5012946724891663,0.3777481019496918,0.1520395278930664,0.5572489500045776,0.42834606766700745,1.4617952108383179,1.4785457849502563,0.8176323175430298,0.7480252385139465,1.5386065244674683,1.570906639099121,1.5454638004302979,1.583443522453308,0.9833196401596069,0.9148314595222473,1.533151626586914,1.573297381401062,1.1917908191680908,1.1748359203338623,1.3365075588226318,1.3485499620437622,0.359038770198822,0.5572489500045776,0.2685423493385315,0.7193668484687805,1.0
pilot__rnn__t2__seed12,rnn,RNN,t2,12,False,0.11628380417823792,ring-selected zero-retuning,0.5347230434417725,length,length_h1024,T=1024,1024,,variable_sparsity,1.1881111860275269,True,1.0,1.6176867485046387,1024,1.6124716997146606,1.1376615762710571,0.16835838556289673,1.660205602645874,1.7010139226913452,,,,,,,,,,,,,1.8046541213989258,1.9403626918792725,,,1.1500217914581299,1.660205602645874,1.1360150575637817,1.5847018957138062,1.0
pilot__rnn__t2__seed12,rnn,RNN,t2,12,False,0.11628380417823792,ring-selected zero-retuning,0.6721642017364502,length,length_h1536,T=1536,1536,,variable_sparsity,1.3809735774993896,True,1.0,1.641402244567871,1536,1.7285680770874023,1.324177622795105,0.1697733849287033,1.7521289587020874,1.8401033878326416,,,,,,,,,,,,,1.8022302389144897,1.8589574098587036,,,1.3381156921386719,1.7521289587020874,1.3205676078796387,1.7692838907241821,1.0
pilot__rnn__t2__seed12,rnn,RNN,t2,12,False,0.11628380417823792,ring-selected zero-retuning,0.12395982444286346,length,length_h192,T=192,192,,variable_sparsity,0.3944299519062042,True,1.0,1.4343335628509521,192,0.6374374628067017,0.4624289274215698,0.15611720085144043,0.6900571584701538,0.5793035626411438,,,,,,,,,,,,,1.2538261413574219,1.1917827129364014,,,0.44579440355300903,0.6900571584701538,0.35195255279541016,0.835425078868866,1.0
pilot__rnn__t2__seed12,rnn,RNN,t2,12,False,0.11628380417823792,ring-selected zero-retuning,0.7588293552398682,length,length_h2048,T=2048,2048,,variable_sparsity,1.48550546169281,True,1.0,1.646860122680664,2048,1.8063673973083496,1.4453275203704834,0.16992416977882385,1.8546346426010132,1.9306440353393555,,,,,,,,,,,,,1.838301181793213,1.892004370689392,,,1.4551787376403809,1.8546346426010132,1.4726243019104004,1.8613502979278564,1.0
pilot__rnn__t2__seed12,rnn,RNN,t2,12,False,0.11628380417823792,ring-selected zero-retuning,0.15665537118911743,length,length_h256,T=256,256,,variable_sparsity,0.4793301522731781,True,1.0,1.46852445602417,256,0.7332919836044312,0.5301125645637512,0.15999898314476013,0.7955493927001953,0.7011613845825195,,,,,,,,,,,,,1.3112623691558838,1.2800440788269043,,,0.5176687836647034,0.7955493927001953,0.43159806728363037,0.9267391562461853,1.0
pilot__rnn__t2__seed12,rnn,RNN,t2,12,False,0.11628380417823792,ring-selected zero-retuning,0.22507137060165405,length,length_h384,T=384,384,,variable_sparsity,0.6375710368156433,True,1.0,1.5286071300506592,384,0.9570808410644531,0.6584910750389099,0.16296645998954773,1.043113112449646,1.0159070491790771,,,,,,,,,,,,,1.4909985065460205,1.5284627676010132,,,0.6533570885658264,1.043113112449646,0.5834394693374634,1.1129345893859863,1.0
pilot__rnn__t2__seed12,rnn,RNN,t2,12,False,0.11628380417823792,ring-selected zero-retuning,0.2943305969238281,length,length_h512,T=512,512,,variable_sparsity,0.7690525650978088,True,1.0,1.5606231689453125,512,1.1455610990524292,0.7787975668907166,0.1662149429321289,1.2524938583374023,1.1875320672988892,,,,,,,,,,,,,1.6109440326690674,1.6327250003814697,,,0.7764080762863159,1.2524938583374023,0.7141730189323425,1.2262766361236572,1.0
pilot__rnn__t2__seed12,rnn,RNN,t2,12,False,0.11628380417823792,ring-selected zero-retuning,0.43044590950012207,length,length_h768,T=768,768,,variable_sparsity,1.0092335939407349,True,1.0,1.597855567932129,768,1.477113127708435,0.9915301203727722,0.1674714982509613,1.5471280813217163,1.546041488647461,,,,,,,,,,,,,1.8137491941452026,1.9681084156036377,,,0.995871901512146,1.5471280813217163,0.9763180613517761,1.471625566482544,1.0
pilot__rnn__t2__seed12,rnn,RNN,t2,12,False,0.11628380417823792,ring-selected zero-retuning,0.05894339084625244,velocity,velocity_x0p5,0.5x,0.5,,variable_sparsity,0.2526642978191376,True,1.0,1.1714093685150146,128,0.4123827815055847,0.26970693469047546,0.09528590738773346,0.4586727023124695,0.41448795795440674,,,,,,,,,,,,,1.1892428398132324,1.145876407623291,,,0.26551178097724915,0.4586727023124695,0.24628832936286926,0.4217449426651001,0.5
pilot__rnn__t2__seed12,rnn,RNN,t2,12,False,0.11628380417823792,ring-selected zero-retuning,0.06531243026256561,velocity,velocity_x0p75,0.75x,0.75,,variable_sparsity,0.2628158628940582,True,1.0,1.2961249351501465,128,0.41845282912254333,0.29278674721717834,0.1207595020532608,0.4675176739692688,0.4165831506252289,,,,,,,,,,,,,1.1383311748504639,1.1142969131469727,,,0.28540927171707153,0.4675176739692688,0.2587280869483948,0.45379507541656494,0.75
pilot__rnn__t2__seed12,rnn,RNN,t2,12,False,0.11628380417823792,ring-selected zero-retuning,0.12119545787572861,velocity,velocity_x1p25,1.25x,1.25,,variable_sparsity,0.36126115918159485,True,1.0,1.407024621963501,128,0.6187708377838135,0.4888767898082733,0.18511539697647095,0.6619032621383667,0.5176134705543518,,,,,,,,,,,,,1.2204866409301758,1.178120732307434,,,0.4574635624885559,0.6619032621383667,0.3229597508907318,1.0231720209121704,1.25
pilot__rnn__t2__seed12,rnn,RNN,t2,12,False,0.11628380417823792,ring-selected zero-retuning,0.15862929821014404,velocity,velocity_x1p5,1.5x,1.5,,variable_sparsity,0.431833952665329,True,1.0,1.4481725692749023,128,0.7458872199058533,0.605478048324585,0.21942578256130219,0.7820618152618408,0.6090348958969116,,,,,,,,,,,,,1.3174315690994263,1.3029758930206299,,,0.5627347230911255,0.7820618152618408,0.3781515657901764,1.1793200969696045,1.5
pilot__rnn__t2__seed12,rnn,RNN,t2,12,False,0.11628380417823792,ring-selected zero-retuning,0.22584843635559082,velocity,velocity_x2,2x,2.0,,variable_sparsity,0.5568885207176208,True,1.0,1.4958068132400513,128,0.9400955438613892,0.8249027729034424,0.27342689037323,0.9815999269485474,0.8321589231491089,,,,,,,,,,,,,1.3287415504455566,1.2602726221084595,,,0.7589298486709595,0.9815999269485474,0.6907310485839844,1.3995848894119263,2.0
pilot__rnn__t2__seed12,rnn,RNN,t2,12,False,0.11628380417823792,ring-selected zero-retuning,0.3617457449436188,velocity,velocity_x3,3x,3.0,,variable_sparsity,0.8155712485313416,True,1.0,1.5508358478546143,128,1.256380319595337,1.1245280504226685,0.33598849177360535,1.3150715827941895,1.2947642803192139,,,,,,,,,,,,,1.507192850112915,1.5524227619171143,,,1.0484768152236938,1.3150715827941895,1.0911600589752197,1.712433099746704,3.0
pilot__rnn__t2__seed12,rnn,RNN,t2,12,False,0.11628380417823792,ring-selected zero-retuning,0.4771914482116699,velocity,velocity_x4,4x,4.0,,variable_sparsity,1.0505675077438354,True,1.0,1.5755066871643066,128,1.4478068351745605,1.3361395597457886,0.3657870292663574,1.4936788082122803,1.53510320186615,,,,,,,,,,,,,1.6157395839691162,1.636065125465393,,,1.265844702720642,1.4936788082122803,1.3210688829421997,1.808924913406372,4.0
pilot__gru__t2__seed10,gru,GRU,t2,10,True,0.013621704652905464,ring-selected zero-retuning,0.0017057923832908273,smoothness,correlation_x0p5,ell=0.5x,0.5,,variable_sparsity,0.04068354144692421,True,0.5,1.3333122730255127,128,0.06206750124692917,0.04355112090706825,0.018344096839427948,0.06894955784082413,0.06399575620889664,,,,,,,,,,,,,0.3389738202095032,0.33501702547073364,,,0.04284524917602539,0.06894955784082413,0.040023598819971085,0.062147390097379684,1.0
pilot__gru__t2__seed10,gru,GRU,t2,10,True,0.013621704652905464,ring-selected zero-retuning,0.001536172116175294,smoothness,correlation_x0p75,ell=0.75x,0.75,,variable_sparsity,0.04063723236322403,True,0.75,1.361224889755249,128,0.058660101145505905,0.04172496870160103,0.017188675701618195,0.06668009608983994,0.06011437624692917,,,,,,,,,,,,,0.3388925790786743,0.331362247467041,,,0.041457220911979675,0.06668009608983994,0.03954225406050682,0.06156047806143761,1.0
pilot__gru__t2__seed10,gru,GRU,t2,10,True,0.013621704652905464,ring-selected zero-retuning,0.001470636110752821,smoothness,correlation_x1p5,ell=1.5x,1.5,,variable_sparsity,0.04217906296253204,True,1.5,1.377539873123169,128,0.059166938066482544,0.041441332548856735,0.01723715290427208,0.06496109068393707,0.06247486174106598,,,,,,,,,,,,,0.34712207317352295,0.3459838032722473,,,0.04162292927503586,0.06496109068393707,0.040818944573402405,0.05943601205945015,1.0
pilot__gru__t2__seed10,gru,GRU,t2,10,True,0.013621704652905464,ring-selected zero-retuning,0.0014995040837675333,smoothness,correlation_x2,ell=2x,2.0,,variable_sparsity,0.04232368245720863,True,2.0,1.384145736694336,128,0.05875503271818161,0.04153480753302574,0.017197223380208015,0.06579472124576569,0.06258458644151688,,,,,,,,,,,,,0.34333425760269165,0.33359840512275696,,,0.04172898828983307,0.06579472124576569,0.03882265463471413,0.058838360011577606,1.0
pilot__gru__t2__seed10,gru,GRU,t2,10,True,0.013621704652905464,ring-selected zero-retuning,0.0014586623292416334,smoothness,correlation_x3,ell=3x,3.0,,variable_sparsity,0.0419713519513607,True,3.0,1.3864840269088745,128,0.05629408359527588,0.04055311530828476,0.017073191702365875,0.06217600405216217,0.06019902974367142,,,,,,,,,,,,,0.3346445560455322,0.328739196062088,,,0.04090221971273422,0.06217600405216217,0.037930071353912354,0.05595216155052185,1.0
pilot__gru__t2__seed10,gru,GRU,t2,10,True,0.013621704652905464,ring-selected zero-retuning,0.001471167546696961,smoothness,correlation_x4,ell=4x,4.0,,variable_sparsity,0.04196370765566826,True,4.0,1.3974353075027466,128,0.05736485868692398,0.04074248671531677,0.01695363037288189,0.0632852241396904,0.05944085493683815,,,,,,,,,,,,,0.3334800601005554,0.3173421323299408,,,0.04104309529066086,0.0632852241396904,0.038104329258203506,0.05863519012928009,1.0
pilot__gru__t2__seed10,gru,GRU,t2,10,True,0.013621704652905464,ring-selected zero-retuning,0.0013994614128023386,dwell,dwell_block128,all blank 128,128,,all_blank,0.03946913406252861,True,1.0,0.0,128,0.06775392591953278,,0.013973552733659744,0.07703825831413269,0.07362693548202515,,,,,,,,,,,,,0.3621911108493805,0.36293700337409973,,,0.03946913406252861,0.07703825831413269,0.038589850068092346,0.06614013761281967,1.0
pilot__gru__t2__seed10,gru,GRU,t2,10,True,0.013621704652905464,ring-selected zero-retuning,0.0017780342604964972,dwell,dwell_block32,blank block 32,32,,variable_sparsity,0.04205918684601784,True,1.0,1.3455064296722412,128,0.06860329210758209,0.047878243029117584,0.016358474269509315,0.07454600930213928,0.06960922479629517,,,,,,,,,,,,,0.33472952246665955,0.32648375630378723,,,0.04534590244293213,0.07454600930213928,0.0431080237030983,0.06647352874279022,1.0
pilot__gru__t2__seed10,gru,GRU,t2,10,True,0.013621704652905464,ring-selected zero-retuning,0.0016921141650527716,dwell,dwell_block64,blank block 64,64,,variable_sparsity,0.041969235986471176,True,1.0,1.2712488174438477,128,0.06928334385156631,0.0497586727142334,0.015728309750556946,0.0765029788017273,0.07197394967079163,,,,,,,,,,,,,0.34830474853515625,0.32569611072540283,,,0.04490240290760994,0.0765029788017273,0.04370347410440445,0.06765510141849518,1.0
pilot__gru__t2__seed10,gru,GRU,t2,10,True,0.013621704652905464,ring-selected zero-retuning,0.001677432912401855,dwell,dwell_block8,blank block 8,8,,variable_sparsity,0.041719984263181686,True,1.0,1.3617379665374756,128,0.06304153800010681,0.0445062518119812,0.016946855932474136,0.06740488111972809,0.06144431605935097,,,,,,,,,,,,,0.32495370507240295,0.32998842000961304,,,0.04368911311030388,0.06740488111972809,0.041528455913066864,0.06450974941253662,1.0
pilot__gru__t2__seed10,gru,GRU,t2,10,True,0.013621704652905464,ring-selected zero-retuning,0.0017070234753191471,dwell,dwell_block96,blank block 96,96,,variable_sparsity,0.04384918510913849,True,1.0,0.9547207355499268,128,0.07236497104167938,0.05346638709306717,0.015074452385306358,0.08321666717529297,0.07944530248641968,,,,,,,,,,,,,0.37039878964424133,0.3683536648750305,,,0.045663561671972275,0.08321666717529297,0.044222068041563034,0.07124821841716766,1.0
pilot__gru__t2__seed10,gru,GRU,t2,10,True,0.013621704652905464,ring-selected zero-retuning,0.0014767540851607919,id,id_h128,ID T=128,128,,variable_sparsity,0.04157884418964386,True,1.0,1.3622474670410156,128,0.058270856738090515,0.04121648147702217,0.01730802282691002,0.06395258754491806,0.05998358875513077,0.5643787384033203,0.586210310459137,0.12320052087306976,0.12422298640012741,0.7630529403686523,0.8031390309333801,0.9271864891052246,0.9709147214889526,0.19142858684062958,0.1896836906671524,1.2381718158721924,1.0871763229370117,0.32637983560562134,0.3292558491230011,0.4505721628665924,0.4586644470691681,0.04130567982792854,0.06395258754491806,0.04008202627301216,0.05886504054069519,1.0
pilot__gru__t2__seed10,gru,GRU,t2,10,True,0.013621704652905464,ring-selected zero-retuning,0.029076091945171356,length,length_h1024,T=1024,1024,,variable_sparsity,0.2211374044418335,True,1.0,1.6176867485046387,1024,0.3300533890724182,0.19613270461559296,0.017618242651224136,0.36909642815589905,0.37034136056900024,,,,,,,,,,,,,0.5900766849517822,0.5758566856384277,,,0.20225882530212402,0.36909642815589905,0.20045733451843262,0.2834441363811493,1.0
pilot__gru__t2__seed10,gru,GRU,t2,10,True,0.013621704652905464,ring-selected zero-retuning,0.056423693895339966,length,length_h1536,T=1536,1536,,variable_sparsity,0.31955695152282715,True,1.0,1.641402244567871,1536,0.4756494164466858,0.27541881799697876,0.01762622594833374,0.5390363931655884,0.5330935120582581,,,,,,,,,,,,,0.7505015134811401,0.7626799941062927,,,0.28625062108039856,0.5390363931655884,0.28423094749450684,0.396298348903656,1.0
pilot__gru__t2__seed10,gru,GRU,t2,10,True,0.013621704652905464,ring-selected zero-retuning,0.002412189729511738,length,length_h192,T=192,192,,variable_sparsity,0.054969459772109985,True,1.0,1.4343335628509521,192,0.08331209421157837,0.05377764627337456,0.017137736082077026,0.09261275827884674,0.08734873682260513,,,,,,,,,,,,,0.34378698468208313,0.33785581588745117,,,0.05406920239329338,0.09261275827884674,0.05205532908439636,0.07754121720790863,1.0
pilot__gru__t2__seed10,gru,GRU,t2,10,True,0.013621704652905464,ring-selected zero-retuning,0.0910147875547409,length,length_h2048,T=2048,2048,,variable_sparsity,0.4160773456096649,True,1.0,1.646860122680664,2048,0.618815541267395,0.3542267084121704,0.01756151393055916,0.705901026725769,0.6986773014068604,,,,,,,,,,,,,0.9272043704986572,0.9086940288543701,,,0.3693918287754059,0.705901026725769,0.3656488060951233,0.5038555860519409,1.0
pilot__gru__t2__seed10,gru,GRU,t2,10,True,0.013621704652905464,ring-selected zero-retuning,0.0035798619501292706,length,length_h256,T=256,256,,variable_sparsity,0.06836188584566116,True,1.0,1.46852445602417,256,0.1042623519897461,0.06605130434036255,0.01761690527200699,0.1171455979347229,0.11313691735267639,,,,,,,,,,,,,0.38960695266723633,0.39374083280563354,,,0.06661748886108398,0.1171455979347229,0.06290929764509201,0.0975174605846405,1.0
pilot__gru__t2__seed10,gru,GRU,t2,10,True,0.013621704652905464,ring-selected zero-retuning,0.0065472861751914024,length,length_h384,T=384,384,,variable_sparsity,0.09603383392095566,True,1.0,1.5286071300506592,384,0.1469753384590149,0.08992142230272293,0.017701808363199234,0.16273513436317444,0.15482856333255768,,,,,,,,,,,,,0.4170764684677124,0.4067300856113434,,,0.09142148494720459,0.16273513436317444,0.08580051362514496,0.13260316848754883,1.0
pilot__gru__t2__seed10,gru,GRU,t2,10,True,0.013621704652905464,ring-selected zero-retuning,0.010057485662400723,length,length_h512,T=512,512,,variable_sparsity,0.12212014943361282,True,1.0,1.5606231689453125,512,0.18573027849197388,0.11268521845340729,0.01791391894221306,0.20743995904922485,0.2059832215309143,,,,,,,,,,,,,0.444624125957489,0.43685898184776306,,,0.11499867588281631,0.20743995904922485,0.10962632298469543,0.16557180881500244,1.0
pilot__gru__t2__seed10,gru,GRU,t2,10,True,0.013621704652905464,ring-selected zero-retuning,0.018587728962302208,length,length_h768,T=768,768,,variable_sparsity,0.17203423380851746,True,1.0,1.597855567932129,768,0.25907695293426514,0.15564018487930298,0.01772989332675934,0.28895723819732666,0.28553444147109985,,,,,,,,,,,,,0.5025977492332458,0.5037956237792969,,,0.15966065227985382,0.28895723819732666,0.1562686711549759,0.23110505938529968,1.0
pilot__gru__t2__seed10,gru,GRU,t2,10,True,0.013621704652905464,ring-selected zero-retuning,0.0011327984975650907,velocity,velocity_x0p5,0.5x,0.5,,variable_sparsity,0.040131766349077225,True,1.0,1.1714093685150146,128,0.05685193091630936,0.037585578858852386,0.012826994061470032,0.06277959793806076,0.06007598340511322,,,,,,,,,,,,,0.3293115496635437,0.31445449590682983,,,0.03821233659982681,0.06277959793806076,0.03863072767853737,0.05566620081663132,0.5
pilot__gru__t2__seed10,gru,GRU,t2,10,True,0.013621704652905464,ring-selected zero-retuning,0.0011085355654358864,velocity,velocity_x0p75,0.75x,0.75,,variable_sparsity,0.03963690251111984,True,1.0,1.2961249351501465,128,0.05453050136566162,0.03697792440652847,0.01360071450471878,0.061617542058229446,0.05890098214149475,,,,,,,,,,,,,0.3206993341445923,0.3012274503707886,,,0.037632446736097336,0.061617542058229446,0.03734491020441055,0.05452175438404083,0.75
pilot__gru__t2__seed10,gru,GRU,t2,10,True,0.013621704652905464,ring-selected zero-retuning,0.003125759307295084,velocity,velocity_x1p25,1.25x,1.25,,variable_sparsity,0.04630230739712715,True,1.0,1.407024621963501,128,0.07072579860687256,0.05316843464970589,0.02327103540301323,0.07985985279083252,0.06903508305549622,,,,,,,,,,,,,0.3381609618663788,0.3295459747314453,,,0.0514783039689064,0.07985985279083252,0.04327952116727829,0.08034466207027435,1.25
pilot__gru__t2__seed10,gru,GRU,t2,10,True,0.013621704652905464,ring-selected zero-retuning,0.00885354820638895,velocity,velocity_x1p5,1.5x,1.5,,variable_sparsity,0.05754284933209419,True,1.0,1.4481725692749023,128,0.10223479568958282,0.08250537514686584,0.031953033059835434,0.11013374477624893,0.07823514938354492,,,,,,,,,,,,,0.3402581512928009,0.32913175225257874,,,0.07636072486639023,0.11013374477624893,0.05025037005543709,0.1507134735584259,1.5
pilot__gru__t2__seed10,gru,GRU,t2,10,True,0.013621704652905464,ring-selected zero-retuning,0.05172942206263542,velocity,velocity_x2,2x,2.0,,variable_sparsity,0.11296077817678452,True,1.0,1.4958068132400513,128,0.24825558066368103,0.21339230239391327,0.05891168862581253,0.26566335558891296,0.10645776987075806,,,,,,,,,,,,,0.4568382799625397,0.3707045614719391,,,0.18867060542106628,0.26566335558891296,0.0688675045967102,0.5062118768692017,2.0
pilot__gru__t2__seed10,gru,GRU,t2,10,True,0.013621704652905464,ring-selected zero-retuning,0.18052420020103455,velocity,velocity_x3,3x,3.0,,variable_sparsity,0.30168217420578003,True,1.0,1.5508358478546143,128,0.6552468538284302,0.5896297693252563,0.14319533109664917,0.697409987449646,0.3809071481227875,,,,,,,,,,,,,0.807674765586853,0.5414555668830872,,,0.5187500715255737,0.697409987449646,0.24367022514343262,1.5144972801208496,3.0
pilot__gru__t2__seed10,gru,GRU,t2,10,True,0.013621704652905464,ring-selected zero-retuning,0.3099953234195709,velocity,velocity_x4,4x,4.0,,variable_sparsity,0.49746909737586975,True,1.0,1.5755066871643066,128,1.0584030151367188,0.955629825592041,0.24161911010742188,1.1017107963562012,1.085397481918335,,,,,,,,,,,,,1.1599609851837158,1.0799866914749146,,,0.8428514003753662,1.1017107963562012,0.677703857421875,1.7546640634536743,4.0
pilot__gru__t2__seed11,gru,GRU,t2,11,True,0.012819411233067513,ring-selected zero-retuning,0.0016285264864563942,smoothness,correlation_x0p5,ell=0.5x,0.5,,variable_sparsity,0.036835141479969025,True,0.5,1.3333122730255127,128,0.05406973138451576,0.04051833599805832,0.020889930427074432,0.05736330896615982,0.05089349299669266,,,,,,,,,,,,,0.2674400806427002,0.25373420119285583,,,0.03961170092225075,0.05736330896615982,0.0353781059384346,0.058875687420368195,1.0
pilot__gru__t2__seed11,gru,GRU,t2,11,True,0.012819411233067513,ring-selected zero-retuning,0.001488410634920001,smoothness,correlation_x0p75,ell=0.75x,0.75,,variable_sparsity,0.03705085441470146,True,0.75,1.361224889755249,128,0.051843877881765366,0.03937321901321411,0.019697807729244232,0.05730830878019333,0.048584774136543274,,,,,,,,,,,,,0.26071202754974365,0.25281864404678345,,,0.03880155831575394,0.05730830878019333,0.034447818994522095,0.05872506648302078,1.0
pilot__gru__t2__seed11,gru,GRU,t2,11,True,0.012819411233067513,ring-selected zero-retuning,0.0015118918381631374,smoothness,correlation_x1p5,ell=1.5x,1.5,,variable_sparsity,0.03811044991016388,True,1.5,1.377539873123169,128,0.0544494092464447,0.04006408154964447,0.019969133660197258,0.060912538319826126,0.050228651612997055,,,,,,,,,,,,,0.26085349917411804,0.24667669832706451,,,0.03958318382501602,0.060912538319826126,0.0369093231856823,0.06244959682226181,1.0
pilot__gru__t2__seed11,gru,GRU,t2,11,True,0.012819411233067513,ring-selected zero-retuning,0.001522766542620957,smoothness,correlation_x2,ell=2x,2.0,,variable_sparsity,0.03874898701906204,True,2.0,1.384145736694336,128,0.05530717596411705,0.040409013628959656,0.0200824998319149,0.06296446174383163,0.05537550523877144,,,,,,,,,,,,,0.260270357131958,0.2511933147907257,,,0.04000038653612137,0.06296446174383163,0.036992333829402924,0.06020133197307587,1.0
pilot__gru__t2__seed11,gru,GRU,t2,11,True,0.012819411233067513,ring-selected zero-retuning,0.001490189228206873,smoothness,correlation_x3,ell=3x,3.0,,variable_sparsity,0.038231343030929565,True,3.0,1.3864840269088745,128,0.05343256890773773,0.03982376679778099,0.020066402852535248,0.06004813313484192,0.05255255475640297,,,,,,,,,,,,,0.26555371284484863,0.24717658758163452,,,0.03943178802728653,0.06004813313484192,0.037729501724243164,0.058838121592998505,1.0
pilot__gru__t2__seed11,gru,GRU,t2,11,True,0.012819411233067513,ring-selected zero-retuning,0.001475294353440404,smoothness,correlation_x4,ell=4x,4.0,,variable_sparsity,0.03778398782014847,True,4.0,1.3974353075027466,128,0.052753329277038574,0.039646245539188385,0.02005985751748085,0.05827319622039795,0.04869130626320839,,,,,,,,,,,,,0.26588594913482666,0.24717970192432404,,,0.03918784111738205,0.05827319622039795,0.03707036003470421,0.060110386461019516,1.0
pilot__gru__t2__seed11,gru,GRU,t2,11,True,0.012819411233067513,ring-selected zero-retuning,0.0010878490284085274,dwell,dwell_block128,all blank 128,128,,all_blank,0.03432213515043259,True,1.0,0.0,128,0.05895034596323967,,0.013074018061161041,0.06708420068025589,0.06339907646179199,,,,,,,,,,,,,0.31266793608665466,0.2983928918838501,,,0.03432213515043259,0.06708420068025589,0.03146692365407944,0.06029906123876572,1.0
pilot__gru__t2__seed11,gru,GRU,t2,11,True,0.012819411233067513,ring-selected zero-retuning,0.0014224976766854525,dwell,dwell_block32,blank block 32,32,,variable_sparsity,0.03744998946785927,True,1.0,1.3455064296722412,128,0.05381437763571739,0.040763773024082184,0.018143873661756516,0.056164972484111786,0.0517282634973526,,,,,,,,,,,,,0.2621195316314697,0.24108675122261047,,,0.03932168334722519,0.056164972484111786,0.036555808037519455,0.06243019551038742,1.0
pilot__gru__t2__seed11,gru,GRU,t2,11,True,0.012819411233067513,ring-selected zero-retuning,0.0014406668487936258,dwell,dwell_block64,blank block 64,64,,variable_sparsity,0.03740530088543892,True,1.0,1.2712488174438477,128,0.059263840317726135,0.04395424202084541,0.01675483025610447,0.06276397407054901,0.055874090641736984,,,,,,,,,,,,,0.2588598132133484,0.23638668656349182,,,0.039871346205472946,0.06276397407054901,0.03551788255572319,0.062029652297496796,1.0
pilot__gru__t2__seed11,gru,GRU,t2,11,True,0.012819411233067513,ring-selected zero-retuning,0.001419663429260254,dwell,dwell_block8,blank block 8,8,,variable_sparsity,0.03776292875409126,True,1.0,1.3617379665374756,128,0.05034103989601135,0.03888248652219772,0.01937863975763321,0.05377069115638733,0.048599205911159515,,,,,,,,,,,,,0.261513888835907,0.25120285153388977,,,0.038554150611162186,0.05377069115638733,0.03561636805534363,0.06088084727525711,1.0
pilot__gru__t2__seed11,gru,GRU,t2,11,True,0.012819411233067513,ring-selected zero-retuning,0.0013188126031309366,dwell,dwell_block96,blank block 96,96,,variable_sparsity,0.03782184422016144,True,1.0,0.9547207355499268,128,0.05897284299135208,0.04474843665957451,0.0148462587967515,0.06644295156002045,0.06237354874610901,,,,,,,,,,,,,0.2742413878440857,0.2502067983150482,,,0.039128609001636505,0.06644295156002045,0.0351611003279686,0.06543192267417908,1.0
pilot__gru__t2__seed11,gru,GRU,t2,11,True,0.012819411233067513,ring-selected zero-retuning,0.0015163186471909285,id,id_h128,ID T=128,128,,variable_sparsity,0.03803322836756706,True,1.0,1.3622474670410156,128,0.053395435214042664,0.039688754826784134,0.019798945635557175,0.059081051498651505,0.05214405432343483,0.4325341582298279,0.4054904878139496,0.09581458568572998,0.08961430191993713,0.5718220472335815,0.5588287711143494,0.6750842928886414,0.6448952555656433,0.1484198272228241,0.1419542282819748,0.896541953086853,0.873062014579773,0.2530366778373718,0.23803196847438812,0.34771832823753357,0.3336849808692932,0.03928124159574509,0.059081051498651505,0.03642486035823822,0.06205618381500244,1.0
pilot__gru__t2__seed11,gru,GRU,t2,11,True,0.012819411233067513,ring-selected zero-retuning,0.019929327070713043,length,length_h1024,T=1024,1024,,variable_sparsity,0.14244720339775085,True,1.0,1.6176867485046387,1024,0.23208361864089966,0.15524911880493164,0.02102302573621273,0.2510043978691101,0.20617300271987915,,,,,,,,,,,,,0.37627363204956055,0.3579954504966736,,,0.152112677693367,0.2510043978691101,0.13202613592147827,0.27592769265174866,1.0
pilot__gru__t2__seed11,gru,GRU,t2,11,True,0.012819411233067513,ring-selected zero-retuning,0.03091413527727127,length,length_h1536,T=1536,1536,,variable_sparsity,0.18196503818035126,True,1.0,1.641402244567871,1536,0.2880147695541382,0.1990281492471695,0.02109064720571041,0.3150874376296997,0.2673637568950653,,,,,,,,,,,,,0.42798125743865967,0.39098113775253296,,,0.19484075903892517,0.3150874376296997,0.16631552577018738,0.3547388017177582,1.0
pilot__gru__t2__seed11,gru,GRU,t2,11,True,0.012819411233067513,ring-selected zero-retuning,0.0023446613922715187,length,length_h192,T=192,192,,variable_sparsity,0.04813510179519653,True,1.0,1.4343335628509521,192,0.07181260734796524,0.04963274300098419,0.01987553760409355,0.0782521516084671,0.06530458480119705,,,,,,,,,,,,,0.2713198661804199,0.2529136836528778,,,0.049266375601291656,0.0782521516084671,0.04412272572517395,0.07867556065320969,1.0
pilot__gru__t2__seed11,gru,GRU,t2,11,True,0.012819411233067513,ring-selected zero-retuning,0.0427631214261055,length,length_h2048,T=2048,2048,,variable_sparsity,0.21299344301223755,True,1.0,1.646860122680664,2048,0.3456411361694336,0.23889052867889404,0.02107798121869564,0.376359224319458,0.3160559833049774,,,,,,,,,,,,,0.44673627614974976,0.4087317883968353,,,0.23254084587097168,0.376359224319458,0.2066488116979599,0.40835702419281006,1.0
pilot__gru__t2__seed11,gru,GRU,t2,11,True,0.012819411233067513,ring-selected zero-retuning,0.0032460843212902546,length,length_h256,T=256,256,,variable_sparsity,0.057823456823825836,True,1.0,1.46852445602417,256,0.08728799223899841,0.05907958000898361,0.020392533391714096,0.09717829525470734,0.08221080899238586,,,,,,,,,,,,,0.2930280864238739,0.2694465219974518,,,0.058771781623363495,0.09717829525470734,0.05168239772319794,0.09363025426864624,1.0
pilot__gru__t2__seed11,gru,GRU,t2,11,True,0.012819411233067513,ring-selected zero-retuning,0.005628112703561783,length,length_h384,T=384,384,,variable_sparsity,0.07567261904478073,True,1.0,1.5286071300506592,384,0.11947958171367645,0.07813660800457001,0.02079237811267376,0.13313759863376617,0.10862203687429428,,,,,,,,,,,,,0.3127540946006775,0.284829318523407,,,0.07753191888332367,0.13313759863376617,0.06848973035812378,0.1274920403957367,1.0
pilot__gru__t2__seed11,gru,GRU,t2,11,True,0.012819411233067513,ring-selected zero-retuning,0.008246222510933876,length,length_h512,T=512,512,,variable_sparsity,0.09142255783081055,True,1.0,1.5606231689453125,512,0.14685919880867004,0.09598162025213242,0.021119099110364914,0.15936556458473206,0.1280304491519928,,,,,,,,,,,,,0.3200451731681824,0.29803842306137085,,,0.09486374258995056,0.15936556458473206,0.08381909132003784,0.16121286153793335,1.0
pilot__gru__t2__seed11,gru,GRU,t2,11,True,0.012819411233067513,ring-selected zero-retuning,0.013936135917901993,length,length_h768,T=768,768,,variable_sparsity,0.1185164526104927,True,1.0,1.597855567932129,768,0.1933538019657135,0.12771041691303253,0.021057497709989548,0.21428963541984558,0.17410485446453094,,,,,,,,,,,,,0.33764708042144775,0.29961833357810974,,,0.12545570731163025,0.21428963541984558,0.10669942945241928,0.22191184759140015,1.0
pilot__gru__t2__seed11,gru,GRU,t2,11,True,0.012819411233067513,ring-selected zero-retuning,0.0008629197254776955,velocity,velocity_x0p5,0.5x,0.5,,variable_sparsity,0.03347238898277283,True,1.0,1.1714093685150146,128,0.04399549216032028,0.0317922905087471,0.013969600200653076,0.04764212667942047,0.04505863040685654,,,,,,,,,,,,,0.25657182931900024,0.2364364117383957,,,0.03220584988594055,0.04764212667942047,0.030419282615184784,0.04915542155504227,0.5
pilot__gru__t2__seed11,gru,GRU,t2,11,True,0.012819411233067513,ring-selected zero-retuning,0.001050041290000081,velocity,velocity_x0p75,0.75x,0.75,,variable_sparsity,0.035786814987659454,True,1.0,1.2961249351501465,128,0.046799108386039734,0.03455282747745514,0.015842534601688385,0.051198575645685196,0.04483560472726822,,,,,,,,,,,,,0.2564099431037903,0.24114391207695007,,,0.03485657274723053,0.051198575645685196,0.03259921073913574,0.05408738553524017,0.75
pilot__gru__t2__seed11,gru,GRU,t2,11,True,0.012819411233067513,ring-selected zero-retuning,0.0028877740260213614,velocity,velocity_x1p25,1.25x,1.25,,variable_sparsity,0.04133205860853195,True,1.0,1.407024621963501,128,0.06702091544866562,0.050766389816999435,0.02649576961994171,0.07414527237415314,0.05967199057340622,,,,,,,,,,,,,0.2678194046020508,0.23118682205677032,,,0.04844408482313156,0.07414527237415314,0.040726061910390854,0.08204207569360733,1.25
pilot__gru__t2__seed11,gru,GRU,t2,11,True,0.012819411233067513,ring-selected zero-retuning,0.007484721951186657,velocity,velocity_x1p5,1.5x,1.5,,variable_sparsity,0.049040019512176514,True,1.0,1.4481725692749023,128,0.0944981798529625,0.0756523460149765,0.03634678199887276,0.10538578778505325,0.07139591872692108,,,,,,,,,,,,,0.28911417722702026,0.2642487585544586,,,0.06910159438848495,0.10538578778505325,0.047178931534290314,0.13046225905418396,1.5
pilot__gru__t2__seed11,gru,GRU,t2,11,True,0.012819411233067513,ring-selected zero-retuning,0.04021450877189636,velocity,velocity_x2,2x,2.0,,variable_sparsity,0.09041430056095123,True,1.0,1.4958068132400513,128,0.2152339518070221,0.1931627243757248,0.06433580815792084,0.2315986454486847,0.10037217289209366,,,,,,,,,,,,,0.38629767298698425,0.2774851322174072,,,0.16787073016166687,0.2315986454486847,0.06275922060012817,0.4178658723831177,2.0
pilot__gru__t2__seed11,gru,GRU,t2,11,True,0.012819411233067513,ring-selected zero-retuning,0.16487789154052734,velocity,velocity_x3,3x,3.0,,variable_sparsity,0.27948009967803955,True,1.0,1.5508358478546143,128,0.6273450255393982,0.5711470246315002,0.15234880149364471,0.6674715280532837,0.31383901834487915,,,,,,,,,,,,,0.7231043577194214,0.4482226073741913,,,0.4993518590927124,0.6674715280532837,0.20120729506015778,1.5348657369613647,3.0
pilot__gru__t2__seed11,gru,GRU,t2,11,True,0.012819411233067513,ring-selected zero-retuning,0.2826787233352661,velocity,velocity_x4,4x,4.0,,variable_sparsity,0.46611884236335754,True,1.0,1.5755066871643066,128,1.0160150527954102,0.928631603717804,0.2520071864128113,1.0594427585601807,0.9494635462760925,,,,,,,,,,,,,1.087580680847168,0.9052162766456604,,,0.814781904220581,1.0594427585601807,0.6384482979774475,1.7522921562194824,4.0
pilot__gru__t2__seed12,gru,GRU,t2,12,True,0.01263304241001606,ring-selected zero-retuning,0.001473202952183783,smoothness,correlation_x0p5,ell=0.5x,0.5,,variable_sparsity,0.03611232340335846,True,0.5,1.3333122730255127,128,0.052601732313632965,0.039270125329494476,0.01808871142566204,0.0582960769534111,0.053285591304302216,,,,,,,,,,,,,0.28133124113082886,0.26925143599510193,,,0.03849281743168831,0.0582960769534111,0.03477548807859421,0.05859779566526413,1.0
pilot__gru__t2__seed12,gru,GRU,t2,12,True,0.01263304241001606,ring-selected zero-retuning,0.0014441004022955894,smoothness,correlation_x0p75,ell=0.75x,0.75,,variable_sparsity,0.03701435774564743,True,0.75,1.361224889755249,128,0.05268615484237671,0.0386139452457428,0.01740136183798313,0.05843643471598625,0.051867760717868805,,,,,,,,,,,,,0.2783878743648529,0.27534258365631104,,,0.03822019696235657,0.05843643471598625,0.033940669149160385,0.05557095631957054,1.0
pilot__gru__t2__seed12,gru,GRU,t2,12,True,0.01263304241001606,ring-selected zero-retuning,0.0013703231234103441,smoothness,correlation_x1p5,ell=1.5x,1.5,,variable_sparsity,0.03783279284834862,True,1.5,1.377539873123169,128,0.05421408265829086,0.03880564495921135,0.01739889569580555,0.060457129031419754,0.05353277176618576,,,,,,,,,,,,,0.28514617681503296,0.2773842513561249,,,0.03856617212295532,0.060457129031419754,0.035843390971422195,0.05872310698032379,1.0
pilot__gru__t2__seed12,gru,GRU,t2,12,True,0.01263304241001606,ring-selected zero-retuning,0.0013441888149827719,smoothness,correlation_x2,ell=2x,2.0,,variable_sparsity,0.03804568946361542,True,2.0,1.384145736694336,128,0.05395685136318207,0.03861686587333679,0.017453633248806,0.06056138128042221,0.054665569216012955,,,,,,,,,,,,,0.2736159563064575,0.25548553466796875,,,0.03847627341747284,0.06056138128042221,0.03611274063587189,0.058341607451438904,1.0
pilot__gru__t2__seed12,gru,GRU,t2,12,True,0.01263304241001606,ring-selected zero-retuning,0.0013362393947318196,smoothness,correlation_x3,ell=3x,3.0,,variable_sparsity,0.03850876912474632,True,3.0,1.3864840269088745,128,0.053997308015823364,0.038066912442445755,0.017496969550848007,0.06099764257669449,0.056054163724184036,,,,,,,,,,,,,0.27308160066604614,0.27517735958099365,,,0.03817567974328995,0.06099764257669449,0.03629162907600403,0.057146117091178894,1.0
pilot__gru__t2__seed12,gru,GRU,t2,12,True,0.01263304241001606,ring-selected zero-retuning,0.0013034080620855093,smoothness,correlation_x4,ell=4x,4.0,,variable_sparsity,0.03841104730963707,True,4.0,1.3974353075027466,128,0.05305232107639313,0.037491325289011,0.017410898581147194,0.0600360743701458,0.054447904229164124,,,,,,,,,,,,,0.28557857871055603,0.27971798181533813,,,0.03771771863102913,0.0600360743701458,0.03508072346448898,0.055349789559841156,1.0
pilot__gru__t2__seed12,gru,GRU,t2,12,True,0.01263304241001606,ring-selected zero-retuning,0.0010792454704642296,dwell,dwell_block128,all blank 128,128,,all_blank,0.0340517982840538,True,1.0,0.0,128,0.05872669816017151,,0.012490850873291492,0.06689899414777756,0.06636811792850494,,,,,,,,,,,,,0.31729188561439514,0.31834250688552856,,,0.0340517982840538,0.06689899414777756,0.03206602483987808,0.05927642434835434,1.0
pilot__gru__t2__seed12,gru,GRU,t2,12,True,0.01263304241001606,ring-selected zero-retuning,0.001483009080402553,dwell,dwell_block32,blank block 32,32,,variable_sparsity,0.03655318543314934,True,1.0,1.3455064296722412,128,0.057339515537023544,0.04146189987659454,0.016398785635828972,0.06165456771850586,0.054799214005470276,,,,,,,,,,,,,0.2761796712875366,0.2686142027378082,,,0.03932572156190872,0.06165456771850586,0.03523862361907959,0.05780640244483948,1.0
pilot__gru__t2__seed12,gru,GRU,t2,12,True,0.01263304241001606,ring-selected zero-retuning,0.0013212381163612008,dwell,dwell_block64,blank block 64,64,,variable_sparsity,0.035873353481292725,True,1.0,1.2712488174438477,128,0.05863288417458534,0.043280523270368576,0.01502341777086258,0.06377958506345749,0.058245401829481125,,,,,,,,,,,,,0.2956145405769348,0.2985137701034546,,,0.03866257518529892,0.06377958506345749,0.03681370988488197,0.06019972637295723,1.0
pilot__gru__t2__seed12,gru,GRU,t2,12,True,0.01263304241001606,ring-selected zero-retuning,0.0013748850906267762,dwell,dwell_block8,blank block 8,8,,variable_sparsity,0.03741827979683876,True,1.0,1.3617379665374756,128,0.052068546414375305,0.038563936948776245,0.016936689615249634,0.05742941424250603,0.05241500586271286,,,,,,,,,,,,,0.2686360776424408,0.25332146883010864,,,0.03822794556617737,0.05742941424250603,0.035806991159915924,0.05609792843461037,1.0
pilot__gru__t2__seed12,gru,GRU,t2,12,True,0.01263304241001606,ring-selected zero-retuning,0.0012322538532316685,dwell,dwell_block96,blank block 96,96,,variable_sparsity,0.0364728681743145,True,1.0,0.9547207355499268,128,0.05859658494591713,0.045080821961164474,0.013642759062349796,0.0685005933046341,0.06284448504447937,,,,,,,,,,,,,0.29458165168762207,0.29061388969421387,,,0.0380968376994133,0.0685005933046341,0.034328509122133255,0.06040562689304352,1.0
pilot__gru__t2__seed12,gru,GRU,t2,12,True,0.01263304241001606,ring-selected zero-retuning,0.0013610909227281809,id,id_h128,ID T=128,128,,variable_sparsity,0.03774004429578781,True,1.0,1.3622474670410156,128,0.052170250564813614,0.03802366554737091,0.017197128385305405,0.05867348238825798,0.05326950177550316,0.48298048973083496,0.4609062671661377,0.10150828957557678,0.10153739154338837,0.6601909399032593,0.6450721025466919,0.802959144115448,0.7711909413337708,0.15835259854793549,0.1598193198442459,1.1811363697052002,1.117570400238037,0.2732028365135193,0.2675624191761017,0.3817763328552246,0.36111122369766235,0.037953853607177734,0.05867348238825798,0.034528542309999466,0.057204972952604294,1.0
pilot__gru__t2__seed12,gru,GRU,t2,12,True,0.01263304241001606,ring-selected zero-retuning,0.024642467498779297,length,length_h1024,T=1024,1024,,variable_sparsity,0.17037853598594666,True,1.0,1.6176867485046387,1024,0.2951933741569519,0.1831318438053131,0.01774776168167591,0.33119285106658936,0.3219684362411499,,,,,,,,,,,,,0.47278356552124023,0.4651561975479126,,,0.18000730872154236,0.33119285106658936,0.17177802324295044,0.27948856353759766,1.0
pilot__gru__t2__seed12,gru,GRU,t2,12,True,0.01263304241001606,ring-selected zero-retuning,0.04656287282705307,length,length_h1536,T=1536,1536,,variable_sparsity,0.24424169957637787,True,1.0,1.641402244567871,1536,0.41740894317626953,0.25635281205177307,0.01773153804242611,0.46504873037338257,0.45737144351005554,,,,,,,,,,,,,0.5858988165855408,0.5854256749153137,,,0.2533806562423706,0.46504873037338257,0.24742645025253296,0.3822357654571533,1.0
pilot__gru__t2__seed12,gru,GRU,t2,12,True,0.01263304241001606,ring-selected zero-retuning,0.002087176311761141,length,length_h192,T=192,192,,variable_sparsity,0.04760591685771942,True,1.0,1.4343335628509521,192,0.07131485641002655,0.0484570674598217,0.016860296949744225,0.08011647313833237,0.0713486298918724,,,,,,,,,,,,,0.28283143043518066,0.27929380536079407,,,0.04824885353446007,0.08011647313833237,0.044097818434238434,0.07847138494253159,1.0
pilot__gru__t2__seed12,gru,GRU,t2,12,True,0.01263304241001606,ring-selected zero-retuning,0.07398001849651337,length,length_h2048,T=2048,2048,,variable_sparsity,0.31237268447875977,True,1.0,1.646860122680664,2048,0.5392084121704102,0.32888662815093994,0.01763199456036091,0.6126634478569031,0.6066420078277588,,,,,,,,,,,,,0.7519464492797852,0.7684509754180908,,,0.3248375654220581,0.6126634478569031,0.3136662542819977,0.4663638174533844,1.0
pilot__gru__t2__seed12,gru,GRU,t2,12,True,0.01263304241001606,ring-selected zero-retuning,0.0030470474157482386,length,length_h256,T=256,256,,variable_sparsity,0.057195160537958145,True,1.0,1.46852445602417,256,0.09107209742069244,0.0595257543027401,0.01721828058362007,0.10178816318511963,0.09024249762296677,,,,,,,,,,,,,0.29487332701683044,0.2783002555370331,,,0.05895466357469559,0.10178816318511963,0.055057935416698456,0.09754346311092377,1.0
pilot__gru__t2__seed12,gru,GRU,t2,12,True,0.01263304241001606,ring-selected zero-retuning,0.005397236905992031,length,length_h384,T=384,384,,variable_sparsity,0.07559501379728317,True,1.0,1.5286071300506592,384,0.12597474455833435,0.08102026581764221,0.017630841583013535,0.139803946018219,0.12991288304328918,,,,,,,,,,,,,0.3365309536457062,0.32493355870246887,,,0.07968884706497192,0.139803946018219,0.07246817648410797,0.12444210052490234,1.0
pilot__gru__t2__seed12,gru,GRU,t2,12,True,0.01263304241001606,ring-selected zero-retuning,0.008268622681498528,length,length_h512,T=512,512,,variable_sparsity,0.0936126783490181,True,1.0,1.5606231689453125,512,0.16236644983291626,0.10254959017038345,0.017956051975488663,0.1858484148979187,0.17294369637966156,,,,,,,,,,,,,0.3634605407714844,0.35374751687049866,,,0.10035824775695801,0.1858484148979187,0.09056014567613602,0.1570267528295517,1.0
pilot__gru__t2__seed12,gru,GRU,t2,12,True,0.01263304241001606,ring-selected zero-retuning,0.015879636630415916,length,length_h768,T=768,768,,variable_sparsity,0.13172559440135956,True,1.0,1.597855567932129,768,0.23342019319534302,0.14482426643371582,0.017914697527885437,0.259620726108551,0.24637550115585327,,,,,,,,,,,,,0.4073133170604706,0.39339423179626465,,,0.1416119635105133,0.259620726108551,0.1338925063610077,0.21847224235534668,1.0
pilot__gru__t2__seed12,gru,GRU,t2,12,True,0.01263304241001606,ring-selected zero-retuning,0.0008521871059201658,velocity,velocity_x0p5,0.5x,0.5,,variable_sparsity,0.03439493104815483,True,1.0,1.1714093685150146,128,0.04659159481525421,0.03176640719175339,0.012051425874233246,0.0515836700797081,0.04909054562449455,,,,,,,,,,,,,0.2830517292022705,0.2690975069999695,,,0.03241343051195145,0.0515836700797081,0.031272873282432556,0.04946541786193848,0.5
pilot__gru__t2__seed12,gru,GRU,t2,12,True,0.01263304241001606,ring-selected zero-retuning,0.000935518357437104,velocity,velocity_x0p75,0.75x,0.75,,variable_sparsity,0.035721052438020706,True,1.0,1.2961249351501465,128,0.04678935930132866,0.03330402821302414,0.01354727428406477,0.05196712166070938,0.048720262944698334,,,,,,,,,,,,,0.2806999683380127,0.2802654504776001,,,0.03389899060130119,0.05196712166070938,0.03218930959701538,0.05078519880771637,0.75
pilot__gru__t2__seed12,gru,GRU,t2,12,True,0.01263304241001606,ring-selected zero-retuning,0.002992998342961073,velocity,velocity_x1p25,1.25x,1.25,,variable_sparsity,0.040760185569524765,True,1.0,1.407024621963501,128,0.06532688438892365,0.05029419809579849,0.023302115499973297,0.07271797955036163,0.05774036422371864,,,,,,,,,,,,,0.283483624458313,0.2610413432121277,,,0.04794735834002495,0.07271797955036163,0.038290876895189285,0.0752195417881012,1.25
pilot__gru__t2__seed12,gru,GRU,t2,12,True,0.01263304241001606,ring-selected zero-retuning,0.007978292182087898,velocity,velocity_x1p5,1.5x,1.5,,variable_sparsity,0.04958416894078255,True,1.0,1.4481725692749023,128,0.09259124100208282,0.07683472335338593,0.03218146041035652,0.09943636506795883,0.06301426142454147,,,,,,,,,,,,,0.29277288913726807,0.2769518196582794,,,0.07012687623500824,0.09943636506795883,0.044301602989435196,0.12938520312309265,1.5
pilot__gru__t2__seed12,gru,GRU,t2,12,True,0.01263304241001606,ring-selected zero-retuning,0.047926850616931915,velocity,velocity_x2,2x,2.0,,variable_sparsity,0.09827614575624466,True,1.0,1.4958068132400513,128,0.23447200655937195,0.20438729226589203,0.05689284950494766,0.24954712390899658,0.0982510894536972,,,,,,,,,,,,,0.40254902839660645,0.2982460558414459,,,0.17826753854751587,0.24954712390899658,0.06722957640886307,0.4572749137878418,2.0
pilot__gru__t2__seed12,gru,GRU,t2,12,True,0.01263304241001606,ring-selected zero-retuning,0.1816255748271942,velocity,velocity_x3,3x,3.0,,variable_sparsity,0.3025556206703186,True,1.0,1.5508358478546143,128,0.6365764141082764,0.5809577703475952,0.13762061297893524,0.6878641843795776,0.32974565029144287,,,,,,,,,,,,,0.7576686143875122,0.4421197474002838,,,0.5124276876449585,0.6878641843795776,0.22224336862564087,1.4919716119766235,3.0
pilot__gru__t2__seed12,gru,GRU,t2,12,True,0.01263304241001606,ring-selected zero-retuning,0.3073381185531616,velocity,velocity_x4,4x,4.0,,variable_sparsity,0.49166449904441833,True,1.0,1.5755066871643066,128,1.0440555810928345,0.942693293094635,0.2377432882785797,1.0904595851898193,1.0306177139282227,,,,,,,,,,,,,1.1250970363616943,1.048919677734375,,,0.8316704034805298,1.0904595851898193,0.647942066192627,1.7609095573425293,4.0
pilot__lstm__t2__seed10,lstm,LSTM,t2,10,True,0.012849373742938042,ring-selected zero-retuning,0.0013208636082708836,smoothness,correlation_x0p5,ell=0.5x,0.5,,variable_sparsity,0.04378223046660423,True,0.5,1.3333122730255127,128,0.062176600098609924,0.03913906589150429,0.012496493756771088,0.0693528950214386,0.06713990122079849,,,,,,,,,,,,,0.4056168794631958,0.39048507809638977,,,0.040282003581523895,0.0693528950214386,0.03894804045557976,0.062076468020677567,1.0
pilot__lstm__t2__seed10,lstm,LSTM,t2,10,True,0.012849373742938042,ring-selected zero-retuning,0.0012906288029626012,smoothness,correlation_x0p75,ell=0.75x,0.75,,variable_sparsity,0.04381232708692551,True,0.75,1.361224889755249,128,0.06051892042160034,0.0377960205078125,0.01257597841322422,0.06793054193258286,0.0660371258854866,,,,,,,,,,,,,0.39277395606040955,0.38143035769462585,,,0.039276961237192154,0.06793054193258286,0.03642010688781738,0.0626741349697113,1.0
pilot__lstm__t2__seed10,lstm,LSTM,t2,10,True,0.012849373742938042,ring-selected zero-retuning,0.001268568099476397,smoothness,correlation_x1p5,ell=1.5x,1.5,,variable_sparsity,0.04358938708901405,True,1.5,1.377539873123169,128,0.060363203287124634,0.037719350308179855,0.012832663021981716,0.06758832931518555,0.06369554251432419,,,,,,,,,,,,,0.4013322591781616,0.4085451364517212,,,0.039164286106824875,0.06758832931518555,0.03687204793095589,0.060643039643764496,1.0
pilot__lstm__t2__seed10,lstm,LSTM,t2,10,True,0.012849373742938042,ring-selected zero-retuning,0.0013115338515490294,smoothness,correlation_x2,ell=2x,2.0,,variable_sparsity,0.04395825043320656,True,2.0,1.384145736694336,128,0.06167805939912796,0.038432855159044266,0.012930108234286308,0.0676078051328659,0.061897825449705124,,,,,,,,,,,,,0.38748112320899963,0.3780294358730316,,,0.03979295864701271,0.0676078051328659,0.038938168436288834,0.061069995164871216,1.0
pilot__lstm__t2__seed10,lstm,LSTM,t2,10,True,0.012849373742938042,ring-selected zero-retuning,0.001302103977650404,smoothness,correlation_x3,ell=3x,3.0,,variable_sparsity,0.04359132796525955,True,3.0,1.3864840269088745,128,0.060256991535425186,0.037898700684309006,0.013134313747286797,0.06734899431467056,0.059809938073158264,,,,,,,,,,,,,0.4209033250808716,0.4074708819389343,,,0.039299964904785156,0.06734899431467056,0.03712901473045349,0.06281442940235138,1.0
pilot__lstm__t2__seed10,lstm,LSTM,t2,10,True,0.012849373742938042,ring-selected zero-retuning,0.001289796200580895,smoothness,correlation_x4,ell=4x,4.0,,variable_sparsity,0.0435091033577919,True,4.0,1.3974353075027466,128,0.06027261167764664,0.03767910227179527,0.013029195368289948,0.06750473380088806,0.06261648237705231,,,,,,,,,,,,,0.4087443947792053,0.4126037061214447,,,0.03911418467760086,0.06750473380088806,0.037097156047821045,0.061154961585998535,1.0
pilot__lstm__t2__seed10,lstm,LSTM,t2,10,True,0.012849373742938042,ring-selected zero-retuning,0.0023652866948395967,dwell,dwell_block128,all blank 128,128,,all_blank,0.05356089025735855,True,1.0,0.0,128,0.09074380248785019,,0.011020851321518421,0.10289138555526733,0.10533634573221207,,,,,,,,,,,,,0.4426371157169342,0.45353856682777405,,,0.05356089025735855,0.10289138555526733,0.053973764181137085,0.0864761620759964,1.0
pilot__lstm__t2__seed10,lstm,LSTM,t2,10,True,0.012849373742938042,ring-selected zero-retuning,0.0014026432763785124,dwell,dwell_block32,blank block 32,32,,variable_sparsity,0.04227524250745773,True,1.0,1.3455064296722412,128,0.06525307148694992,0.04054493084549904,0.012167784385383129,0.07181636244058609,0.0678575187921524,,,,,,,,,,,,,0.4041252136230469,0.3716462552547455,,,0.041297927498817444,0.07181636244058609,0.03889879584312439,0.06467270851135254,1.0
pilot__lstm__t2__seed10,lstm,LSTM,t2,10,True,0.012849373742938042,ring-selected zero-retuning,0.0015773293562233448,dwell,dwell_block64,blank block 64,64,,variable_sparsity,0.04299468547105789,True,1.0,1.2712488174438477,128,0.07121924310922623,0.04376130923628807,0.011744278483092785,0.07750526815652847,0.07468347251415253,,,,,,,,,,,,,0.39329737424850464,0.39396151900291443,,,0.0432833656668663,0.07750526815652847,0.042809054255485535,0.07174479961395264,1.0
pilot__lstm__t2__seed10,lstm,LSTM,t2,10,True,0.012849373742938042,ring-selected zero-retuning,0.0012906924821436405,dwell,dwell_block8,blank block 8,8,,variable_sparsity,0.04260450229048729,True,1.0,1.3617379665374756,128,0.06022363156080246,0.037910375744104385,0.012455402873456478,0.06711344420909882,0.062445513904094696,,,,,,,,,,,,,0.4025191068649292,0.3871786296367645,,,0.03928703814744949,0.06711344420909882,0.036851298063993454,0.06494837999343872,1.0
pilot__lstm__t2__seed10,lstm,LSTM,t2,10,True,0.012849373742938042,ring-selected zero-retuning,0.0019382295431569219,dwell,dwell_block96,blank block 96,96,,variable_sparsity,0.0477304644882679,True,1.0,0.9547207355499268,128,0.07911869883537292,0.049437325447797775,0.011284677311778069,0.08782404661178589,0.07972338050603867,,,,,,,,,,,,,0.39385169744491577,0.39171499013900757,,,0.048052482306957245,0.08782404661178589,0.045908987522125244,0.08098707348108292,1.0
pilot__lstm__t2__seed10,lstm,LSTM,t2,10,True,0.012849373742938042,ring-selected zero-retuning,0.0012778083328157663,id,id_h128,ID T=128,128,,variable_sparsity,0.04361861199140549,True,1.0,1.3622474670410156,128,0.06078263744711876,0.037969425320625305,0.012424493208527565,0.06792104244232178,0.06386953592300415,0.6831904649734497,0.6935645341873169,0.14777109026908875,0.14863558113574982,0.8710308074951172,0.8805096745491028,1.0169322490692139,1.0252667665481567,0.2405834197998047,0.23656970262527466,1.4277255535125732,1.352834701538086,0.4144546389579773,0.4105623662471771,0.5610541105270386,0.5686163306236267,0.03935999795794487,0.06792104244232178,0.03695604205131531,0.06280841678380966,1.0
pilot__lstm__t2__seed10,lstm,LSTM,t2,10,True,0.012849373742938042,ring-selected zero-retuning,0.03179202228784561,length,length_h1024,T=1024,1024,,variable_sparsity,0.2471497803926468,True,1.0,1.6176867485046387,1024,0.35833996534347534,0.20221032202243805,0.013018198311328888,0.406097412109375,0.3920229971408844,,,,,,,,,,,,,0.6513656377792358,0.6504326462745667,,,0.21322044730186462,0.406097412109375,0.20866096019744873,0.2942046821117401,1.0
pilot__lstm__t2__seed10,lstm,LSTM,t2,10,True,0.012849373742938042,ring-selected zero-retuning,0.06365767121315002,length,length_h1536,T=1536,1536,,variable_sparsity,0.3489466607570648,True,1.0,1.641402244567871,1536,0.5186333656311035,0.2938935160636902,0.013014664873480797,0.5872142314910889,0.5659533143043518,,,,,,,,,,,,,0.8086361885070801,0.7916509509086609,,,0.3074039816856384,0.5872142314910889,0.2952854037284851,0.40514621138572693,1.0
pilot__lstm__t2__seed10,lstm,LSTM,t2,10,True,0.012849373742938042,ring-selected zero-retuning,0.002236446598544717,length,length_h192,T=192,192,,variable_sparsity,0.060203250497579575,True,1.0,1.4343335628509521,192,0.08454333990812302,0.05103588476777077,0.012532098218798637,0.09407010674476624,0.09305167198181152,,,,,,,,,,,,,0.4313092529773712,0.4089846611022949,,,0.05327848717570305,0.09407010674476624,0.05124353617429733,0.08155416697263718,1.0
pilot__lstm__t2__seed10,lstm,LSTM,t2,10,True,0.012849373742938042,ring-selected zero-retuning,0.10415441542863846,length,length_h2048,T=2048,2048,,variable_sparsity,0.44440320134162903,True,1.0,1.646860122680664,2048,0.6753066182136536,0.38475435972213745,0.01303683128207922,0.7646373510360718,0.7530360817909241,,,,,,,,,,,,,0.9735263586044312,0.9628105759620667,,,0.3993796408176422,0.7646373510360718,0.38613733649253845,0.5156745910644531,1.0
pilot__lstm__t2__seed10,lstm,LSTM,t2,10,True,0.012849373742938042,ring-selected zero-retuning,0.003450669813901186,length,length_h256,T=256,256,,variable_sparsity,0.07694469392299652,True,1.0,1.46852445602417,256,0.10764163732528687,0.06359904259443283,0.012739045545458794,0.11905858665704727,0.11636309325695038,,,,,,,,,,,,,0.42107921838760376,0.393442302942276,,,0.06686927378177643,0.11905858665704727,0.06452392041683197,0.1024591401219368,1.0
pilot__lstm__t2__seed10,lstm,LSTM,t2,10,True,0.012849373742938042,ring-selected zero-retuning,0.0064520458690822124,length,length_h384,T=384,384,,variable_sparsity,0.10697852820158005,True,1.0,1.5286071300506592,384,0.1485464870929718,0.08721927553415298,0.012862129136919975,0.16499602794647217,0.15631254017353058,,,,,,,,,,,,,0.4622698426246643,0.4470026195049286,,,0.09206843376159668,0.16499602794647217,0.08827396482229233,0.14082545042037964,1.0
pilot__lstm__t2__seed10,lstm,LSTM,t2,10,True,0.012849373742938042,ring-selected zero-retuning,0.010164016857743263,length,length_h512,T=512,512,,variable_sparsity,0.13590355217456818,True,1.0,1.5606231689453125,512,0.19021491706371307,0.1103358045220375,0.012995786964893341,0.21455678343772888,0.20670689642429352,,,,,,,,,,,,,0.5086115002632141,0.49824705719947815,,,0.11660505831241608,0.21455678343772888,0.11123068630695343,0.184049591422081,1.0
pilot__lstm__t2__seed10,lstm,LSTM,t2,10,True,0.012849373742938042,ring-selected zero-retuning,0.0195186547935009,length,length_h768,T=768,768,,variable_sparsity,0.19222810864448547,True,1.0,1.597855567932129,768,0.27306264638900757,0.1559506207704544,0.013007497414946556,0.3101871609687805,0.30397486686706543,,,,,,,,,,,,,0.6024960279464722,0.6016767621040344,,,0.16484728455543518,0.3101871609687805,0.16255342960357666,0.23719537258148193,1.0
pilot__lstm__t2__seed10,lstm,LSTM,t2,10,True,0.012849373742938042,ring-selected zero-retuning,0.0012323022820055485,velocity,velocity_x0p5,0.5x,0.5,,variable_sparsity,0.04283729940652847,True,1.0,1.1714093685150146,128,0.061380784958601,0.03766085207462311,0.010304032824933529,0.06943708658218384,0.06496964395046234,,,,,,,,,,,,,0.407863974571228,0.4027192294597626,,,0.03893505781888962,0.06943708658218384,0.03632981330156326,0.06225702911615372,0.5
pilot__lstm__t2__seed10,lstm,LSTM,t2,10,True,0.012849373742938042,ring-selected zero-retuning,0.0011913648340851068,velocity,velocity_x0p75,0.75x,0.75,,variable_sparsity,0.04285217076539993,True,1.0,1.2961249351501465,128,0.06047207862138748,0.03699097782373428,0.010933944955468178,0.06844078004360199,0.06532984972000122,,,,,,,,,,,,,0.40605831146240234,0.38846564292907715,,,0.038433738052845,0.06844078004360199,0.03617597371339798,0.05940426141023636,0.75
pilot__lstm__t2__seed10,lstm,LSTM,t2,10,True,0.012849373742938042,ring-selected zero-retuning,0.0018139118328690529,velocity,velocity_x1p25,1.25x,1.25,,variable_sparsity,0.04680299386382103,True,1.0,1.407024621963501,128,0.06509828567504883,0.04217033460736275,0.01559094525873661,0.07054799795150757,0.0662306696176529,,,,,,,,,,,,,0.4191458523273468,0.4381118714809418,,,0.04331068694591522,0.07054799795150757,0.038865234702825546,0.06660308688879013,1.25
pilot__lstm__t2__seed10,lstm,LSTM,t2,10,True,0.012849373742938042,ring-selected zero-retuning,0.0037681267131119967,velocity,velocity_x1p5,1.5x,1.5,,variable_sparsity,0.054366376250982285,True,1.0,1.4481725692749023,128,0.07982959598302841,0.054200179874897,0.021540172398090363,0.08661341667175293,0.06671827286481857,,,,,,,,,,,,,0.4254191517829895,0.39380982518196106,,,0.05424109101295471,0.08661341667175293,0.04051009193062782,0.08655437082052231,1.5
pilot__lstm__t2__seed10,lstm,LSTM,t2,10,True,0.012849373742938042,ring-selected zero-retuning,0.023969575762748718,velocity,velocity_x2,2x,2.0,,variable_sparsity,0.0954313725233078,True,1.0,1.4958068132400513,128,0.16955015063285828,0.12866176664829254,0.04251314699649811,0.1883247047662735,0.09039770066738129,,,,,,,,,,,,,0.4849017858505249,0.4380089342594147,,,0.1204819530248642,0.1883247047662735,0.052076779305934906,0.2783169150352478,2.0
pilot__lstm__t2__seed10,lstm,LSTM,t2,10,True,0.012849373742938042,ring-selected zero-retuning,0.13374650478363037,velocity,velocity_x3,3x,3.0,,variable_sparsity,0.307338148355484,True,1.0,1.5508358478546143,128,0.5493888854980469,0.4660175144672394,0.12469179928302765,0.6077365875244141,0.20934966206550598,,,,,,,,,,,,,0.7950536012649536,0.5663645267486572,,,0.4269578456878662,0.6077365875244141,0.12578867375850677,1.4235057830810547,3.0
pilot__lstm__t2__seed10,lstm,LSTM,t2,10,True,0.012849373742938042,ring-selected zero-retuning,0.24107766151428223,velocity,velocity_x4,4x,4.0,,variable_sparsity,0.43870002031326294,True,1.0,1.5755066871643066,128,0.8854954242706299,0.7890052199363708,0.22235992550849915,0.9428668022155762,0.7786574959754944,,,,,,,,,,,,,1.0731323957443237,0.8601134419441223,,,0.7027759552001953,0.9428668022155762,0.46898651123046875,1.6849606037139893,4.0
pilot__lstm__t2__seed11,lstm,LSTM,t2,11,True,0.013123773038387299,ring-selected zero-retuning,0.0015202934155240655,smoothness,correlation_x0p5,ell=0.5x,0.5,,variable_sparsity,0.04142722859978676,True,0.5,1.3333122730255127,128,0.062427401542663574,0.04110116884112358,0.013024145737290382,0.06859836727380753,0.06231458857655525,,,,,,,,,,,,,0.38269370794296265,0.360186904668808,,,0.04118143022060394,0.06859836727380753,0.03844870999455452,0.06394096463918686,1.0
pilot__lstm__t2__seed11,lstm,LSTM,t2,11,True,0.013123773038387299,ring-selected zero-retuning,0.0014628723729401827,smoothness,correlation_x0p75,ell=0.75x,0.75,,variable_sparsity,0.04289747774600983,True,0.75,1.361224889755249,128,0.06166528910398483,0.03914271667599678,0.012987039051949978,0.06786620616912842,0.060936156660318375,,,,,,,,,,,,,0.39673006534576416,0.3837278187274933,,,0.04006696864962578,0.06786620616912842,0.037065811455249786,0.06399218738079071,1.0
pilot__lstm__t2__seed11,lstm,LSTM,t2,11,True,0.013123773038387299,ring-selected zero-retuning,0.0013772922102361917,smoothness,correlation_x1p5,ell=1.5x,1.5,,variable_sparsity,0.04314937815070152,True,1.5,1.377539873123169,128,0.0604742206633091,0.03831605985760689,0.013120762072503567,0.06754650175571442,0.06103675812482834,,,,,,,,,,,,,0.3996022343635559,0.38877931237220764,,,0.03950580582022667,0.06754650175571442,0.035877861082553864,0.061109524220228195,1.0
pilot__lstm__t2__seed11,lstm,LSTM,t2,11,True,0.013123773038387299,ring-selected zero-retuning,0.0013589871814474463,smoothness,correlation_x2,ell=2x,2.0,,variable_sparsity,0.042657382786273956,True,2.0,1.384145736694336,128,0.05890625715255737,0.037642233073711395,0.013236365281045437,0.06501077115535736,0.05678749084472656,,,,,,,,,,,,,0.3839282691478729,0.3679294288158417,,,0.0388767383992672,0.06501077115535736,0.034551918506622314,0.06423258781433105,1.0
pilot__lstm__t2__seed11,lstm,LSTM,t2,11,True,0.013123773038387299,ring-selected zero-retuning,0.0014000453520566225,smoothness,correlation_x3,ell=3x,3.0,,variable_sparsity,0.04219190776348114,True,3.0,1.3864840269088745,128,0.05993858724832535,0.03822668641805649,0.013330649584531784,0.06675532460212708,0.06339183449745178,,,,,,,,,,,,,0.39171499013900757,0.3807111084461212,,,0.0392027422785759,0.06675532460212708,0.0352138951420784,0.06271478533744812,1.0
pilot__lstm__t2__seed11,lstm,LSTM,t2,11,True,0.013123773038387299,ring-selected zero-retuning,0.0014170607319101691,smoothness,correlation_x4,ell=4x,4.0,,variable_sparsity,0.041829418390989304,True,4.0,1.3974353075027466,128,0.060296431183815,0.038475096225738525,0.013342085294425488,0.06703519821166992,0.05898382142186165,,,,,,,,,,,,,0.38738539814949036,0.3646288514137268,,,0.03930077701807022,0.06703519821166992,0.03517988696694374,0.06415296345949173,1.0
pilot__lstm__t2__seed11,lstm,LSTM,t2,11,True,0.013123773038387299,ring-selected zero-retuning,0.0018751176539808512,dwell,dwell_block128,all blank 128,128,,all_blank,0.04717179760336876,True,1.0,0.0,128,0.0813671201467514,,0.009582163766026497,0.09262821078300476,0.08648932725191116,,,,,,,,,,,,,0.42649132013320923,0.4048820436000824,,,0.04717179760336876,0.09262821078300476,0.044450387358665466,0.07605387270450592,1.0
pilot__lstm__t2__seed11,lstm,LSTM,t2,11,True,0.013123773038387299,ring-selected zero-retuning,0.0014355819439515471,dwell,dwell_block32,blank block 32,32,,variable_sparsity,0.042643893510103226,True,1.0,1.3455064296722412,128,0.06355515122413635,0.03992073982954025,0.012070312164723873,0.0698004886507988,0.06852268427610397,,,,,,,,,,,,,0.39845186471939087,0.39017239212989807,,,0.04110580310225487,0.0698004886507988,0.0386364609003067,0.06819955259561539,1.0
pilot__lstm__t2__seed11,lstm,LSTM,t2,11,True,0.013123773038387299,ring-selected zero-retuning,0.0016063080402091146,dwell,dwell_block64,blank block 64,64,,variable_sparsity,0.044100500643253326,True,1.0,1.2712488174438477,128,0.0713745579123497,0.04368336498737335,0.011353971436619759,0.07578159123659134,0.07186934351921082,,,,,,,,,,,,,0.3849066495895386,0.36633622646331787,,,0.04394342005252838,0.07578159123659134,0.042172081768512726,0.07190768420696259,1.0
pilot__lstm__t2__seed11,lstm,LSTM,t2,11,True,0.013123773038387299,ring-selected zero-retuning,0.0013590231537818909,dwell,dwell_block8,blank block 8,8,,variable_sparsity,0.04313332960009575,True,1.0,1.3617379665374756,128,0.0606921911239624,0.03856663778424263,0.012709768489003181,0.06744512915611267,0.06352123618125916,,,,,,,,,,,,,0.3886432945728302,0.37826380133628845,,,0.03990592807531357,0.06744512915611267,0.03834633529186249,0.06361580640077591,1.0
pilot__lstm__t2__seed11,lstm,LSTM,t2,11,True,0.013123773038387299,ring-selected zero-retuning,0.0017102709971368313,dwell,dwell_block96,blank block 96,96,,variable_sparsity,0.044715143740177155,True,1.0,0.9547207355499268,128,0.07553400099277496,0.04637058451771736,0.010710911825299263,0.08349841088056564,0.07771583646535873,,,,,,,,,,,,,0.39337414503097534,0.36855170130729675,,,0.04502745717763901,0.08349841088056564,0.04289444908499718,0.07346414029598236,1.0
pilot__lstm__t2__seed11,lstm,LSTM,t2,11,True,0.013123773038387299,ring-selected zero-retuning,0.001390429213643074,id,id_h128,ID T=128,128,,variable_sparsity,0.04366657882928848,True,1.0,1.3622474670410156,128,0.06164667755365372,0.03880748152732849,0.012738920748233795,0.06776897609233856,0.06386379897594452,0.6430261731147766,0.627701997756958,0.13300195336341858,0.12827637791633606,0.8280235528945923,0.8136017322540283,0.9447593688964844,0.9029784202575684,0.21630340814590454,0.2021743208169937,1.1153188943862915,0.9998452067375183,0.37813127040863037,0.36294540762901306,0.5208658576011658,0.50241619348526,0.04000357538461685,0.06776897609233856,0.03858138620853424,0.06418222188949585,1.0
pilot__lstm__t2__seed11,lstm,LSTM,t2,11,True,0.013123773038387299,ring-selected zero-retuning,0.027532272040843964,length,length_h1024,T=1024,1024,,variable_sparsity,0.20294298231601715,True,1.0,1.6176867485046387,1024,0.30568116903305054,0.18824319541454315,0.013626795262098312,0.3404354453086853,0.3323970437049866,,,,,,,,,,,,,0.5793993473052979,0.5865590572357178,,,0.191844642162323,0.3404354453086853,0.18669283390045166,0.29277992248535156,1.0
pilot__lstm__t2__seed11,lstm,LSTM,t2,11,True,0.013123773038387299,ring-selected zero-retuning,0.052073217928409576,length,length_h1536,T=1536,1536,,variable_sparsity,0.283993124961853,True,1.0,1.641402244567871,1536,0.43987783789634705,0.26292115449905396,0.01358497142791748,0.49723488092422485,0.49291035532951355,,,,,,,,,,,,,0.6575387716293335,0.6507025361061096,,,0.2680923640727997,0.49723488092422485,0.256960928440094,0.3894607722759247,1.0
pilot__lstm__t2__seed11,lstm,LSTM,t2,11,True,0.013123773038387299,ring-selected zero-retuning,0.002396117663010955,length,length_h192,T=192,192,,variable_sparsity,0.05920591577887535,True,1.0,1.4343335628509521,192,0.08233949542045593,0.05124380812048912,0.012892487458884716,0.09010861814022064,0.08183582872152328,,,,,,,,,,,,,0.3964856266975403,0.37759894132614136,,,0.053191568702459335,0.09010861814022064,0.05116475746035576,0.08269427716732025,1.0
pilot__lstm__t2__seed11,lstm,LSTM,t2,11,True,0.013123773038387299,ring-selected zero-retuning,0.08259379863739014,length,length_h2048,T=2048,2048,,variable_sparsity,0.36330273747444153,True,1.0,1.646860122680664,2048,0.5698920488357544,0.33712339401245117,0.013620417565107346,0.6475715637207031,0.6320405006408691,,,,,,,,,,,,,0.8214724063873291,0.799253523349762,,,0.34354227781295776,0.6475715637207031,0.3306080102920532,0.48404645919799805,1.0
pilot__lstm__t2__seed11,lstm,LSTM,t2,11,True,0.013123773038387299,ring-selected zero-retuning,0.003606197191402316,length,length_h256,T=256,256,,variable_sparsity,0.07375769317150116,True,1.0,1.46852445602417,256,0.10449640452861786,0.06350558996200562,0.013033190742135048,0.11681030690670013,0.11139586567878723,,,,,,,,,,,,,0.402704656124115,0.3778954744338989,,,0.06601777672767639,0.11681030690670013,0.06317497789859772,0.10373827815055847,1.0
pilot__lstm__t2__seed11,lstm,LSTM,t2,11,True,0.013123773038387299,ring-selected zero-retuning,0.006505054421722889,length,length_h384,T=384,384,,variable_sparsity,0.09894511103630066,True,1.0,1.5286071300506592,384,0.14233312010765076,0.08684442192316055,0.013431111350655556,0.15486077964305878,0.14473335444927216,,,,,,,,,,,,,0.393700510263443,0.3563172221183777,,,0.08981406688690186,0.15486077964305878,0.08344605565071106,0.14402374625205994,1.0
pilot__lstm__t2__seed11,lstm,LSTM,t2,11,True,0.013123773038387299,ring-selected zero-retuning,0.009975934401154518,length,length_h512,T=512,512,,variable_sparsity,0.12022130936384201,True,1.0,1.5606231689453125,512,0.1772611290216446,0.10889977961778641,0.013520431704819202,0.2005683034658432,0.18382997810840607,,,,,,,,,,,,,0.44263267517089844,0.42266976833343506,,,0.11167584359645844,0.2005683034658432,0.10459206253290176,0.17905394732952118,1.0
pilot__lstm__t2__seed11,lstm,LSTM,t2,11,True,0.013123773038387299,ring-selected zero-retuning,0.01824439875781536,length,length_h768,T=768,768,,variable_sparsity,0.16320203244686127,True,1.0,1.597855567932129,768,0.24736595153808594,0.15087637305259705,0.013541778549551964,0.27195554971694946,0.26749560236930847,,,,,,,,,,,,,0.5098263025283813,0.4859956204891205,,,0.15389913320541382,0.27195554971694946,0.14643645286560059,0.24113059043884277,1.0
pilot__lstm__t2__seed11,lstm,LSTM,t2,11,True,0.013123773038387299,ring-selected zero-retuning,0.0012565755750983953,velocity,velocity_x0p5,0.5x,0.5,,variable_sparsity,0.04231982305645943,True,1.0,1.1714093685150146,128,0.06216409057378769,0.03753206506371498,0.009700877591967583,0.06866072863340378,0.06220129877328873,,,,,,,,,,,,,0.3972138464450836,0.3870110511779785,,,0.038710594177246094,0.06866072863340378,0.03548692911863327,0.06500537693500519,0.5
pilot__lstm__t2__seed11,lstm,LSTM,t2,11,True,0.013123773038387299,ring-selected zero-retuning,0.0012341304682195187,velocity,velocity_x0p75,0.75x,0.75,,variable_sparsity,0.04270987957715988,True,1.0,1.2961249351501465,128,0.05957997590303421,0.03670596703886986,0.010800924152135849,0.06585104018449783,0.06126315891742706,,,,,,,,,,,,,0.38292455673217773,0.36236318945884705,,,0.03818386048078537,0.06585104018449783,0.03594478219747543,0.06385134905576706,0.75
pilot__lstm__t2__seed11,lstm,LSTM,t2,11,True,0.013123773038387299,ring-selected zero-retuning,0.002183430828154087,velocity,velocity_x1p25,1.25x,1.25,,variable_sparsity,0.0469941720366478,True,1.0,1.407024621963501,128,0.07128190994262695,0.04580206423997879,0.017093878239393234,0.07815180718898773,0.06880250573158264,,,,,,,,,,,,,0.3619738519191742,0.3461551070213318,,,0.046095505356788635,0.07815180718898773,0.04210783541202545,0.0767325758934021,1.25
pilot__lstm__t2__seed11,lstm,LSTM,t2,11,True,0.013123773038387299,ring-selected zero-retuning,0.0040823426097631454,velocity,velocity_x1p5,1.5x,1.5,,variable_sparsity,0.05184588581323624,True,1.0,1.4481725692749023,128,0.08589702099561691,0.057715319097042084,0.02388215996325016,0.09220531582832336,0.06690000742673874,,,,,,,,,,,,,0.36081254482269287,0.35753586888313293,,,0.056270532310009,0.09220531582832336,0.04521099478006363,0.10227428376674652,1.5
pilot__lstm__t2__seed11,lstm,LSTM,t2,11,True,0.013123773038387299,ring-selected zero-retuning,0.021535374224185944,velocity,velocity_x2,2x,2.0,,variable_sparsity,0.08766353875398636,True,1.0,1.4958068132400513,128,0.17594580352306366,0.13031069934368134,0.0495259165763855,0.19284683465957642,0.09079650789499283,,,,,,,,,,,,,0.4243730306625366,0.37653183937072754,,,0.11981289833784103,0.19284683465957642,0.055555813014507294,0.27977898716926575,2.0
pilot__lstm__t2__seed11,lstm,LSTM,t2,11,True,0.013123773038387299,ring-selected zero-retuning,0.11718505620956421,velocity,velocity_x3,3x,3.0,,variable_sparsity,0.2641584575176239,True,1.0,1.5508358478546143,128,0.5264842510223389,0.44789814949035645,0.14235003292560577,0.5748730897903442,0.2528894245624542,,,,,,,,,,,,,0.7144821882247925,0.48039305210113525,,,0.4026697278022766,0.5748730897903442,0.15436133742332458,1.232353687286377,3.0
pilot__lstm__t2__seed11,lstm,LSTM,t2,11,True,0.013123773038387299,ring-selected zero-retuning,0.2311021089553833,velocity,velocity_x4,4x,4.0,,variable_sparsity,0.4577239751815796,True,1.0,1.5755066871643066,128,0.8771966695785522,0.7778432965278625,0.24296367168426514,0.9230952262878418,0.6485505700111389,,,,,,,,,,,,,1.0441049337387085,0.8174834251403809,,,0.699044406414032,0.9230952262878418,0.40731364488601685,1.6754904985427856,4.0
pilot__lstm__t2__seed12,lstm,LSTM,t2,12,True,0.010496674105525017,ring-selected zero-retuning,0.00101983651984483,smoothness,correlation_x0p5,ell=0.5x,0.5,,variable_sparsity,0.03518962487578392,True,0.5,1.3333122730255127,128,0.04955940693616867,0.034013666212558746,0.012511984445154667,0.05367370694875717,0.049885887652635574,,,,,,,,,,,,,0.3109472990036011,0.2910495400428772,,,0.034303128719329834,0.05367370694875717,0.03192351013422012,0.05392492190003395,1.0
pilot__lstm__t2__seed12,lstm,LSTM,t2,12,True,0.010496674105525017,ring-selected zero-retuning,0.0009485410992056131,smoothness,correlation_x0p75,ell=0.75x,0.75,,variable_sparsity,0.03517630323767662,True,0.75,1.361224889755249,128,0.046030476689338684,0.031651537865400314,0.01254905667155981,0.04991191625595093,0.04798298329114914,,,,,,,,,,,,,0.30856871604919434,0.2952346205711365,,,0.032519176602363586,0.04991191625595093,0.03029138222336769,0.04973522573709488,1.0
pilot__lstm__t2__seed12,lstm,LSTM,t2,12,True,0.010496674105525017,ring-selected zero-retuning,0.0008940508123487234,smoothness,correlation_x1p5,ell=1.5x,1.5,,variable_sparsity,0.03460482135415077,True,1.5,1.377539873123169,128,0.04503168165683746,0.030683772638440132,0.01289978064596653,0.048946887254714966,0.04327046498656273,,,,,,,,,,,,,0.3074604272842407,0.2944470942020416,,,0.03164895623922348,0.048946887254714966,0.028844472020864487,0.049771785736083984,1.0
pilot__lstm__t2__seed12,lstm,LSTM,t2,12,True,0.010496674105525017,ring-selected zero-retuning,0.0008744664373807609,smoothness,correlation_x2,ell=2x,2.0,,variable_sparsity,0.034052252769470215,True,2.0,1.384145736694336,128,0.044106148183345795,0.03031836450099945,0.01312783733010292,0.047850482165813446,0.04274819418787956,,,,,,,,,,,,,0.3145359754562378,0.3021933138370514,,,0.03123747929930687,0.047850482165813446,0.028241654857993126,0.04823216423392296,1.0
pilot__lstm__t2__seed12,lstm,LSTM,t2,12,True,0.010496674105525017,ring-selected zero-retuning,0.000893469899892807,smoothness,correlation_x3,ell=3x,3.0,,variable_sparsity,0.034245815128088,True,3.0,1.3864840269088745,128,0.04488736763596535,0.0304731372743845,0.013217892497777939,0.04986352473497391,0.04420533776283264,,,,,,,,,,,,,0.32234784960746765,0.33209508657455444,,,0.031401798129081726,0.04986352473497391,0.02776714414358139,0.050925493240356445,1.0
pilot__lstm__t2__seed12,lstm,LSTM,t2,12,True,0.010496674105525017,ring-selected zero-retuning,0.0008980562561191618,smoothness,correlation_x4,ell=4x,4.0,,variable_sparsity,0.034150633960962296,True,4.0,1.3974353075027466,128,0.04497895762324333,0.030710121616721153,0.01312501821666956,0.05010516196489334,0.045621708035469055,,,,,,,,,,,,,0.31947576999664307,0.3097405433654785,,,0.03155701607465744,0.05010516196489334,0.02862415835261345,0.04997850954532623,1.0
pilot__lstm__t2__seed12,lstm,LSTM,t2,12,True,0.010496674105525017,ring-selected zero-retuning,0.0013724577147513628,dwell,dwell_block128,all blank 128,128,,all_blank,0.04031159356236458,True,1.0,0.0,128,0.06806287914514542,,0.010056269355118275,0.07711917906999588,0.0722627267241478,,,,,,,,,,,,,0.33598917722702026,0.3253464996814728,,,0.04031159356236458,0.07711917906999588,0.037030238658189774,0.06895533204078674,1.0
pilot__lstm__t2__seed12,lstm,LSTM,t2,12,True,0.010496674105525017,ring-selected zero-retuning,0.0010173392947763205,dwell,dwell_block32,blank block 32,32,,variable_sparsity,0.03510481119155884,True,1.0,1.3455064296722412,128,0.051545921713113785,0.033549584448337555,0.011789902113378048,0.05578982084989548,0.05094454810023308,,,,,,,,,,,,,0.31752902269363403,0.3080700635910034,,,0.03422638773918152,0.05578982084989548,0.030680570751428604,0.05319065600633621,1.0
pilot__lstm__t2__seed12,lstm,LSTM,t2,12,True,0.010496674105525017,ring-selected zero-retuning,0.0010782522149384022,dwell,dwell_block64,blank block 64,64,,variable_sparsity,0.035355404019355774,True,1.0,1.2712488174438477,128,0.05763757601380348,0.03689020499587059,0.01136585883796215,0.06224410980939865,0.059293702244758606,,,,,,,,,,,,,0.3238101005554199,0.31713545322418213,,,0.03593334183096886,0.06224410980939865,0.03489810228347778,0.05526798218488693,1.0
pilot__lstm__t2__seed12,lstm,LSTM,t2,12,True,0.010496674105525017,ring-selected zero-retuning,0.0009057291899807751,dwell,dwell_block8,blank block 8,8,,variable_sparsity,0.034524500370025635,True,1.0,1.3617379665374756,128,0.04583089053630829,0.031090836971998215,0.012424025684595108,0.04988047480583191,0.04674801230430603,,,,,,,,,,,,,0.3079061210155487,0.300086110830307,,,0.03209783881902695,0.04988047480583191,0.02925102412700653,0.05089196190237999,1.0
pilot__lstm__t2__seed12,lstm,LSTM,t2,12,True,0.010496674105525017,ring-selected zero-retuning,0.0013303265441209078,dwell,dwell_block96,blank block 96,96,,variable_sparsity,0.039376694709062576,True,1.0,0.9547207355499268,128,0.06534777581691742,0.04225604608654976,0.010874978266656399,0.07211025059223175,0.06673534959554672,,,,,,,,,,,,,0.33390241861343384,0.31183624267578125,,,0.039919909089803696,0.07211025059223175,0.03572298586368561,0.06452362984418869,1.0
pilot__lstm__t2__seed12,lstm,LSTM,t2,12,True,0.010496674105525017,ring-selected zero-retuning,0.0009066199418157339,id,id_h128,ID T=128,128,,variable_sparsity,0.03506658226251602,True,1.0,1.3622474670410156,128,0.04578467458486557,0.030922381207346916,0.012593653053045273,0.05057091265916824,0.04737088456749916,0.5265777707099915,0.5267624258995056,0.10538291931152344,0.09830658882856369,0.7124870419502258,0.7141286730766296,0.8690972328186035,0.8402789831161499,0.172988161444664,0.16406235098838806,1.3909674882888794,1.3361239433288574,0.3035006821155548,0.29050686955451965,0.42104998230934143,0.4168458878993988,0.031942494213581085,0.05057091265916824,0.028865039348602295,0.05028991401195526,1.0
pilot__lstm__t2__seed12,lstm,LSTM,t2,12,True,0.010496674105525017,ring-selected zero-retuning,0.011529787443578243,length,length_h1024,T=1024,1024,,variable_sparsity,0.1479937881231308,True,1.0,1.6176867485046387,1024,0.18190789222717285,0.11125003546476364,0.012988721020519733,0.2006334513425827,0.1936609297990799,,,,,,,,,,,,,0.38098829984664917,0.376699298620224,,,0.12025222182273865,0.2006334513425827,0.11252395063638687,0.19075331091880798,1.0
pilot__lstm__t2__seed12,lstm,LSTM,t2,12,True,0.010496674105525017,ring-selected zero-retuning,0.020536184310913086,length,length_h1536,T=1536,1536,,variable_sparsity,0.1945064812898636,True,1.0,1.641402244567871,1536,0.2569609582424164,0.15160363912582397,0.012955444864928722,0.2887688875198364,0.26621854305267334,,,,,,,,,,,,,0.4277035593986511,0.40584877133369446,,,0.16213229298591614,0.2887688875198364,0.1517343819141388,0.2433333396911621,1.0
pilot__lstm__t2__seed12,lstm,LSTM,t2,12,True,0.010496674105525017,ring-selected zero-retuning,0.0013955081813037395,length,length_h192,T=192,192,,variable_sparsity,0.04728008061647415,True,1.0,1.4343335628509521,192,0.0602559968829155,0.03865008056163788,0.012627202086150646,0.06588379293680191,0.06128625199198723,,,,,,,,,,,,,0.3215651512145996,0.309675008058548,,,0.04076123237609863,0.06588379293680191,0.037099264562129974,0.0658315122127533,1.0
pilot__lstm__t2__seed12,lstm,LSTM,t2,12,True,0.010496674105525017,ring-selected zero-retuning,0.03163142502307892,length,length_h2048,T=2048,2048,,variable_sparsity,0.24020302295684814,True,1.0,1.646860122680664,2048,0.3235104978084564,0.19022201001644135,0.012956874445080757,0.3607523441314697,0.3408995270729065,,,,,,,,,,,,,0.500221848487854,0.45651936531066895,,,0.2024768441915512,0.3607523441314697,0.18515115976333618,0.30945664644241333,1.0
pilot__lstm__t2__seed12,lstm,LSTM,t2,12,True,0.010496674105525017,ring-selected zero-retuning,0.0019658904056996107,length,length_h256,T=256,256,,variable_sparsity,0.058476805686950684,True,1.0,1.46852445602417,256,0.07246026396751404,0.04550813511013985,0.012881326489150524,0.0780380442738533,0.07172466814517975,,,,,,,,,,,,,0.3311816453933716,0.3218352198600769,,,0.048685986548662186,0.0780380442738533,0.04416312277317047,0.08085505664348602,1.0
pilot__lstm__t2__seed12,lstm,LSTM,t2,12,True,0.010496674105525017,ring-selected zero-retuning,0.0032804894726723433,length,length_h384,T=384,384,,variable_sparsity,0.07887580245733261,True,1.0,1.5286071300506592,384,0.09568263590335846,0.058146581053733826,0.013041037134826183,0.10505834966897964,0.09453917294740677,,,,,,,,,,,,,0.3279178738594055,0.31917619705200195,,,0.06323378533124924,0.10505834966897964,0.06002139672636986,0.10261119157075882,1.0
pilot__lstm__t2__seed12,lstm,LSTM,t2,12,True,0.010496674105525017,ring-selected zero-retuning,0.004756409674882889,length,length_h512,T=512,512,,variable_sparsity,0.09633290767669678,True,1.0,1.5606231689453125,512,0.11545692384243011,0.06977836787700653,0.013091407716274261,0.1243172213435173,0.11447562277317047,,,,,,,,,,,,,0.3311052918434143,0.3121298551559448,,,0.07628956437110901,0.1243172213435173,0.07005168497562408,0.11814387142658234,1.0
pilot__lstm__t2__seed12,lstm,LSTM,t2,12,True,0.010496674105525017,ring-selected zero-retuning,0.008021147921681404,length,length_h768,T=768,768,,variable_sparsity,0.1251191347837448,True,1.0,1.597855567932129,768,0.15204067528247833,0.09144116938114166,0.013022931292653084,0.16741883754730225,0.1576978862285614,,,,,,,,,,,,,0.3695206642150879,0.3440662920475006,,,0.09970033168792725,0.16741883754730225,0.09014958143234253,0.15370918810367584,1.0
pilot__lstm__t2__seed12,lstm,LSTM,t2,12,True,0.010496674105525017,ring-selected zero-retuning,0.0008575076935812831,velocity,velocity_x0p5,0.5x,0.5,,variable_sparsity,0.0353522002696991,True,1.0,1.1714093685150146,128,0.0480794757604599,0.03065420687198639,0.01029236800968647,0.05290108546614647,0.045745957642793655,,,,,,,,,,,,,0.3221755027770996,0.3154076337814331,,,0.031810641288757324,0.05290108546614647,0.02852817252278328,0.051527708768844604,0.5
pilot__lstm__t2__seed12,lstm,LSTM,t2,12,True,0.010496674105525017,ring-selected zero-retuning,0.0008230133098550141,velocity,velocity_x0p75,0.75x,0.75,,variable_sparsity,0.03436682000756264,True,1.0,1.2961249351501465,128,0.04593602195382118,0.03016745112836361,0.010995158925652504,0.04887612536549568,0.04313007742166519,,,,,,,,,,,,,0.32247087359428406,0.3257972300052643,,,0.03120114654302597,0.04887612536549568,0.028068486601114273,0.050720762461423874,0.75
pilot__lstm__t2__seed12,lstm,LSTM,t2,12,True,0.010496674105525017,ring-selected zero-retuning,0.0014609531499445438,velocity,velocity_x1p25,1.25x,1.25,,variable_sparsity,0.03960593789815903,True,1.0,1.407024621963501,128,0.05316518619656563,0.03621208667755127,0.01575108803808689,0.05762437731027603,0.049029648303985596,,,,,,,,,,,,,0.3169596195220947,0.30611756443977356,,,0.03704749792814255,0.05762437731027603,0.03138355538249016,0.05931081622838974,1.25
pilot__lstm__t2__seed12,lstm,LSTM,t2,12,True,0.010496674105525017,ring-selected zero-retuning,0.0033783740364015102,velocity,velocity_x1p5,1.5x,1.5,,variable_sparsity,0.04813030734658241,True,1.0,1.4481725692749023,128,0.06944895535707474,0.04903891682624817,0.02149168774485588,0.07494146376848221,0.053928714245557785,,,,,,,,,,,,,0.32308056950569153,0.30228471755981445,,,0.04881525784730911,0.07494146376848221,0.0339987687766552,0.09321657568216324,1.5
pilot__lstm__t2__seed12,lstm,LSTM,t2,12,True,0.010496674105525017,ring-selected zero-retuning,0.01918075978755951,velocity,velocity_x2,2x,2.0,,variable_sparsity,0.08391214162111282,True,1.0,1.4958068132400513,128,0.14925965666770935,0.11804226040840149,0.04385799169540405,0.14889885485172272,0.07258293777704239,,,,,,,,,,,,,0.3518998324871063,0.31863194704055786,,,0.10964097082614899,0.14889885485172272,0.04615850746631622,0.25640368461608887,2.0
pilot__lstm__t2__seed12,lstm,LSTM,t2,12,True,0.010496674105525017,ring-selected zero-retuning,0.11340535432100296,velocity,velocity_x3,3x,3.0,,variable_sparsity,0.25780943036079407,True,1.0,1.5508358478546143,128,0.5008072257041931,0.43294045329093933,0.13108712434768677,0.5273363590240479,0.18672780692577362,,,,,,,,,,,,,0.6424505710601807,0.41566774249076843,,,0.3898310959339142,0.5273363590240479,0.12135590612888336,1.2362675666809082,3.0
pilot__lstm__t2__seed12,lstm,LSTM,t2,12,True,0.010496674105525017,ring-selected zero-retuning,0.20578351616859436,velocity,velocity_x4,4x,4.0,,variable_sparsity,0.41721588373184204,True,1.0,1.5755066871643066,128,0.8189507126808167,0.7364720702171326,0.23332557082176208,0.883213996887207,0.633777916431427,,,,,,,,,,,,,0.9550426006317139,0.6571645140647888,,,0.6578856706619263,0.883213996887207,0.4344867169857025,1.60858952999115,4.0
broad__calru__t2__lr0p01_eta1000_i50__seed10,calru,CA-LRU,t2,10,True,0.004256655462086201,topology-specific validation-selected,0.00013609539018943906,smoothness,correlation_x0p5,ell=0.5x,0.5,,variable_sparsity,0.00857146829366684,True,0.5,1.3333122730255127,128,0.01708824373781681,0.013576464727520943,0.0034248116426169872,0.018492622300982475,0.015317718498408794,,,,,,,,,,,,,0.017961882054805756,0.01520338375121355,,,0.012344460934400558,0.018492622300982475,0.010696422308683395,0.020962320268154144,1.0
broad__calru__t2__lr0p01_eta1000_i50__seed10,calru,CA-LRU,t2,10,True,0.004256655462086201,topology-specific validation-selected,0.00014231272507458925,smoothness,correlation_x0p75,ell=0.75x,0.75,,variable_sparsity,0.00843400601297617,True,0.75,1.361224889755249,128,0.017796490341424942,0.013770892284810543,0.0033821607939898968,0.019143937155604362,0.015985652804374695,,,,,,,,,,,,,0.01933566853404045,0.01566905528306961,,,0.012457191944122314,0.019143937155604362,0.010493488050997257,0.02263980731368065,1.0
broad__calru__t2__lr0p01_eta1000_i50__seed10,calru,CA-LRU,t2,10,True,0.004256655462086201,topology-specific validation-selected,0.00017756770830601454,smoothness,correlation_x1p5,ell=1.5x,1.5,,variable_sparsity,0.009193144738674164,True,1.5,1.377539873123169,128,0.019813597202301025,0.01454190630465746,0.003485920839011669,0.021870838478207588,0.017931241542100906,,,,,,,,,,,,,0.021662812680006027,0.017912069335579872,,,0.013225283473730087,0.021870838478207588,0.01074689719825983,0.024367494508624077,1.0
broad__calru__t2__lr0p01_eta1000_i50__seed10,calru,CA-LRU,t2,10,True,0.004256655462086201,topology-specific validation-selected,0.0001812530099414289,smoothness,correlation_x2,ell=2x,2.0,,variable_sparsity,0.009112664498388767,True,2.0,1.384145736694336,128,0.019861986860632896,0.014554604887962341,0.0034691549371927977,0.02176530659198761,0.017374739050865173,,,,,,,,,,,,,0.021768998354673386,0.017779402434825897,,,0.013215046375989914,0.02176530659198761,0.009880797006189823,0.02513962797820568,1.0
broad__calru__t2__lr0p01_eta1000_i50__seed10,calru,CA-LRU,t2,10,True,0.004256655462086201,topology-specific validation-selected,0.000191282742889598,smoothness,correlation_x3,ell=3x,3.0,,variable_sparsity,0.009267721325159073,True,3.0,1.3864840269088745,128,0.02050623670220375,0.014701937325298786,0.003460640786215663,0.022750433534383774,0.016188232228159904,,,,,,,,,,,,,0.0221305750310421,0.0164041668176651,,,0.013364279642701149,0.022750433534383774,0.009898406453430653,0.026661179959774017,1.0
broad__calru__t2__lr0p01_eta1000_i50__seed10,calru,CA-LRU,t2,10,True,0.004256655462086201,topology-specific validation-selected,0.000192370789591223,smoothness,correlation_x4,ell=4x,4.0,,variable_sparsity,0.009351599030196667,True,4.0,1.3974353075027466,128,0.020586993545293808,0.014690692536532879,0.003480522893369198,0.022867795079946518,0.016435306519269943,,,,,,,,,,,,,0.02248825505375862,0.016401542350649834,,,0.01337644923478365,0.022867795079946518,0.009698612615466118,0.026888325810432434,1.0
broad__calru__t2__lr0p01_eta1000_i50__seed10,calru,CA-LRU,t2,10,True,0.004256655462086201,topology-specific validation-selected,1.3535438483813778e-05,dwell,dwell_block128,all blank 128,128,,all_blank,0.0036026700399816036,True,1.0,0.0,128,0.003616672707721591,,0.00268213776871562,0.0036166724748909473,0.0034487161319702864,,,,,,,,,,,,,0.0036166724748909473,0.0034487161319702864,,,0.0036026700399816036,0.0036166724748909473,0.0034055057913064957,0.005778040736913681,1.0
broad__calru__t2__lr0p01_eta1000_i50__seed10,calru,CA-LRU,t2,10,True,0.004256655462086201,topology-specific validation-selected,0.00010219171963399276,dwell,dwell_block32,blank block 32,32,,variable_sparsity,0.009225379675626755,True,1.0,1.3455064296722412,128,0.014335794374346733,0.011568360030651093,0.003272797679528594,0.015765145421028137,0.013082755729556084,,,,,,,,,,,,,0.016038471832871437,0.013337363488972187,,,0.01054874062538147,0.015765145421028137,0.008820729330182076,0.018540959805250168,1.0
broad__calru__t2__lr0p01_eta1000_i50__seed10,calru,CA-LRU,t2,10,True,0.004256655462086201,topology-specific validation-selected,6.268343713600188e-05,dwell,dwell_block64,blank block 64,64,,variable_sparsity,0.008206170983612537,True,1.0,1.2712488174438477,128,0.009925571270287037,0.008818465285003185,0.0030388440936803818,0.011401261202991009,0.009007647633552551,,,,,,,,,,,,,0.011289713904261589,0.009308471344411373,,,0.008436733856797218,0.011401261202991009,0.006967877969145775,0.014954280108213425,1.0
broad__calru__t2__lr0p01_eta1000_i50__seed10,calru,CA-LRU,t2,10,True,0.004256655462086201,topology-specific validation-selected,0.00014612695667892694,dwell,dwell_block8,blank block 8,8,,variable_sparsity,0.009548449888825417,True,1.0,1.3617379665374756,128,0.01796744018793106,0.013530130498111248,0.0034288261085748672,0.019279276952147484,0.015721701085567474,,,,,,,,,,,,,0.019522376358509064,0.01598312333226204,,,0.012362407520413399,0.019279276952147484,0.010236460715532303,0.022886212915182114,1.0
broad__calru__t2__lr0p01_eta1000_i50__seed10,calru,CA-LRU,t2,10,True,0.004256655462086201,topology-specific validation-selected,4.3587086111074314e-05,dwell,dwell_block96,blank block 96,96,,variable_sparsity,0.007001394405961037,True,1.0,0.9547207355499268,128,0.007511822506785393,0.006980013567954302,0.0028423534240573645,0.008470216765999794,0.007047687657177448,,,,,,,,,,,,,0.008681807667016983,0.007121634669601917,,,0.00699736038222909,0.008470216765999794,0.00601665023714304,0.012011894956231117,1.0
broad__calru__t2__lr0p01_eta1000_i50__seed10,calru,CA-LRU,t2,10,True,0.004256655462086201,topology-specific validation-selected,0.00016066858370322734,id,id_h128,ID T=128,128,,variable_sparsity,0.008936632424592972,True,1.0,1.3622474670410156,128,0.019119516015052795,0.014215108007192612,0.003439114196226001,0.020814793184399605,0.01683845743536949,0.02092047780752182,0.017451325431466103,0.02092047780752182,0.017451325431466103,0.02092047780752182,0.017451325431466103,0.02092047780752182,0.017451325431466103,0.02092047780752182,0.017451325431466103,0.02092047780752182,0.017451325431466103,0.02092047780752182,0.017451325431466103,0.02092047780752182,0.017451325431466103,0.012915785424411297,0.020814793184399605,0.010373036377131939,0.023546509444713593,1.0
broad__calru__t2__lr0p01_eta1000_i50__seed10,calru,CA-LRU,t2,10,True,0.004256655462086201,topology-specific validation-selected,0.007461707107722759,length,length_h1024,T=1024,1024,,variable_sparsity,0.035608675330877304,True,1.0,1.6176867485046387,1024,0.11074946820735931,0.07163852453231812,0.02124917507171631,0.13218219578266144,0.08384852111339569,,,,,,,,,,,,,0.13230448961257935,0.08508788794279099,,,0.06281125545501709,0.13218219578266144,0.04770469665527344,0.09985407441854477,1.0
broad__calru__t2__lr0p01_eta1000_i50__seed10,calru,CA-LRU,t2,10,True,0.004256655462086201,topology-specific validation-selected,0.01698046177625656,length,length_h1536,T=1536,1536,,variable_sparsity,0.06058762967586517,True,1.0,1.641402244567871,1536,0.18266117572784424,0.11220836639404297,0.03541949391365051,0.22803941369056702,0.14181385934352875,,,,,,,,,,,,,0.2287619560956955,0.14132916927337646,,,0.09954026341438293,0.22803941369056702,0.07348161190748215,0.15360908210277557,1.0
broad__calru__t2__lr0p01_eta1000_i50__seed10,calru,CA-LRU,t2,10,True,0.004256655462086201,topology-specific validation-selected,0.0002600683073978871,length,length_h192,T=192,192,,variable_sparsity,0.01108251977711916,True,1.0,1.4343335628509521,192,0.024252010509371758,0.018206056207418442,0.00397913996130228,0.026368586346507072,0.02198377437889576,,,,,,,,,,,,,0.026030149310827255,0.023345349356532097,,,0.01646343246102333,0.026368586346507072,0.013929938897490501,0.03100457787513733,1.0
broad__calru__t2__lr0p01_eta1000_i50__seed10,calru,CA-LRU,t2,10,True,0.004256655462086201,topology-specific validation-selected,0.031180717051029205,length,length_h2048,T=2048,2048,,variable_sparsity,0.09492391347885132,True,1.0,1.646860122680664,2048,0.28031688928604126,0.16091465950012207,0.0519389882683754,0.35560205578804016,0.20486006140708923,,,,,,,,,,,,,0.3582202196121216,0.20521868765354156,,,0.1447344273328781,0.35560205578804016,0.10255765914916992,0.26314276456832886,1.0
broad__calru__t2__lr0p01_eta1000_i50__seed10,calru,CA-LRU,t2,10,True,0.004256655462086201,topology-specific validation-selected,0.0003719131927937269,length,length_h256,T=256,256,,variable_sparsity,0.013054306618869305,True,1.0,1.46852445602417,256,0.029160497710108757,0.021774504333734512,0.0047190128825604916,0.032095879316329956,0.025898588821291924,,,,,,,,,,,,,0.03180155158042908,0.02658642642199993,,,0.01963770017027855,0.032095879316329956,0.016227541491389275,0.03523816913366318,1.0
broad__calru__t2__lr0p01_eta1000_i50__seed10,calru,CA-LRU,t2,10,True,0.004256655462086201,topology-specific validation-selected,0.0007348875515162945,length,length_h384,T=384,384,,variable_sparsity,0.01666427031159401,True,1.0,1.5286071300506592,384,0.039975520223379135,0.02891867235302925,0.006371986120939255,0.04400494694709778,0.03352348878979683,,,,,,,,,,,,,0.04399885982275009,0.033905990421772,,,0.02591129206120968,0.04400494694709778,0.02209658920764923,0.04727695509791374,1.0
broad__calru__t2__lr0p01_eta1000_i50__seed10,calru,CA-LRU,t2,10,True,0.004256655462086201,topology-specific validation-selected,0.0012941702734678984,length,length_h512,T=512,512,,variable_sparsity,0.019764777272939682,True,1.0,1.5606231689453125,512,0.05018308013677597,0.03594718128442764,0.008889446035027504,0.05872081220149994,0.04473184049129486,,,,,,,,,,,,,0.05883599445223808,0.04472833126783371,,,0.031979240477085114,0.05872081220149994,0.026191139593720436,0.06008126586675644,1.0
broad__calru__t2__lr0p01_eta1000_i50__seed10,calru,CA-LRU,t2,10,True,0.004256655462086201,topology-specific validation-selected,0.004090688657015562,length,length_h768,T=768,768,,variable_sparsity,0.02688748762011528,True,1.0,1.597855567932129,768,0.08033864945173264,0.053312238305807114,0.014454065822064877,0.08845303952693939,0.0610375851392746,,,,,,,,,,,,,0.08897898346185684,0.06130223721265793,,,0.046831853687763214,0.08845303952693939,0.036256372928619385,0.07738558948040009,1.0
broad__calru__t2__lr0p01_eta1000_i50__seed10,calru,CA-LRU,t2,10,True,0.004256655462086201,topology-specific validation-selected,5.318277544574812e-05,velocity,velocity_x0p5,0.5x,0.5,,variable_sparsity,0.005430171731859446,True,1.0,1.1714093685150146,128,0.010565722361207008,0.008533733896911144,0.0028106989338994026,0.011461382731795311,0.009092951193451881,,,,,,,,,,,,,0.011302651837468147,0.0089981434866786,,,0.007769776973873377,0.011461382731795311,0.0068499427288770676,0.012420093640685081,0.5
broad__calru__t2__lr0p01_eta1000_i50__seed10,calru,CA-LRU,t2,10,True,0.004256655462086201,topology-specific validation-selected,9.019179560709745e-05,velocity,velocity_x0p75,0.75x,0.75,,variable_sparsity,0.006744974292814732,True,1.0,1.2961249351501465,128,0.014168710447847843,0.011134541593492031,0.0030340005178004503,0.015286832116544247,0.013318197801709175,,,,,,,,,,,,,0.01551181823015213,0.013389602303504944,,,0.01005402859300375,0.015286832116544247,0.008562764152884483,0.017690302804112434,0.75
broad__calru__t2__lr0p01_eta1000_i50__seed10,calru,CA-LRU,t2,10,True,0.004256655462086201,topology-specific validation-selected,0.00028922432102262974,velocity,velocity_x1p25,1.25x,1.25,,variable_sparsity,0.012393094599246979,True,1.0,1.407024621963501,128,0.024386074393987656,0.017711900174617767,0.004061996005475521,0.02648122049868107,0.01960201933979988,,,,,,,,,,,,,0.02656411938369274,0.01995856687426567,,,0.016402650624513626,0.02648122049868107,0.012813595123589039,0.030249517410993576,1.25
broad__calru__t2__lr0p01_eta1000_i50__seed10,calru,CA-LRU,t2,10,True,0.004256655462086201,topology-specific validation-selected,0.0011017383076250553,velocity,velocity_x1p5,1.5x,1.5,,variable_sparsity,0.01963898539543152,True,1.0,1.4481725692749023,128,0.03604673594236374,0.02486315555870533,0.00528311962261796,0.039273444563150406,0.02424420788884163,,,,,,,,,,,,,0.03959095478057861,0.02416081540286541,,,0.02357720211148262,0.039273444563150406,0.014346664771437645,0.04259846732020378,1.5
broad__calru__t2__lr0p01_eta1000_i50__seed10,calru,CA-LRU,t2,10,True,0.004256655462086201,topology-specific validation-selected,0.012880444526672363,velocity,velocity_x2,2x,2.0,,variable_sparsity,0.06435975432395935,True,1.0,1.4958068132400513,128,0.10001718997955322,0.06743733584880829,0.012868798337876797,0.11360085010528564,0.03723127394914627,,,,,,,,,,,,,0.11563669890165329,0.03782232105731964,,,0.06667977571487427,0.11360085010528564,0.02148953080177307,0.15142664313316345,2.0
broad__calru__t2__lr0p01_eta1000_i50__seed10,calru,CA-LRU,t2,10,True,0.004256655462086201,topology-specific validation-selected,0.09890379011631012,velocity,velocity_x3,3x,3.0,,variable_sparsity,0.2535274028778076,True,1.0,1.5508358478546143,128,0.4272695779800415,0.3050733804702759,0.06371663510799408,0.4683147668838501,0.11174332350492477,,,,,,,,,,,,,0.46905726194381714,0.10701468586921692,,,0.2923851013183594,0.4683147668838501,0.06387719511985779,1.0540857315063477,3.0
broad__calru__t2__lr0p01_eta1000_i50__seed10,calru,CA-LRU,t2,10,True,0.004256655462086201,topology-specific validation-selected,0.20448535680770874,velocity,velocity_x4,4x,4.0,,variable_sparsity,0.46403273940086365,True,1.0,1.5755066871643066,128,0.7949612140655518,0.5936464667320251,0.12798593938350677,0.8288222551345825,0.4687402546405792,,,,,,,,,,,,,0.8213909864425659,0.4726421535015106,,,0.5617414712905884,0.8288222551345825,0.2844470739364624,1.4365688562393188,4.0
refine__calru__t2__lr0p01_eta1000_i50__seed11,calru,CA-LRU,t2,11,True,0.010683359578251839,topology-specific validation-selected,0.0009663074743002653,smoothness,correlation_x0p5,ell=0.5x,0.5,,variable_sparsity,0.022847063839435577,True,0.5,1.3333122730255127,128,0.044008638709783554,0.03486918658018112,0.008874674327671528,0.048628319054841995,0.03762629255652428,,,,,,,,,,,,,0.04906091094017029,0.036969006061553955,,,0.03190988302230835,0.048628319054841995,0.026386333629488945,0.05861687660217285,1.0
refine__calru__t2__lr0p01_eta1000_i50__seed11,calru,CA-LRU,t2,11,True,0.010683359578251839,topology-specific validation-selected,0.0009849437046796083,smoothness,correlation_x0p75,ell=0.75x,0.75,,variable_sparsity,0.02315942756831646,True,0.75,1.361224889755249,128,0.04307536780834198,0.03509128466248512,0.008978869765996933,0.04587678983807564,0.0346500463783741,,,,,,,,,,,,,0.04613785445690155,0.03385596349835396,,,0.032154202461242676,0.04587678983807564,0.027511410415172577,0.05989299342036247,1.0
refine__calru__t2__lr0p01_eta1000_i50__seed11,calru,CA-LRU,t2,11,True,0.010683359578251839,topology-specific validation-selected,0.001114862272515893,smoothness,correlation_x1p5,ell=1.5x,1.5,,variable_sparsity,0.024753984063863754,True,1.5,1.377539873123169,128,0.048729248344898224,0.037440624088048935,0.00924435630440712,0.05315212160348892,0.03861459717154503,,,,,,,,,,,,,0.05323697626590729,0.037619251757860184,,,0.034317746758461,0.05315212160348892,0.02749292552471161,0.06745453923940659,1.0
refine__calru__t2__lr0p01_eta1000_i50__seed11,calru,CA-LRU,t2,11,True,0.010683359578251839,topology-specific validation-selected,0.0011270903050899506,smoothness,correlation_x2,ell=2x,2.0,,variable_sparsity,0.025154318660497665,True,2.0,1.384145736694336,128,0.0499701127409935,0.03769015893340111,0.009212860837578773,0.05584140866994858,0.04213949665427208,,,,,,,,,,,,,0.05613567307591438,0.04219780117273331,,,0.03460440784692764,0.05584140866994858,0.028362225741147995,0.06713791936635971,1.0
refine__calru__t2__lr0p01_eta1000_i50__seed11,calru,CA-LRU,t2,11,True,0.010683359578251839,topology-specific validation-selected,0.0011081123957410455,smoothness,correlation_x3,ell=3x,3.0,,variable_sparsity,0.025264734402298927,True,3.0,1.3864840269088745,128,0.049749813973903656,0.03751221299171448,0.009254897013306618,0.05467188358306885,0.03966645151376724,,,,,,,,,,,,,0.054625503718853,0.03967045620083809,,,0.03449743613600731,0.05467188358306885,0.02802804671227932,0.06598713994026184,1.0
refine__calru__t2__lr0p01_eta1000_i50__seed11,calru,CA-LRU,t2,11,True,0.010683359578251839,topology-specific validation-selected,0.0010974934557452798,smoothness,correlation_x4,ell=4x,4.0,,variable_sparsity,0.02517201192677021,True,4.0,1.3974353075027466,128,0.04947704076766968,0.03744335472583771,0.009287204593420029,0.05396467447280884,0.041366707533597946,,,,,,,,,,,,,0.05424624681472778,0.04108466953039169,,,0.034422703087329865,0.05396467447280884,0.028934866189956665,0.0661049634218216,1.0
refine__calru__t2__lr0p01_eta1000_i50__seed11,calru,CA-LRU,t2,11,True,0.010683359578251839,topology-specific validation-selected,0.00018983146583195776,dwell,dwell_block128,all blank 128,128,,all_blank,0.013564003631472588,True,1.0,0.0,128,0.013541242107748985,,0.009261470288038254,0.013541262596845627,0.011093830689787865,,,,,,,,,,,,,0.013541273772716522,0.011093830689787865,,,0.013564003631472588,0.013541262596845627,0.0111679807305336,0.026667388156056404,1.0
refine__calru__t2__lr0p01_eta1000_i50__seed11,calru,CA-LRU,t2,11,True,0.010683359578251839,topology-specific validation-selected,0.0007194399368017912,dwell,dwell_block32,blank block 32,32,,variable_sparsity,0.026231804862618446,True,1.0,1.3455064296722412,128,0.036828577518463135,0.030709518119692802,0.008838776499032974,0.040900420397520065,0.033434513956308365,,,,,,,,,,,,,0.040972381830215454,0.033426959067583084,,,0.02876090630888939,0.040900420397520065,0.024198204278945923,0.05406692624092102,1.0
refine__calru__t2__lr0p01_eta1000_i50__seed11,calru,CA-LRU,t2,11,True,0.010683359578251839,topology-specific validation-selected,0.0004814184212591499,dwell,dwell_block64,blank block 64,64,,variable_sparsity,0.023742591962218285,True,1.0,1.2712488174438477,128,0.02780063822865486,0.024883650243282318,0.00886625424027443,0.03084266185760498,0.025582388043403625,,,,,,,,,,,,,0.030958782881498337,0.026127904653549194,,,0.024172265082597733,0.03084266185760498,0.02129688486456871,0.04326740279793739,1.0
refine__calru__t2__lr0p01_eta1000_i50__seed11,calru,CA-LRU,t2,11,True,0.010683359578251839,topology-specific validation-selected,0.0009432176593691111,dwell,dwell_block8,blank block 8,8,,variable_sparsity,0.02534794621169567,True,1.0,1.3617379665374756,128,0.04368060827255249,0.03515011444687843,0.009084710851311684,0.04659583419561386,0.0375378280878067,,,,,,,,,,,,,0.04676980525255203,0.03786560893058777,,,0.03227539360523224,0.04659583419561386,0.027251318097114563,0.06172111630439758,1.0
refine__calru__t2__lr0p01_eta1000_i50__seed11,calru,CA-LRU,t2,11,True,0.010683359578251839,topology-specific validation-selected,0.00029727601213380694,dwell,dwell_block96,blank block 96,96,,variable_sparsity,0.018403753638267517,True,1.0,0.9547207355499268,128,0.01938483491539955,0.018875306472182274,0.009084104560315609,0.021322324872016907,0.018693743273615837,,,,,,,,,,,,,0.021625740453600883,0.01899762637913227,,,0.018492713570594788,0.021322324872016907,0.016521628946065903,0.03372448310256004,1.0
refine__calru__t2__lr0p01_eta1000_i50__seed11,calru,CA-LRU,t2,11,True,0.010683359578251839,topology-specific validation-selected,0.001040756469592452,id,id_h128,ID T=128,128,,variable_sparsity,0.023813897743821144,True,1.0,1.3622474670410156,128,0.046094320714473724,0.03661109134554863,0.009166190400719643,0.048643868416547775,0.036335255950689316,0.04888016730546951,0.03762583062052727,0.04888016730546951,0.03762583062052727,0.04888016730546951,0.03762583062052727,0.04888016730546951,0.03762583062052727,0.04888016730546951,0.03762583062052727,0.04888016730546951,0.03762583062052727,0.04888016730546951,0.03762583062052727,0.04888016730546951,0.03762583062052727,0.03346100077033043,0.048643868416547775,0.027873389422893524,0.06477588415145874,1.0
refine__calru__t2__lr0p01_eta1000_i50__seed11,calru,CA-LRU,t2,11,True,0.010683359578251839,topology-specific validation-selected,0.0436757430434227,length,length_h1024,T=1024,1024,,variable_sparsity,0.07703349739313126,True,1.0,1.6176867485046387,1024,0.3365776538848877,0.2286345362663269,0.0328853577375412,0.38420435786247253,0.21278057992458344,,,,,,,,,,,,,0.3851853013038635,0.21465975046157837,,,0.1914924681186676,0.38420435786247253,0.12218517810106277,0.41093090176582336,1.0
refine__calru__t2__lr0p01_eta1000_i50__seed11,calru,CA-LRU,t2,11,True,0.010683359578251839,topology-specific validation-selected,0.07780532538890839,length,length_h1536,T=1536,1536,,variable_sparsity,0.10987850278615952,True,1.0,1.641402244567871,1536,0.4792087972164154,0.3361147344112396,0.04561173915863037,0.565503716468811,0.36675235629081726,,,,,,,,,,,,,0.5657566785812378,0.36494919657707214,,,0.28059476613998413,0.565503716468811,0.20176838338375092,0.6453274488449097,1.0
refine__calru__t2__lr0p01_eta1000_i50__seed11,calru,CA-LRU,t2,11,True,0.010683359578251839,topology-specific validation-selected,0.0016383141046389937,length,length_h192,T=192,192,,variable_sparsity,0.02782704494893551,True,1.0,1.4343335628509521,192,0.056644707918167114,0.04478767514228821,0.009704366326332092,0.062028948217630386,0.04765690490603447,,,,,,,,,,,,,0.06219858676195145,0.04811089485883713,,,0.04063861817121506,0.062028948217630386,0.03299492597579956,0.08270236849784851,1.0
refine__calru__t2__lr0p01_eta1000_i50__seed11,calru,CA-LRU,t2,11,True,0.010683359578251839,topology-specific validation-selected,0.11540529131889343,length,length_h2048,T=2048,2048,,variable_sparsity,0.14479303359985352,True,1.0,1.646860122680664,2048,0.6273698806762695,0.439563125371933,0.06083285063505173,0.7080877423286438,0.4933883547782898,,,,,,,,,,,,,0.707969069480896,0.4878014624118805,,,0.3672885298728943,0.7080877423286438,0.2714283764362335,0.7937784790992737,1.0
refine__calru__t2__lr0p01_eta1000_i50__seed11,calru,CA-LRU,t2,11,True,0.010683359578251839,topology-specific validation-selected,0.002440772019326687,length,length_h256,T=256,256,,variable_sparsity,0.03193923830986023,True,1.0,1.46852445602417,256,0.07164560258388519,0.053729988634586334,0.010788904502987862,0.08208681643009186,0.058951590210199356,,,,,,,,,,,,,0.08243215084075928,0.05974125862121582,,,0.04839036613702774,0.08208681643009186,0.040067948400974274,0.0949491560459137,1.0
refine__calru__t2__lr0p01_eta1000_i50__seed11,calru,CA-LRU,t2,11,True,0.010683359578251839,topology-specific validation-selected,0.0054912446066737175,length,length_h384,T=384,384,,variable_sparsity,0.03850758448243141,True,1.0,1.5286071300506592,384,0.11189018189907074,0.07703948765993118,0.014075867831707,0.13072305917739868,0.09078513085842133,,,,,,,,,,,,,0.13159309327602386,0.0921095609664917,,,0.06758329272270203,0.13072305917739868,0.053386665880680084,0.11673413962125778,1.0
refine__calru__t2__lr0p01_eta1000_i50__seed11,calru,CA-LRU,t2,11,True,0.010683359578251839,topology-specific validation-selected,0.010875817388296127,length,length_h512,T=512,512,,variable_sparsity,0.04580487683415413,True,1.0,1.5606231689453125,512,0.15961843729019165,0.10514146089553833,0.017865080386400223,0.19166608154773712,0.11848855018615723,,,,,,,,,,,,,0.19223469495773315,0.11990762501955032,,,0.09059207141399384,0.19166608154773712,0.06718696653842926,0.17248240113258362,1.0
refine__calru__t2__lr0p01_eta1000_i50__seed11,calru,CA-LRU,t2,11,True,0.010683359578251839,topology-specific validation-selected,0.026983987540006638,length,length_h768,T=768,768,,variable_sparsity,0.06263275444507599,True,1.0,1.597855567932129,768,0.2617263197898865,0.16928638517856598,0.02597249671816826,0.2993084192276001,0.17729972302913666,,,,,,,,,,,,,0.29959264397621155,0.17768140137195587,,,0.14313073456287384,0.2993084192276001,0.10185765475034714,0.285534143447876,1.0
refine__calru__t2__lr0p01_eta1000_i50__seed11,calru,CA-LRU,t2,11,True,0.010683359578251839,topology-specific validation-selected,0.0003648998390417546,velocity,velocity_x0p5,0.5x,0.5,,variable_sparsity,0.017029985785484314,True,1.0,1.1714093685150146,128,0.02513851784169674,0.02149556763470173,0.008970189839601517,0.02622199058532715,0.020958134904503822,,,,,,,,,,,,,0.026418890804052353,0.02148035727441311,,,0.020396344363689423,0.02622199058532715,0.018285777419805527,0.03788029029965401,0.5
refine__calru__t2__lr0p01_eta1000_i50__seed11,calru,CA-LRU,t2,11,True,0.010683359578251839,topology-specific validation-selected,0.0005990159697830677,velocity,velocity_x0p75,0.75x,0.75,,variable_sparsity,0.01961844228208065,True,1.0,1.2961249351501465,128,0.03371063619852066,0.02808002196252346,0.008881483227014542,0.03625427186489105,0.027727650478482246,,,,,,,,,,,,,0.03640550374984741,0.02731645293533802,,,0.025997165590524673,0.03625427186489105,0.022640051320195198,0.04863860830664635,0.75
refine__calru__t2__lr0p01_eta1000_i50__seed11,calru,CA-LRU,t2,11,True,0.010683359578251839,topology-specific validation-selected,0.0019454422872513533,velocity,velocity_x1p25,1.25x,1.25,,variable_sparsity,0.030657146126031876,True,1.0,1.407024621963501,128,0.061331942677497864,0.04682312160730362,0.009723604656755924,0.06584005802869797,0.04901612922549248,,,,,,,,,,,,,0.06560744345188141,0.04770766571164131,,,0.04284379258751869,0.06584005802869797,0.03492943197488785,0.07709798961877823,1.25
refine__calru__t2__lr0p01_eta1000_i50__seed11,calru,CA-LRU,t2,11,True,0.010683359578251839,topology-specific validation-selected,0.004270889330655336,velocity,velocity_x1p5,1.5x,1.5,,variable_sparsity,0.043706826865673065,True,1.0,1.4481725692749023,128,0.08526377379894257,0.06128682568669319,0.011349763721227646,0.09465285390615463,0.06320957839488983,,,,,,,,,,,,,0.095085009932518,0.06255541741847992,,,0.056959427893161774,0.09465285390615463,0.03938478231430054,0.11101866513490677,1.5
refine__calru__t2__lr0p01_eta1000_i50__seed11,calru,CA-LRU,t2,11,True,0.010683359578251839,topology-specific validation-selected,0.02226170152425766,velocity,velocity_x2,2x,2.0,,variable_sparsity,0.10536947846412659,True,1.0,1.4958068132400513,128,0.1787761002779007,0.12204326689243317,0.018337953835725784,0.19609561562538147,0.08890779316425323,,,,,,,,,,,,,0.1964561492204666,0.08711730688810349,,,0.11793893575668335,0.19609561562538147,0.05527935177087784,0.28604018688201904,2.0
refine__calru__t2__lr0p01_eta1000_i50__seed11,calru,CA-LRU,t2,11,True,0.010683359578251839,topology-specific validation-selected,0.11252008378505707,velocity,velocity_x3,3x,3.0,,variable_sparsity,0.2894485294818878,True,1.0,1.5508358478546143,128,0.4790118336677551,0.35550013184547424,0.05294955521821976,0.5242576003074646,0.22122062742710114,,,,,,,,,,,,,0.5253294706344604,0.22646990418434143,,,0.3392411768436432,0.5242576003074646,0.11596353352069855,1.0118021965026855,3.0
refine__calru__t2__lr0p01_eta1000_i50__seed11,calru,CA-LRU,t2,11,True,0.010683359578251839,topology-specific validation-selected,0.21253789961338043,velocity,velocity_x4,4x,4.0,,variable_sparsity,0.47020432353019714,True,1.0,1.5755066871643066,128,0.7904638051986694,0.6205205917358398,0.1019991785287857,0.8444858193397522,0.6020275354385376,,,,,,,,,,,,,0.8453792929649353,0.5944974422454834,,,0.5835195183753967,0.8444858193397522,0.42591822147369385,1.342470645904541,4.0
refine__calru__t2__lr0p01_eta1000_i50__seed12,calru,CA-LRU,t2,12,True,0.006148263346403837,topology-specific validation-selected,0.0002662226324900985,smoothness,correlation_x0p5,ell=0.5x,0.5,,variable_sparsity,0.01163861807435751,True,0.5,1.3333122730255127,128,0.023552343249320984,0.01867280900478363,0.004273482598364353,0.02523200213909149,0.019781457260251045,,,,,,,,,,,,,0.025510087609291077,0.02017761766910553,,,0.016941310837864876,0.02523200213909149,0.013669243082404137,0.031726133078336716,1.0
refine__calru__t2__lr0p01_eta1000_i50__seed12,calru,CA-LRU,t2,12,True,0.006148263346403837,topology-specific validation-selected,0.00028781499713659286,smoothness,correlation_x0p75,ell=0.75x,0.75,,variable_sparsity,0.012074587866663933,True,0.75,1.361224889755249,128,0.02486428990960121,0.019400808960199356,0.004289776086807251,0.02676965296268463,0.020970651879906654,,,,,,,,,,,,,0.02688317373394966,0.021092277020215988,,,0.017597423866391182,0.02676965296268463,0.01433032937347889,0.03158741071820259,1.0
refine__calru__t2__lr0p01_eta1000_i50__seed12,calru,CA-LRU,t2,12,True,0.006148263346403837,topology-specific validation-selected,0.00034827139461413026,smoothness,correlation_x1p5,ell=1.5x,1.5,,variable_sparsity,0.012774854898452759,True,1.5,1.377539873123169,128,0.0280274860560894,0.02100231684744358,0.004413437098264694,0.030649080872535706,0.021164236590266228,,,,,,,,,,,,,0.030904533341526985,0.02102230116724968,,,0.0189770869910717,0.030649080872535706,0.014243177138268948,0.03819253295660019,1.0
refine__calru__t2__lr0p01_eta1000_i50__seed12,calru,CA-LRU,t2,12,True,0.006148263346403837,topology-specific validation-selected,0.0003616627072915435,smoothness,correlation_x2,ell=2x,2.0,,variable_sparsity,0.012622683309018612,True,2.0,1.384145736694336,128,0.028423750773072243,0.021227309480309486,0.004431380890309811,0.03123086504638195,0.020564284175634384,,,,,,,,,,,,,0.03165936470031738,0.021788332611322403,,,0.019109239801764488,0.03123086504638195,0.014144143089652061,0.037863366305828094,1.0
refine__calru__t2__lr0p01_eta1000_i50__seed12,calru,CA-LRU,t2,12,True,0.006148263346403837,topology-specific validation-selected,0.00035863585071638227,smoothness,correlation_x3,ell=3x,3.0,,variable_sparsity,0.012572663836181164,True,3.0,1.3864840269088745,128,0.02841545082628727,0.021191539242863655,0.004368716850876808,0.03167863190174103,0.022004259750247,,,,,,,,,,,,,0.03210461512207985,0.023274682462215424,,,0.019069960340857506,0.03167863190174103,0.014887857250869274,0.03663717582821846,1.0
refine__calru__t2__lr0p01_eta1000_i50__seed12,calru,CA-LRU,t2,12,True,0.006148263346403837,topology-specific validation-selected,0.00036063342122361064,smoothness,correlation_x4,ell=4x,4.0,,variable_sparsity,0.012512793764472008,True,4.0,1.3974353075027466,128,0.028524450957775116,0.02125433273613453,0.00442689610645175,0.032002419233322144,0.022886795923113823,,,,,,,,,,,,,0.0322926789522171,0.024490954354405403,,,0.019102558493614197,0.032002419233322144,0.01424333080649376,0.03625966235995293,1.0
refine__calru__t2__lr0p01_eta1000_i50__seed12,calru,CA-LRU,t2,12,True,0.006148263346403837,topology-specific validation-selected,3.579815529519692e-05,dwell,dwell_block128,all blank 128,128,,all_blank,0.006783350836485624,True,1.0,0.0,128,0.006710506044328213,,0.003276106668636203,0.00671051163226366,0.006188757251948118,,,,,,,,,,,,,0.0067105102352797985,0.006188757251948118,,,0.006783350836485624,0.00671051163226366,0.006240512244403362,0.010973448865115643,1.0
refine__calru__t2__lr0p01_eta1000_i50__seed12,calru,CA-LRU,t2,12,True,0.006148263346403837,topology-specific validation-selected,0.00019143332610838115,dwell,dwell_block32,blank block 32,32,,variable_sparsity,0.013618959113955498,True,1.0,1.3455064296722412,128,0.019999198615550995,0.01633237861096859,0.004135018680244684,0.02245946042239666,0.01849684678018093,,,,,,,,,,,,,0.022814998403191566,0.01873892918229103,,,0.015151550993323326,0.02245946042239666,0.013091500848531723,0.02777794748544693,1.0
refine__calru__t2__lr0p01_eta1000_i50__seed12,calru,CA-LRU,t2,12,True,0.006148263346403837,topology-specific validation-selected,0.00011392191663617268,dwell,dwell_block64,blank block 64,64,,variable_sparsity,0.011523661203682423,True,1.0,1.2712488174438477,128,0.014118338003754616,0.012752444483339787,0.0038440616335719824,0.016608847305178642,0.01401083916425705,,,,,,,,,,,,,0.01660960353910923,0.014002501033246517,,,0.011986367404460907,0.016608847305178642,0.010400401428341866,0.019960854202508926,1.0
refine__calru__t2__lr0p01_eta1000_i50__seed12,calru,CA-LRU,t2,12,True,0.006148263346403837,topology-specific validation-selected,0.00027204997604712844,dwell,dwell_block8,blank block 8,8,,variable_sparsity,0.013370688073337078,True,1.0,1.3617379665374756,128,0.02451406791806221,0.019076287746429443,0.004261009395122528,0.026647072285413742,0.02028062753379345,,,,,,,,,,,,,0.02723568305373192,0.02125144563615322,,,0.01740298420190811,0.026647072285413742,0.014494067057967186,0.030974503606557846,1.0
refine__calru__t2__lr0p01_eta1000_i50__seed12,calru,CA-LRU,t2,12,True,0.006148263346403837,topology-specific validation-selected,7.214790093712509e-05,dwell,dwell_block96,blank block 96,96,,variable_sparsity,0.009546620771288872,True,1.0,0.9547207355499268,128,0.010042920708656311,0.00987781211733818,0.0036309296265244484,0.011270475573837757,0.009440350346267223,,,,,,,,,,,,,0.011405184864997864,0.009781086817383766,,,0.009609103202819824,0.011270475573837757,0.008770599961280823,0.01595032960176468,1.0
refine__calru__t2__lr0p01_eta1000_i50__seed12,calru,CA-LRU,t2,12,True,0.006148263346403837,topology-specific validation-selected,0.0003117424785159528,id,id_h128,ID T=128,128,,variable_sparsity,0.012410392053425312,True,1.0,1.3622474670410156,128,0.02614259161055088,0.020115762948989868,0.004332614131271839,0.0285229180008173,0.02203463390469551,0.028989683836698532,0.02212844043970108,0.028989683836698532,0.02212844043970108,0.028989683836698532,0.02212844043970108,0.028989683836698532,0.02212844043970108,0.028989683836698532,0.02212844043970108,0.028989683836698532,0.02212844043970108,0.028989683836698532,0.02212844043970108,0.028989683836698532,0.02212844043970108,0.018219048157334328,0.0285229180008173,0.01485432405024767,0.0323202908039093,1.0
refine__calru__t2__lr0p01_eta1000_i50__seed12,calru,CA-LRU,t2,12,True,0.006148263346403837,topology-specific validation-selected,0.004431457258760929,length,length_h1024,T=1024,1024,,variable_sparsity,0.03660242632031441,True,1.0,1.6176867485046387,1024,0.0976487323641777,0.07746484875679016,0.01291842944920063,0.1055334061384201,0.07830243557691574,,,,,,,,,,,,,0.10578891634941101,0.0799209326505661,,,0.06745360046625137,0.1055334061384201,0.05482252687215805,0.12783589959144592,1.0
refine__calru__t2__lr0p01_eta1000_i50__seed12,calru,CA-LRU,t2,12,True,0.006148263346403837,topology-specific validation-selected,0.0070946007035672665,length,length_h1536,T=1536,1536,,variable_sparsity,0.04932394623756409,True,1.0,1.641402244567871,1536,0.12999366223812103,0.09871724992990494,0.01786784455180168,0.149593323469162,0.12947402894496918,,,,,,,,,,,,,0.14954234659671783,0.1288587898015976,,,0.0865957960486412,0.149593323469162,0.07339035719633102,0.16287966072559357,1.0
refine__calru__t2__lr0p01_eta1000_i50__seed12,calru,CA-LRU,t2,12,True,0.006148263346403837,topology-specific validation-selected,0.0005406243726611137,length,length_h192,T=192,192,,variable_sparsity,0.015042424201965332,True,1.0,1.4343335628509521,192,0.034795138984918594,0.026012882590293884,0.0046846745535731316,0.03798007592558861,0.027516137808561325,,,,,,,,,,,,,0.03799227252602577,0.02815762162208557,,,0.02332919090986252,0.03798007592558861,0.018154509365558624,0.04242018610239029,1.0
refine__calru__t2__lr0p01_eta1000_i50__seed12,calru,CA-LRU,t2,12,True,0.006148263346403837,topology-specific validation-selected,0.01126537099480629,length,length_h2048,T=2048,2048,,variable_sparsity,0.06510181725025177,True,1.0,1.646860122680664,2048,0.17634010314941406,0.1233019307255745,0.022550707682967186,0.20231224596500397,0.16698221862316132,,,,,,,,,,,,,0.2023850828409195,0.16728271543979645,,,0.10903185606002808,0.20231224596500397,0.09226596355438232,0.19706109166145325,1.0
refine__calru__t2__lr0p01_eta1000_i50__seed12,calru,CA-LRU,t2,12,True,0.006148263346403837,topology-specific validation-selected,0.0007994354236871004,length,length_h256,T=256,256,,variable_sparsity,0.017315395176410675,True,1.0,1.46852445602417,256,0.042567864060401917,0.03165188804268837,0.005147361196577549,0.04695455729961395,0.03554932773113251,,,,,,,,,,,,,0.04724787548184395,0.03625308349728584,,,0.028138861060142517,0.04695455729961395,0.02288972958922386,0.05124438554048538,1.0
refine__calru__t2__lr0p01_eta1000_i50__seed12,calru,CA-LRU,t2,12,True,0.006148263346403837,topology-specific validation-selected,0.0014592737425118685,length,length_h384,T=384,384,,variable_sparsity,0.021387629210948944,True,1.0,1.5286071300506592,384,0.05807175859808922,0.04264938831329346,0.006300441455096006,0.06321683526039124,0.045768365263938904,,,,,,,,,,,,,0.06321634352207184,0.04567842185497284,,,0.037431493401527405,0.06321683526039124,0.029572542756795883,0.07062988728284836,1.0
refine__calru__t2__lr0p01_eta1000_i50__seed12,calru,CA-LRU,t2,12,True,0.006148263346403837,topology-specific validation-selected,0.0021484186872839928,length,length_h512,T=512,512,,variable_sparsity,0.024939697235822678,True,1.0,1.5606231689453125,512,0.06826753914356232,0.05170285701751709,0.007691758219152689,0.07275934517383575,0.05379899591207504,,,,,,,,,,,,,0.07271178811788559,0.053149525076150894,,,0.04514050483703613,0.07275934517383575,0.03443356603384018,0.08614837378263474,1.0
refine__calru__t2__lr0p01_eta1000_i50__seed12,calru,CA-LRU,t2,12,True,0.006148263346403837,topology-specific validation-selected,0.003346232231706381,length,length_h768,T=768,768,,variable_sparsity,0.03127580136060715,True,1.0,1.597855567932129,768,0.08417592942714691,0.06587319076061249,0.010362638160586357,0.0906641036272049,0.0702495276927948,,,,,,,,,,,,,0.0910441055893898,0.07161813974380493,,,0.0573885552585125,0.0906641036272049,0.047571517527103424,0.10799381881952286,1.0
refine__calru__t2__lr0p01_eta1000_i50__seed12,calru,CA-LRU,t2,12,True,0.006148263346403837,topology-specific validation-selected,0.00010759547876659781,velocity,velocity_x0p5,0.5x,0.5,,variable_sparsity,0.009050847962498665,True,1.0,1.1714093685150146,128,0.014818459749221802,0.012187657877802849,0.0036900248378515244,0.015977784991264343,0.013559147715568542,,,,,,,,,,,,,0.016486087813973427,0.01435778196901083,,,0.011415516957640648,0.015977784991264343,0.010083569213747978,0.01948367804288864,0.5
refine__calru__t2__lr0p01_eta1000_i50__seed12,calru,CA-LRU,t2,12,True,0.006148263346403837,topology-specific validation-selected,0.00018889734928961843,velocity,velocity_x0p75,0.75x,0.75,,variable_sparsity,0.010508363135159016,True,1.0,1.2961249351501465,128,0.02027519792318344,0.01598471775650978,0.0039022755809128284,0.02187306433916092,0.017421510070562363,,,,,,,,,,,,,0.0220310278236866,0.018176967278122902,,,0.014636686071753502,0.02187306433916092,0.0118476003408432,0.026756523177027702,0.75
refine__calru__t2__lr0p01_eta1000_i50__seed12,calru,CA-LRU,t2,12,True,0.006148263346403837,topology-specific validation-selected,0.0005282486090436578,velocity,velocity_x1p25,1.25x,1.25,,variable_sparsity,0.014726405031979084,True,1.0,1.407024621963501,128,0.03300848603248596,0.025081122294068336,0.005053715780377388,0.03647567331790924,0.026110785081982613,,,,,,,,,,,,,0.03649045526981354,0.02579515241086483,,,0.022532258182764053,0.03647567331790924,0.017021197825670242,0.042219243943691254,1.25
refine__calru__t2__lr0p01_eta1000_i50__seed12,calru,CA-LRU,t2,12,True,0.006148263346403837,topology-specific validation-selected,0.0010274536907672882,velocity,velocity_x1p5,1.5x,1.5,,variable_sparsity,0.021097373217344284,True,1.0,1.4481725692749023,128,0.04248503968119621,0.031762342900037766,0.006121882703155279,0.04600419104099274,0.0289805568754673,,,,,,,,,,,,,0.04656529799103737,0.029947062954306602,,,0.029137108474969864,0.04600419104099274,0.02027912065386772,0.06297418475151062,1.5
refine__calru__t2__lr0p01_eta1000_i50__seed12,calru,CA-LRU,t2,12,True,0.006148263346403837,topology-specific validation-selected,0.00890536792576313,velocity,velocity_x2,2x,2.0,,variable_sparsity,0.05809931457042694,True,1.0,1.4958068132400513,128,0.09733027219772339,0.06582222878932953,0.012236170470714569,0.11140531301498413,0.04419239982962608,,,,,,,,,,,,,0.11393600702285767,0.04541183263063431,,,0.06392119824886322,0.11140531301498413,0.028041347861289978,0.15620918571949005,2.0
refine__calru__t2__lr0p01_eta1000_i50__seed12,calru,CA-LRU,t2,12,True,0.006148263346403837,topology-specific validation-selected,0.0907670110464096,velocity,velocity_x3,3x,3.0,,variable_sparsity,0.2570383548736572,True,1.0,1.5508358478546143,128,0.39750736951828003,0.283143013715744,0.05566093325614929,0.42426085472106934,0.11031246185302734,,,,,,,,,,,,,0.42248526215553284,0.11279264837503433,,,0.2767172157764435,0.42426085472106934,0.06372732669115067,1.0463037490844727,3.0
refine__calru__t2__lr0p01_eta1000_i50__seed12,calru,CA-LRU,t2,12,True,0.006148263346403837,topology-specific validation-selected,0.19404368102550507,velocity,velocity_x4,4x,4.0,,variable_sparsity,0.43910685181617737,True,1.0,1.5755066871643066,128,0.7460329532623291,0.5585751533508301,0.10958080738782883,0.7968220710754395,0.44663724303245544,,,,,,,,,,,,,0.7937235832214355,0.47652754187583923,,,0.5291674733161926,0.7968220710754395,0.24267852306365967,1.3616688251495361,4.0
pilot__rnn__s2__seed10,rnn,RNN,s2,10,False,0.2955823242664337,ring-selected zero-retuning,0.24221456050872803,smoothness,correlation_x0p5,ell=0.5x,0.5,,variable_sparsity,0.7650066018104553,True,0.5,1.2707858085632324,128,1.2459982633590698,1.0766059160232544,0.5163536667823792,1.305427074432373,1.2342529296875,,,,,,,,,,,,,1.375510811805725,1.3003089427947998,,,0.999904215335846,1.305427074432373,0.9886511564254761,1.5056567192077637,1.0
pilot__rnn__s2__seed10,rnn,RNN,s2,10,False,0.2955823242664337,ring-selected zero-retuning,0.22424577176570892,smoothness,correlation_x0p75,ell=0.75x,0.75,,variable_sparsity,0.7259076833724976,True,0.75,1.220813274383545,128,1.127553939819336,0.9960178136825562,0.4914388060569763,1.2044353485107422,1.105098009109497,,,,,,,,,,,,,1.3882173299789429,1.3352211713790894,,,0.9295289516448975,1.2044353485107422,0.9393937587738037,1.4692375659942627,1.0
pilot__rnn__s2__seed10,rnn,RNN,s2,10,False,0.2955823242664337,ring-selected zero-retuning,0.21482905745506287,smoothness,correlation_x1p5,ell=1.5x,1.5,,variable_sparsity,0.7258675694465637,True,1.5,1.1549341678619385,128,1.0526008605957031,0.9522954821586609,0.4638850688934326,1.0680115222930908,1.0429478883743286,,,,,,,,,,,,,1.3242552280426025,1.2256609201431274,,,0.8965591788291931,1.0680115222930908,0.9300162196159363,1.358429193496704,1.0
pilot__rnn__s2__seed10,rnn,RNN,s2,10,False,0.2955823242664337,ring-selected zero-retuning,0.21387621760368347,smoothness,correlation_x2,ell=2x,2.0,,variable_sparsity,0.7333188652992249,True,2.0,1.1337003707885742,128,1.0667264461517334,0.9454641342163086,0.4600600004196167,1.0816607475280762,1.0468088388442993,,,,,,,,,,,,,1.343991994857788,1.2156683206558228,,,0.8932435512542725,1.0816607475280762,0.9376278519630432,1.3542218208312988,1.0
pilot__rnn__s2__seed10,rnn,RNN,s2,10,False,0.2955823242664337,ring-selected zero-retuning,0.21100537478923798,smoothness,correlation_x3,ell=3x,3.0,,variable_sparsity,0.7303608059883118,True,3.0,1.1184860467910767,128,1.041013240814209,0.9314438700675964,0.45483338832855225,1.0846344232559204,1.0491753816604614,,,,,,,,,,,,,1.310211420059204,1.2278547286987305,,,0.881946325302124,1.0846344232559204,0.9022948741912842,1.3647534847259521,1.0
pilot__rnn__s2__seed10,rnn,RNN,s2,10,False,0.2955823242664337,ring-selected zero-retuning,0.20908260345458984,smoothness,correlation_x4,ell=4x,4.0,,variable_sparsity,0.7273346781730652,True,4.0,1.107108473777771,128,1.0105376243591309,0.9195870757102966,0.45227959752082825,1.0564466714859009,1.0294628143310547,,,,,,,,,,,,,1.3247852325439453,1.2178398370742798,,,0.8722631931304932,1.0564466714859009,0.8910340070724487,1.3504520654678345,1.0
pilot__rnn__s2__seed10,rnn,RNN,s2,10,False,0.2955823242664337,ring-selected zero-retuning,0.05165409669280052,dwell,dwell_block128,all blank 128,128,,all_blank,0.30517077445983887,True,1.0,0.0,128,0.4535602927207947,,0.19404834508895874,0.46278101205825806,0.41927775740623474,,,,,,,,,,,,,1.2283806800842285,1.118998646736145,,,0.30517077445983887,0.46278101205825806,0.2736852765083313,0.4793130159378052,1.0
pilot__rnn__s2__seed10,rnn,RNN,s2,10,False,0.2955823242664337,ring-selected zero-retuning,0.22798119485378265,dwell,dwell_block32,blank block 32,32,,variable_sparsity,0.8492666482925415,True,1.0,1.163724660873413,128,1.1972098350524902,1.0138964653015137,0.49688977003097534,1.2235461473464966,1.1695482730865479,,,,,,,,,,,,,1.4043418169021606,1.3431650400161743,,,0.9422527551651001,1.2235461473464966,0.8750262260437012,1.537092685699463,1.0
pilot__rnn__s2__seed10,rnn,RNN,s2,10,False,0.2955823242664337,ring-selected zero-retuning,0.21788154542446136,dwell,dwell_block64,blank block 64,64,,variable_sparsity,0.8522494435310364,True,1.0,1.157697081565857,128,1.1765673160552979,0.9648275971412659,0.4639182686805725,1.2399091720581055,1.1687425374984741,,,,,,,,,,,,,1.376914381980896,1.3304158449172974,,,0.8946415185928345,1.2399091720581055,0.8738081455230713,1.475998878479004,1.0
pilot__rnn__s2__seed10,rnn,RNN,s2,10,False,0.2955823242664337,ring-selected zero-retuning,0.21859604120254517,dwell,dwell_block8,blank block 8,8,,variable_sparsity,0.7591672539710999,True,1.0,1.1890697479248047,128,1.063896656036377,0.9688844680786133,0.47879788279533386,1.0965313911437988,1.0381165742874146,,,,,,,,,,,,,1.3721063137054443,1.3505059480667114,,,0.9073798656463623,1.0965313911437988,0.9026062488555908,1.4348236322402954,1.0
pilot__rnn__s2__seed10,rnn,RNN,s2,10,False,0.2955823242664337,ring-selected zero-retuning,0.17907993495464325,dwell,dwell_block96,blank block 96,96,,variable_sparsity,0.7207810282707214,True,1.0,1.1225513219833374,128,0.9036558866500854,0.8205920457839966,0.40274113416671753,1.126004695892334,0.9905120134353638,,,,,,,,,,,,,1.3542227745056152,1.2643369436264038,,,0.7396113276481628,1.126004695892334,0.7026576995849609,1.206953525543213,1.0
pilot__rnn__s2__seed10,rnn,RNN,s2,10,False,0.2955823242664337,ring-selected zero-retuning,0.21677707135677338,id,id_h128,ID T=128,128,,variable_sparsity,0.710083544254303,True,1.0,1.196302056312561,128,1.0647008419036865,0.9687785506248474,0.47537001967430115,1.0922061204910278,1.0211207866668701,1.420380711555481,1.4076939821243286,1.2185895442962646,1.158373475074768,1.4151759147644043,1.399716854095459,1.4153741598129272,1.4017986059188843,1.3018488883972168,1.2704578638076782,1.4327369928359985,1.4467484951019287,1.4048690795898438,1.3794747591018677,1.4362527132034302,1.4083741903305054,0.9050995111465454,1.0922061204910278,0.9280095100402832,1.4024394750595093,1.0
pilot__rnn__s2__seed10,rnn,RNN,s2,10,False,0.2955823242664337,ring-selected zero-retuning,0.3784019947052002,length,length_h1024,T=1024,1024,,variable_sparsity,1.353962779045105,True,1.0,1.5051929950714111,1024,1.5935280323028564,1.42539381980896,0.504029393196106,1.6049009561538696,1.5958894491195679,,,,,,,,,,,,,1.6007097959518433,1.5579818487167358,,,1.407893419265747,1.6049009561538696,1.414792776107788,1.8882160186767578,1.0
pilot__rnn__s2__seed10,rnn,RNN,s2,10,False,0.2955823242664337,ring-selected zero-retuning,0.40352723002433777,length,length_h1536,T=1536,1536,,variable_sparsity,1.41072416305542,True,1.0,1.5272283554077148,1536,1.5912644863128662,1.4901052713394165,0.49086856842041016,1.6289455890655518,1.633491039276123,,,,,,,,,,,,,1.613513469696045,1.5860211849212646,,,1.4706246852874756,1.6289455890655518,1.5074832439422607,1.9396278858184814,1.0
pilot__rnn__s2__seed10,rnn,RNN,s2,10,False,0.2955823242664337,ring-selected zero-retuning,0.23954084515571594,length,length_h192,T=192,192,,variable_sparsity,0.8379780650138855,True,1.0,1.277984619140625,192,1.1878472566604614,1.0436584949493408,0.4980900287628174,1.1829307079315186,1.14024019241333,,,,,,,,,,,,,1.4530678987503052,1.3819280862808228,,,0.9933431148529053,1.1829307079315186,1.0242767333984375,1.4965659379959106,1.0
pilot__rnn__s2__seed10,rnn,RNN,s2,10,False,0.2955823242664337,ring-selected zero-retuning,0.4157736897468567,length,length_h2048,T=2048,2048,,variable_sparsity,1.4455108642578125,True,1.0,1.54164457321167,2048,1.574042558670044,1.5130354166030884,0.48278868198394775,1.5314183235168457,1.5420799255371094,,,,,,,,,,,,,1.551992654800415,1.5201789140701294,,,1.4964790344238281,1.5314183235168457,1.5121819972991943,1.9578790664672852,1.0
pilot__rnn__s2__seed10,rnn,RNN,s2,10,False,0.2955823242664337,ring-selected zero-retuning,0.25786107778549194,length,length_h256,T=256,256,,variable_sparsity,0.9354031682014465,True,1.0,1.3367786407470703,256,1.2617747783660889,1.1010384559631348,0.5127451419830322,1.3181977272033691,1.2944631576538086,,,,,,,,,,,,,1.4314076900482178,1.395694375038147,,,1.0604510307312012,1.3181977272033691,1.080265998840332,1.5242056846618652,1.0
pilot__rnn__s2__seed10,rnn,RNN,s2,10,False,0.2955823242664337,ring-selected zero-retuning,0.28848135471343994,length,length_h384,T=384,384,,variable_sparsity,1.0713075399398804,True,1.0,1.4008620977401733,384,1.3728060722351074,1.1882816553115845,0.5228201746940613,1.3993128538131714,1.409892201423645,,,,,,,,,,,,,1.520706057548523,1.416778326034546,,,1.1595747470855713,1.3993128538131714,1.1383020877838135,1.6365846395492554,1.0
pilot__rnn__s2__seed10,rnn,RNN,s2,10,False,0.2955823242664337,ring-selected zero-retuning,0.31351497769355774,length,length_h512,T=512,512,,variable_sparsity,1.155523419380188,True,1.0,1.4333817958831787,512,1.454321026802063,1.2585150003433228,0.5216189622879028,1.4778931140899658,1.399665117263794,,,,,,,,,,,,,1.456343412399292,1.4470990896224976,,,1.2332613468170166,1.4778931140899658,1.2319188117980957,1.6923902034759521,1.0
pilot__rnn__s2__seed10,rnn,RNN,s2,10,False,0.2955823242664337,ring-selected zero-retuning,0.3548443913459778,length,length_h768,T=768,768,,variable_sparsity,1.2774977684020996,True,1.0,1.476723074913025,768,1.5815658569335938,1.3682781457901,0.5116146802902222,1.6115303039550781,1.59920072555542,,,,,,,,,,,,,1.596740484237671,1.6326360702514648,,,1.3460153341293335,1.6115303039550781,1.3568257093429565,1.8321497440338135,1.0
pilot__rnn__s2__seed10,rnn,RNN,s2,10,False,0.2955823242664337,ring-selected zero-retuning,0.18737606704235077,velocity,velocity_x0p5,0.5x,0.5,,variable_sparsity,0.5825064778327942,True,1.0,1.1049447059631348,128,1.0499564409255981,0.8486829996109009,0.46103987097740173,1.0744231939315796,0.9816920161247253,,,,,,,,,,,,,1.336183786392212,1.249094843864441,,,0.7831623554229736,1.0744231939315796,0.7784457802772522,1.217038869857788,0.5
pilot__rnn__s2__seed10,rnn,RNN,s2,10,False,0.2955823242664337,ring-selected zero-retuning,0.20197759568691254,velocity,velocity_x0p75,0.75x,0.75,,variable_sparsity,0.6502017974853516,True,1.0,1.169198751449585,128,1.045140027999878,0.9108740091323853,0.4724227786064148,1.1174230575561523,1.0457775592803955,,,,,,,,,,,,,1.409132719039917,1.3446482419967651,,,0.8467082977294922,1.1174230575561523,0.8496153354644775,1.3235886096954346,0.75
pilot__rnn__s2__seed10,rnn,RNN,s2,10,False,0.2955823242664337,ring-selected zero-retuning,0.22861996293067932,velocity,velocity_x1p25,1.25x,1.25,,variable_sparsity,0.7763203382492065,True,1.0,1.2158229351043701,128,1.09578537940979,1.0133932828903198,0.4796445965766907,1.137290596961975,1.0610105991363525,,,,,,,,,,,,,1.402977705001831,1.3322488069534302,,,0.9550365805625916,1.137290596961975,0.9594708681106567,1.4717051982879639,1.25
pilot__rnn__s2__seed10,rnn,RNN,s2,10,False,0.2955823242664337,ring-selected zero-retuning,0.24262535572052002,velocity,velocity_x1p5,1.5x,1.5,,variable_sparsity,0.8303809762001038,True,1.0,1.2319731712341309,128,1.1501991748809814,1.0678507089614868,0.48792171478271484,1.1752275228500366,1.1232528686523438,,,,,,,,,,,,,1.495924472808838,1.4734469652175903,,,1.0093964338302612,1.1752275228500366,1.0290194749832153,1.5394338369369507,1.5
pilot__rnn__s2__seed10,rnn,RNN,s2,10,False,0.2955823242664337,ring-selected zero-retuning,0.26052212715148926,velocity,velocity_x2,2x,2.0,,variable_sparsity,0.9018130302429199,True,1.0,1.2675329446792603,128,1.202183485031128,1.1347297430038452,0.5083488821983337,1.2323262691497803,1.1574195623397827,,,,,,,,,,,,,1.4329307079315186,1.4128443002700806,,,1.0773961544036865,1.2323262691497803,1.120377779006958,1.5827988386154175,2.0
pilot__rnn__s2__seed10,rnn,RNN,s2,10,False,0.2955823242664337,ring-selected zero-retuning,0.3043331503868103,velocity,velocity_x3,3x,3.0,,variable_sparsity,0.9926378130912781,True,1.0,1.278946876525879,128,1.3324503898620605,1.2801251411437988,0.5064860582351685,1.3213105201721191,1.2493687868118286,,,,,,,,,,,,,1.5055862665176392,1.520706295967102,,,1.2093586921691895,1.3213105201721191,1.2779432535171509,1.6724607944488525,3.0
pilot__rnn__s2__seed10,rnn,RNN,s2,10,False,0.2955823242664337,ring-selected zero-retuning,0.34619492292404175,velocity,velocity_x4,4x,4.0,,variable_sparsity,1.064116358757019,True,1.0,1.2800923585891724,128,1.4516286849975586,1.396454095840454,0.4853808581829071,1.4823620319366455,1.4272403717041016,,,,,,,,,,,,,1.5423351526260376,1.542158603668213,,,1.3146476745605469,1.4823620319366455,1.4305872917175293,1.7604100704193115,4.0
pilot__rnn__s2__seed11,rnn,RNN,s2,11,False,0.33671221137046814,ring-selected zero-retuning,0.2718786597251892,smoothness,correlation_x0p5,ell=0.5x,0.5,,variable_sparsity,1.065971851348877,True,0.5,1.2707858085632324,128,1.432981252670288,1.1904877424240112,0.5864675045013428,1.4376022815704346,1.426393985748291,,,,,,,,,,,,,1.5230557918548584,1.492064356803894,,,1.1598376035690308,1.4376022815704346,1.168459177017212,1.6523921489715576,1.0
pilot__rnn__s2__seed11,rnn,RNN,s2,11,False,0.33671221137046814,ring-selected zero-retuning,0.2547081410884857,smoothness,correlation_x0p75,ell=0.75x,0.75,,variable_sparsity,0.9784674644470215,True,0.75,1.220813274383545,128,1.241908073425293,1.100170373916626,0.5767218470573425,1.335946798324585,1.2577592134475708,,,,,,,,,,,,,1.556093692779541,1.5529658794403076,,,1.0702126026153564,1.335946798324585,1.0979499816894531,1.5593388080596924,1.0
pilot__rnn__s2__seed11,rnn,RNN,s2,11,False,0.33671221137046814,ring-selected zero-retuning,0.24545714259147644,smoothness,correlation_x1p5,ell=1.5x,1.5,,variable_sparsity,0.9916731119155884,True,1.5,1.1549341678619385,128,1.2152535915374756,1.0543084144592285,0.5613882541656494,1.257080078125,1.1640233993530273,,,,,,,,,,,,,1.5021493434906006,1.5067431926727295,,,1.0388903617858887,1.257080078125,1.0784581899642944,1.4917826652526855,1.0
pilot__rnn__s2__seed11,rnn,RNN,s2,11,False,0.33671221137046814,ring-selected zero-retuning,0.24106459319591522,smoothness,correlation_x2,ell=2x,2.0,,variable_sparsity,0.9926757216453552,True,2.0,1.1337003707885742,128,1.193515419960022,1.031309962272644,0.5615518093109131,1.2180042266845703,1.1319197416305542,,,,,,,,,,,,,1.5432264804840088,1.5379432439804077,,,1.021799921989441,1.2180042266845703,1.04928457736969,1.492232084274292,1.0
pilot__rnn__s2__seed11,rnn,RNN,s2,11,False,0.33671221137046814,ring-selected zero-retuning,0.23829607665538788,smoothness,correlation_x3,ell=3x,3.0,,variable_sparsity,0.9951667189598083,True,3.0,1.1184860467910767,128,1.1693798303604126,1.0171266794204712,0.5587078332901001,1.1588373184204102,1.079785704612732,,,,,,,,,,,,,1.4320547580718994,1.4116469621658325,,,1.011721134185791,1.1588373184204102,1.0535240173339844,1.499840497970581,1.0
pilot__rnn__s2__seed11,rnn,RNN,s2,11,False,0.33671221137046814,ring-selected zero-retuning,0.2376304268836975,smoothness,correlation_x4,ell=4x,4.0,,variable_sparsity,0.9993188977241516,True,4.0,1.107108473777771,128,1.1882158517837524,1.0198663473129272,0.5558924674987793,1.1789367198944092,1.0579183101654053,,,,,,,,,,,,,1.478632926940918,1.3962664604187012,,,1.0148084163665771,1.1789367198944092,1.0552330017089844,1.5073673725128174,1.0
pilot__rnn__s2__seed11,rnn,RNN,s2,11,False,0.33671221137046814,ring-selected zero-retuning,0.14793579280376434,dwell,dwell_block128,all blank 128,128,,all_blank,0.6055703163146973,True,1.0,0.0,128,0.9003907442092896,,0.47036945819854736,0.9953337907791138,0.9564144611358643,,,,,,,,,,,,,1.1691211462020874,1.148899793624878,,,0.6055703163146973,0.9953337907791138,0.530724823474884,1.0646305084228516,1.0
pilot__rnn__s2__seed11,rnn,RNN,s2,11,False,0.33671221137046814,ring-selected zero-retuning,0.2558254599571228,dwell,dwell_block32,blank block 32,32,,variable_sparsity,1.0668954849243164,True,1.0,1.163724660873413,128,1.2453011274337769,1.0725170373916626,0.6140134930610657,1.2812614440917969,1.2008686065673828,,,,,,,,,,,,,1.4430174827575684,1.4446955919265747,,,1.0700706243515015,1.2812614440917969,1.0403807163238525,1.564552664756775,1.0
pilot__rnn__s2__seed11,rnn,RNN,s2,11,False,0.33671221137046814,ring-selected zero-retuning,0.2628391683101654,dwell,dwell_block64,blank block 64,64,,variable_sparsity,1.1254889965057373,True,1.0,1.157697081565857,128,1.328965187072754,1.084377408027649,0.6511269807815552,1.3894298076629639,1.3513569831848145,,,,,,,,,,,,,1.5149357318878174,1.4721641540527344,,,1.1100082397460938,1.3894298076629639,1.058837652206421,1.7108592987060547,1.0
pilot__rnn__s2__seed11,rnn,RNN,s2,11,False,0.33671221137046814,ring-selected zero-retuning,0.250532329082489,dwell,dwell_block8,blank block 8,8,,variable_sparsity,1.0011595487594604,True,1.0,1.1890697479248047,128,1.2055556774139404,1.0780582427978516,0.5783522129058838,1.2155797481536865,1.0878517627716064,,,,,,,,,,,,,1.4471572637557983,1.4295001029968262,,,1.0555057525634766,1.2155797481536865,1.088212251663208,1.5417826175689697,1.0
pilot__rnn__s2__seed11,rnn,RNN,s2,11,False,0.33671221137046814,ring-selected zero-retuning,0.2607969045639038,dwell,dwell_block96,blank block 96,96,,variable_sparsity,1.1438462734222412,True,1.0,1.1225513219833374,128,1.4036543369293213,1.0837796926498413,0.6665668487548828,1.4723312854766846,1.4342244863510132,,,,,,,,,,,,,1.502451777458191,1.429506540298462,,,1.132514238357544,1.4723312854766846,1.0943043231964111,1.814204454421997,1.0
pilot__rnn__s2__seed11,rnn,RNN,s2,11,False,0.33671221137046814,ring-selected zero-retuning,0.2504821717739105,id,id_h128,ID T=128,128,,variable_sparsity,0.9686813354492188,True,1.0,1.196302056312561,128,1.2063744068145752,1.0800487995147705,0.568651020526886,1.273293375968933,1.1725393533706665,1.4841049909591675,1.4221618175506592,1.4956181049346924,1.4402658939361572,1.483912467956543,1.4221618175506592,1.4839057922363281,1.4221618175506592,1.4985675811767578,1.424503207206726,1.4839057922363281,1.4221618175506592,1.492963433265686,1.429307460784912,1.484901785850525,1.4221618175506592,1.0526351928710938,1.273293375968933,1.0870826244354248,1.5241284370422363,1.0
pilot__rnn__s2__seed11,rnn,RNN,s2,11,False,0.33671221137046814,ring-selected zero-retuning,0.3448758125305176,length,length_h1024,T=1024,1024,,variable_sparsity,1.4898486137390137,True,1.0,1.5051929950714111,1024,1.5991950035095215,1.4618971347808838,0.7033342123031616,1.5878093242645264,1.5008082389831543,,,,,,,,,,,,,1.572007179260254,1.517913579940796,,,1.468745231628418,1.5878093242645264,1.4824295043945312,1.8403071165084839,1.0
pilot__rnn__s2__seed11,rnn,RNN,s2,11,False,0.33671221137046814,ring-selected zero-retuning,0.34952405095100403,length,length_h1536,T=1536,1536,,variable_sparsity,1.5076050758361816,True,1.0,1.5272283554077148,1536,1.5316356420516968,1.4854072332382202,0.7172653079032898,1.5114927291870117,1.4971463680267334,,,,,,,,,,,,,1.5115716457366943,1.4465311765670776,,,1.4908546209335327,1.5114927291870117,1.4871124029159546,1.814664363861084,1.0
pilot__rnn__s2__seed11,rnn,RNN,s2,11,False,0.33671221137046814,ring-selected zero-retuning,0.2695493996143341,length,length_h192,T=192,192,,variable_sparsity,1.0782479047775269,True,1.0,1.277984619140625,192,1.2828891277313232,1.1484910249710083,0.6120741367340088,1.3116309642791748,1.213390588760376,,,,,,,,,,,,,1.520182728767395,1.522207498550415,,,1.131307601928711,1.3116309642791748,1.1419270038604736,1.5837182998657227,1.0
pilot__rnn__s2__seed11,rnn,RNN,s2,11,False,0.33671221137046814,ring-selected zero-retuning,0.35230153799057007,length,length_h2048,T=2048,2048,,variable_sparsity,1.5200438499450684,True,1.0,1.54164457321167,2048,1.559433937072754,1.504086971282959,0.7237931489944458,1.6279228925704956,1.6327564716339111,,,,,,,,,,,,,1.6254760026931763,1.6200557947158813,,,1.5079994201660156,1.6279228925704956,1.4975981712341309,1.7911887168884277,1.0
pilot__rnn__s2__seed11,rnn,RNN,s2,11,False,0.33671221137046814,ring-selected zero-retuning,0.28210604190826416,length,length_h256,T=256,256,,variable_sparsity,1.1398022174835205,True,1.0,1.3367786407470703,256,1.331012487411499,1.1946814060211182,0.6356172561645508,1.3900749683380127,1.294380784034729,,,,,,,,,,,,,1.557381272315979,1.562676191329956,,,1.1812337636947632,1.3900749683380127,1.2139172554016113,1.6213817596435547,1.0
pilot__rnn__s2__seed11,rnn,RNN,s2,11,False,0.33671221137046814,ring-selected zero-retuning,0.3031575679779053,length,length_h384,T=384,384,,variable_sparsity,1.2563867568969727,True,1.0,1.4008620977401733,384,1.4785165786743164,1.2802155017852783,0.6625706553459167,1.5437297821044922,1.5366981029510498,,,,,,,,,,,,,1.6105704307556152,1.6841790676116943,,,1.2743675708770752,1.5437297821044922,1.3143322467803955,1.691075325012207,1.0
pilot__rnn__s2__seed11,rnn,RNN,s2,11,False,0.33671221137046814,ring-selected zero-retuning,0.31920894980430603,length,length_h512,T=512,512,,variable_sparsity,1.3378537893295288,True,1.0,1.4333817958831787,512,1.538877248764038,1.3413528203964233,0.673943281173706,1.5549876689910889,1.5076349973678589,,,,,,,,,,,,,1.5702341794967651,1.5543208122253418,,,1.340494990348816,1.5549876689910889,1.36531662940979,1.7862417697906494,1.0
pilot__rnn__s2__seed11,rnn,RNN,s2,11,False,0.33671221137046814,ring-selected zero-retuning,0.33729463815689087,length,length_h768,T=768,768,,variable_sparsity,1.4353400468826294,True,1.0,1.476723074913025,768,1.6069968938827515,1.4219874143600464,0.6917683482170105,1.5468735694885254,1.5676058530807495,,,,,,,,,,,,,1.5629416704177856,1.4915152788162231,,,1.4252619743347168,1.5468735694885254,1.456947684288025,1.836491584777832,1.0
pilot__rnn__s2__seed11,rnn,RNN,s2,11,False,0.33671221137046814,ring-selected zero-retuning,0.2368858903646469,velocity,velocity_x0p5,0.5x,0.5,,variable_sparsity,0.8771944046020508,True,1.0,1.1049447059631348,128,1.2792959213256836,1.0461891889572144,0.5869666934013367,1.3406586647033691,1.3053572177886963,,,,,,,,,,,,,1.5108000040054321,1.5778347253799438,,,1.0045902729034424,1.3406586647033691,0.9891891479492188,1.4933900833129883,0.5
pilot__rnn__s2__seed11,rnn,RNN,s2,11,False,0.33671221137046814,ring-selected zero-retuning,0.2425403594970703,velocity,velocity_x0p75,0.75x,0.75,,variable_sparsity,0.9367280006408691,True,1.0,1.169198751449585,128,1.2376717329025269,1.0575076341629028,0.5809183716773987,1.2525529861450195,1.1682826280593872,,,,,,,,,,,,,1.4189672470092773,1.3629692792892456,,,1.0277771949768066,1.2525529861450195,1.0451658964157104,1.5084295272827148,0.75
pilot__rnn__s2__seed11,rnn,RNN,s2,11,False,0.33671221137046814,ring-selected zero-retuning,0.2583128809928894,velocity,velocity_x1p25,1.25x,1.25,,variable_sparsity,1.0459046363830566,True,1.0,1.2158229351043701,128,1.2673542499542236,1.1102464199066162,0.5610098838806152,1.2348204851150513,1.1864852905273438,,,,,,,,,,,,,1.5093982219696045,1.5198410749435425,,,1.0944085121154785,1.2348204851150513,1.1413483619689941,1.5810869932174683,1.25
pilot__rnn__s2__seed11,rnn,RNN,s2,11,False,0.33671221137046814,ring-selected zero-retuning,0.26475098729133606,velocity,velocity_x1p5,1.5x,1.5,,variable_sparsity,1.0493758916854858,True,1.0,1.2319731712341309,128,1.2754971981048584,1.1436338424682617,0.5604643225669861,1.2895506620407104,1.2622466087341309,,,,,,,,,,,,,1.4587814807891846,1.511775255203247,,,1.1204317808151245,1.2895506620407104,1.1720861196517944,1.602879285812378,1.5
pilot__rnn__s2__seed11,rnn,RNN,s2,11,False,0.33671221137046814,ring-selected zero-retuning,0.274856299161911,velocity,velocity_x2,2x,2.0,,variable_sparsity,1.0715293884277344,True,1.0,1.2675329446792603,128,1.2803338766098022,1.1650797128677368,0.556523323059082,1.2904664278030396,1.2467050552368164,,,,,,,,,,,,,1.523249626159668,1.4879872798919678,,,1.1420518159866333,1.2904664278030396,1.1817973852157593,1.6028907299041748,2.0
pilot__rnn__s2__seed11,rnn,RNN,s2,11,False,0.33671221137046814,ring-selected zero-retuning,0.30389320850372314,velocity,velocity_x3,3x,3.0,,variable_sparsity,1.1094307899475098,True,1.0,1.278946876525879,128,1.3804824352264404,1.2689406871795654,0.5586766600608826,1.441640853881836,1.4247119426727295,,,,,,,,,,,,,1.556915521621704,1.5812174081802368,,,1.2296764850616455,1.441640853881836,1.258030891418457,1.6629726886749268,3.0
pilot__rnn__s2__seed11,rnn,RNN,s2,11,False,0.33671221137046814,ring-selected zero-retuning,0.3283580243587494,velocity,velocity_x4,4x,4.0,,variable_sparsity,1.1257870197296143,True,1.0,1.2800923585891724,128,1.448678731918335,1.3485125303268433,0.5660028457641602,1.4779865741729736,1.3928883075714111,,,,,,,,,,,,,1.489973783493042,1.4275157451629639,,,1.2936875820159912,1.4779865741729736,1.3468347787857056,1.701780080795288,4.0
pilot__rnn__s2__seed12,rnn,RNN,s2,12,False,0.4194331467151642,ring-selected zero-retuning,0.30843085050582886,smoothness,correlation_x0p5,ell=0.5x,0.5,,variable_sparsity,1.2141269445419312,True,0.5,1.2707858085632324,128,1.5600991249084473,1.3781784772872925,0.7033236026763916,1.6068928241729736,1.6052780151367188,,,,,,,,,,,,,1.586944818496704,1.6882987022399902,,,1.3377964496612549,1.6068928241729736,1.339975118637085,1.823412537574768,1.0
pilot__rnn__s2__seed12,rnn,RNN,s2,12,False,0.4194331467151642,ring-selected zero-retuning,0.30198925733566284,smoothness,correlation_x0p75,ell=0.75x,0.75,,variable_sparsity,1.195565104484558,True,0.75,1.220813274383545,128,1.50124192237854,1.3277065753936768,0.7043185234069824,1.563018798828125,1.5576560497283936,,,,,,,,,,,,,1.5826432704925537,1.5806260108947754,,,1.2951792478561401,1.563018798828125,1.3067805767059326,1.7653894424438477,1.0
pilot__rnn__s2__seed12,rnn,RNN,s2,12,False,0.4194331467151642,ring-selected zero-retuning,0.2993578314781189,smoothness,correlation_x1p5,ell=1.5x,1.5,,variable_sparsity,1.1666516065597534,True,1.5,1.1549341678619385,128,1.4667997360229492,1.3211933374404907,0.7044620513916016,1.5000813007354736,1.4414795637130737,,,,,,,,,,,,,1.5750057697296143,1.5076379776000977,,,1.2831521034240723,1.5000813007354736,1.3444862365722656,1.6994997262954712,1.0
pilot__rnn__s2__seed12,rnn,RNN,s2,12,False,0.4194331467151642,ring-selected zero-retuning,0.2985094487667084,smoothness,correlation_x2,ell=2x,2.0,,variable_sparsity,1.1685452461242676,True,2.0,1.1337003707885742,128,1.456172227859497,1.3088089227676392,0.7037025690078735,1.5368068218231201,1.4873188734054565,,,,,,,,,,,,,1.5952292680740356,1.6431865692138672,,,1.274282455444336,1.5368068218231201,1.3456735610961914,1.7290000915527344,1.0
pilot__rnn__s2__seed12,rnn,RNN,s2,12,False,0.4194331467151642,ring-selected zero-retuning,0.2970583438873291,smoothness,correlation_x3,ell=3x,3.0,,variable_sparsity,1.1726657152175903,True,3.0,1.1184860467910767,128,1.4332101345062256,1.294551968574524,0.7027987837791443,1.495802402496338,1.476479172706604,,,,,,,,,,,,,1.5581130981445312,1.5313252210617065,,,1.2645490169525146,1.495802402496338,1.2989685535430908,1.6899354457855225,1.0
pilot__rnn__s2__seed12,rnn,RNN,s2,12,False,0.4194331467151642,ring-selected zero-retuning,0.2971181869506836,smoothness,correlation_x4,ell=4x,4.0,,variable_sparsity,1.1781675815582275,True,4.0,1.107108473777771,128,1.4449915885925293,1.2939531803131104,0.7023950815200806,1.495016098022461,1.4381561279296875,,,,,,,,,,,,,1.5491671562194824,1.5116413831710815,,,1.2654519081115723,1.495016098022461,1.2966229915618896,1.6917428970336914,1.0
pilot__rnn__s2__seed12,rnn,RNN,s2,12,False,0.4194331467151642,ring-selected zero-retuning,0.2418884038925171,dwell,dwell_block128,all blank 128,128,,all_blank,0.9067938327789307,True,1.0,0.0,128,1.2551662921905518,,0.7190364003181458,1.2992161512374878,1.2428382635116577,,,,,,,,,,,,,1.3994677066802979,1.3429914712905884,,,0.9067938327789307,1.2992161512374878,0.8355274200439453,1.464592695236206,1.0
pilot__rnn__s2__seed12,rnn,RNN,s2,12,False,0.4194331467151642,ring-selected zero-retuning,0.3022792339324951,dwell,dwell_block32,blank block 32,32,,variable_sparsity,1.270313024520874,True,1.0,1.163724660873413,128,1.5168483257293701,1.3311576843261719,0.7080508470535278,1.5546588897705078,1.5208488702774048,,,,,,,,,,,,,1.5881844758987427,1.5200761556625366,,,1.3046791553497314,1.5546588897705078,1.3105164766311646,1.870927095413208,1.0
pilot__rnn__s2__seed12,rnn,RNN,s2,12,False,0.4194331467151642,ring-selected zero-retuning,0.3089793622493744,dwell,dwell_block64,blank block 64,64,,variable_sparsity,1.3699625730514526,True,1.0,1.157697081565857,128,1.4890038967132568,1.2905076742172241,0.7121454477310181,1.5096004009246826,1.4762706756591797,,,,,,,,,,,,,1.568261981010437,1.5614954233169556,,,1.340043306350708,1.5096004009246826,1.3188433647155762,1.9887847900390625,1.0
pilot__rnn__s2__seed12,rnn,RNN,s2,12,False,0.4194331467151642,ring-selected zero-retuning,0.29964694380760193,dwell,dwell_block8,blank block 8,8,,variable_sparsity,1.19839346408844,True,1.0,1.1890697479248047,128,1.4637318849563599,1.3187392950057983,0.7058459520339966,1.4522897005081177,1.4150571823120117,,,,,,,,,,,,,1.4639241695404053,1.4499038457870483,,,1.283444881439209,1.4522897005081177,1.3250393867492676,1.7267906665802002,1.0
pilot__rnn__s2__seed12,rnn,RNN,s2,12,False,0.4194331467151642,ring-selected zero-retuning,0.30230987071990967,dwell,dwell_block96,blank block 96,96,,variable_sparsity,1.3251010179519653,True,1.0,1.1225513219833374,128,1.5000836849212646,1.1779954433441162,0.7176289558410645,1.5322585105895996,1.5008602142333984,,,,,,,,,,,,,1.5382463932037354,1.5158199071884155,,,1.297348141670227,1.5322585105895996,1.2236418724060059,2.0279178619384766,1.0
pilot__rnn__s2__seed12,rnn,RNN,s2,12,False,0.4194331467151642,ring-selected zero-retuning,0.300240159034729,id,id_h128,ID T=128,128,,variable_sparsity,1.1727133989334106,True,1.0,1.196302056312561,128,1.4724732637405396,1.3252336978912354,0.7047785520553589,1.5069184303283691,1.4414316415786743,1.511351466178894,1.4765942096710205,1.5098310708999634,1.4764765501022339,1.5113513469696045,1.4765942096710205,1.511351466178894,1.4765942096710205,1.5113508701324463,1.4765939712524414,1.511351466178894,1.4765942096710205,1.511351466178894,1.4765942096710205,1.5113513469696045,1.4765942096710205,1.2876899242401123,1.5069184303283691,1.330657958984375,1.7413060665130615,1.0
pilot__rnn__s2__seed12,rnn,RNN,s2,12,False,0.4194331467151642,ring-selected zero-retuning,0.33697542548179626,length,length_h1024,T=1024,1024,,variable_sparsity,1.507779836654663,True,1.0,1.5051929950714111,1024,1.5615437030792236,1.537285566329956,0.8180009126663208,1.5508291721343994,1.6075005531311035,,,,,,,,,,,,,1.5434887409210205,1.5971264839172363,,,1.5300567150115967,1.5508291721343994,1.535524845123291,1.7306292057037354,1.0
pilot__rnn__s2__seed12,rnn,RNN,s2,12,False,0.4194331467151642,ring-selected zero-retuning,0.3386574387550354,length,length_h1536,T=1536,1536,,variable_sparsity,1.5236119031906128,True,1.0,1.5272283554077148,1536,1.5588624477386475,1.5454849004745483,0.824400782585144,1.5339295864105225,1.5854133367538452,,,,,,,,,,,,,1.5608117580413818,1.6243469715118408,,,1.5401172637939453,1.5339295864105225,1.533597707748413,1.7182061672210693,1.0
pilot__rnn__s2__seed12,rnn,RNN,s2,12,False,0.4194331467151642,ring-selected zero-retuning,0.3137918710708618,length,length_h192,T=192,192,,variable_sparsity,1.3080655336380005,True,1.0,1.277984619140625,192,1.5496491193771362,1.3967657089233398,0.7451115846633911,1.554924726486206,1.5380706787109375,,,,,,,,,,,,,1.5684311389923096,1.5528957843780518,,,1.375067114830017,1.554924726486206,1.407474398612976,1.756296157836914,1.0
pilot__rnn__s2__seed12,rnn,RNN,s2,12,False,0.4194331467151642,ring-selected zero-retuning,0.3399547040462494,length,length_h2048,T=2048,2048,,variable_sparsity,1.536989688873291,True,1.0,1.54164457321167,2048,1.5781680345535278,1.5537358522415161,0.8274614214897156,1.5670595169067383,1.5499545335769653,,,,,,,,,,,,,1.5718529224395752,1.5749164819717407,,,1.549629807472229,1.5670595169067383,1.541117548942566,1.7010657787322998,1.0
pilot__rnn__s2__seed12,rnn,RNN,s2,12,False,0.4194331467151642,ring-selected zero-retuning,0.32045823335647583,length,length_h256,T=256,256,,variable_sparsity,1.385021448135376,True,1.0,1.3367786407470703,256,1.5355815887451172,1.4249894618988037,0.7662754058837891,1.5639100074768066,1.5043768882751465,,,,,,,,,,,,,1.5441217422485352,1.4800280332565308,,,1.4151957035064697,1.5639100074768066,1.434486985206604,1.753902792930603,1.0
pilot__rnn__s2__seed12,rnn,RNN,s2,12,False,0.4194331467151642,ring-selected zero-retuning,0.3269214332103729,length,length_h384,T=384,384,,variable_sparsity,1.4413325786590576,True,1.0,1.4008620977401733,384,1.552222728729248,1.462287425994873,0.7881333231925964,1.4707732200622559,1.3945896625518799,,,,,,,,,,,,,1.4766768217086792,1.4603208303451538,,,1.4571447372436523,1.4707732200622559,1.4776790142059326,1.7654012441635132,1.0
pilot__rnn__s2__seed12,rnn,RNN,s2,12,False,0.4194331467151642,ring-selected zero-retuning,0.33095523715019226,length,length_h512,T=512,512,,variable_sparsity,1.4828860759735107,True,1.0,1.4333817958831787,512,1.579443097114563,1.489289402961731,0.799883246421814,1.60250723361969,1.591383934020996,,,,,,,,,,,,,1.5972474813461304,1.5802440643310547,,,1.4877192974090576,1.60250723361969,1.5037355422973633,1.7736783027648926,1.0
pilot__rnn__s2__seed12,rnn,RNN,s2,12,False,0.4194331467151642,ring-selected zero-retuning,0.3352670669555664,length,length_h768,T=768,768,,variable_sparsity,1.4888907670974731,True,1.0,1.476723074913025,768,1.5923762321472168,1.5295265913009644,0.812888503074646,1.5473606586456299,1.5227140188217163,,,,,,,,,,,,,1.5513452291488647,1.5086655616760254,,,1.5195611715316772,1.5473606586456299,1.515506625175476,1.79896879196167,1.0
pilot__rnn__s2__seed12,rnn,RNN,s2,12,False,0.4194331467151642,ring-selected zero-retuning,0.293148010969162,velocity,velocity_x0p5,0.5x,0.5,,variable_sparsity,1.0824675559997559,True,1.0,1.1049447059631348,128,1.4491523504257202,1.301497220993042,0.7144234776496887,1.451387882232666,1.4202075004577637,,,,,,,,,,,,,1.504814624786377,1.5106686353683472,,,1.2475820779800415,1.451387882232666,1.2684581279754639,1.7265174388885498,0.5
pilot__rnn__s2__seed12,rnn,RNN,s2,12,False,0.4194331467151642,ring-selected zero-retuning,0.2970125079154968,velocity,velocity_x0p75,0.75x,0.75,,variable_sparsity,1.1413843631744385,True,1.0,1.169198751449585,128,1.469355583190918,1.3136661052703857,0.7103638648986816,1.5366570949554443,1.4241982698440552,,,,,,,,,,,,,1.5882822275161743,1.5344157218933105,,,1.2712581157684326,1.5366570949554443,1.3012852668762207,1.748185396194458,0.75
pilot__rnn__s2__seed12,rnn,RNN,s2,12,False,0.4194331467151642,ring-selected zero-retuning,0.30502718687057495,velocity,velocity_x1p25,1.25x,1.25,,variable_sparsity,1.2058484554290771,True,1.0,1.2158229351043701,128,1.4860657453536987,1.336414098739624,0.6991807222366333,1.439873218536377,1.390525460243225,,,,,,,,,,,,,1.5233675241470337,1.5025272369384766,,,1.3042747974395752,1.439873218536377,1.350042700767517,1.7394919395446777,1.25
pilot__rnn__s2__seed12,rnn,RNN,s2,12,False,0.4194331467151642,ring-selected zero-retuning,0.3083924949169159,velocity,velocity_x1p5,1.5x,1.5,,variable_sparsity,1.2165180444717407,True,1.0,1.2319731712341309,128,1.488342046737671,1.3448926210403442,0.6902385354042053,1.498928427696228,1.474968671798706,,,,,,,,,,,,,1.567615270614624,1.5545742511749268,,,1.3132927417755127,1.498928427696228,1.3581135272979736,1.766979694366455,1.5
pilot__rnn__s2__seed12,rnn,RNN,s2,12,False,0.4194331467151642,ring-selected zero-retuning,0.3147340714931488,velocity,velocity_x2,2x,2.0,,variable_sparsity,1.2391091585159302,True,1.0,1.2675329446792603,128,1.4715031385421753,1.345558762550354,0.6707097887992859,1.4829541444778442,1.4513496160507202,,,,,,,,,,,,,1.5854177474975586,1.5357228517532349,,,1.3193554878234863,1.4829541444778442,1.367294192314148,1.739621877670288,2.0
pilot__rnn__s2__seed12,rnn,RNN,s2,12,False,0.4194331467151642,ring-selected zero-retuning,0.3361181616783142,velocity,velocity_x3,3x,3.0,,variable_sparsity,1.2846347093582153,True,1.0,1.278946876525879,128,1.5365538597106934,1.4087655544281006,0.6316231489181519,1.5457639694213867,1.5543171167373657,,,,,,,,,,,,,1.5674949884414673,1.5442461967468262,,,1.378210186958313,1.5457639694213867,1.4109817743301392,1.820529580116272,3.0
pilot__rnn__s2__seed12,rnn,RNN,s2,12,False,0.4194331467151642,ring-selected zero-retuning,0.35449665784835815,velocity,velocity_x4,4x,4.0,,variable_sparsity,1.3063057661056519,True,1.0,1.2800923585891724,128,1.5708181858062744,1.4384968280792236,0.5963326692581177,1.5992021560668945,1.650642991065979,,,,,,,,,,,,,1.5677785873413086,1.623392105102539,,,1.4059574604034424,1.5992021560668945,1.4495558738708496,1.8398070335388184,4.0
pilot__gru__s2__seed10,gru,GRU,s2,10,False,0.02658451721072197,ring-selected zero-retuning,0.004839458502829075,smoothness,correlation_x0p5,ell=0.5x,0.5,,variable_sparsity,0.06932059675455093,True,0.5,1.2707858085632324,128,0.11598028242588043,0.09419558197259903,0.03379480913281441,0.12464369088411331,0.1122499629855156,,,,,,,,,,,,,0.46411052346229553,0.4138409495353699,,,0.08807249367237091,0.12464369088411331,0.077677421271801,0.13466191291809082,1.0
pilot__gru__s2__seed10,gru,GRU,s2,10,False,0.02658451721072197,ring-selected zero-retuning,0.004484738223254681,smoothness,correlation_x0p75,ell=0.75x,0.75,,variable_sparsity,0.0719582736492157,True,0.75,1.220813274383545,128,0.10892467200756073,0.08811932802200317,0.03287426009774208,0.1204533725976944,0.10942304879426956,,,,,,,,,,,,,0.4411334991455078,0.38525184988975525,,,0.08414120972156525,0.1204533725976944,0.07470816373825073,0.1327527016401291,1.0
pilot__gru__s2__seed10,gru,GRU,s2,10,False,0.02658451721072197,ring-selected zero-retuning,0.0046434542164206505,smoothness,correlation_x1p5,ell=1.5x,1.5,,variable_sparsity,0.07554005086421967,True,1.5,1.1549341678619385,128,0.11283233761787415,0.08843348175287247,0.03443038463592529,0.12363883852958679,0.11064431071281433,,,,,,,,,,,,,0.45190972089767456,0.3879319429397583,,,0.08525970578193665,0.12363883852958679,0.07492286711931229,0.13676847517490387,1.0
pilot__gru__s2__seed10,gru,GRU,s2,10,False,0.02658451721072197,ring-selected zero-retuning,0.004740753676742315,smoothness,correlation_x2,ell=2x,2.0,,variable_sparsity,0.07523064315319061,True,2.0,1.1337003707885742,128,0.11548831313848495,0.08959753066301346,0.03456544503569603,0.1283787488937378,0.1095239669084549,,,,,,,,,,,,,0.4384956359863281,0.3854113817214966,,,0.08606105297803879,0.1283787488937378,0.07730509340763092,0.13814669847488403,1.0
pilot__gru__s2__seed10,gru,GRU,s2,10,False,0.02658451721072197,ring-selected zero-retuning,0.0047648511826992035,smoothness,correlation_x3,ell=3x,3.0,,variable_sparsity,0.0767807886004448,True,3.0,1.1184860467910767,128,0.1183706521987915,0.08970411866903305,0.03402744233608246,0.1304135024547577,0.11209128797054291,,,,,,,,,,,,,0.4437643885612488,0.3939249813556671,,,0.08652298152446747,0.1304135024547577,0.07679091393947601,0.13236001133918762,1.0
pilot__gru__s2__seed10,gru,GRU,s2,10,False,0.02658451721072197,ring-selected zero-retuning,0.004759650677442551,smoothness,correlation_x4,ell=4x,4.0,,variable_sparsity,0.07725398242473602,True,4.0,1.107108473777771,128,0.11863076686859131,0.08933113515377045,0.03376122936606407,0.1310739815235138,0.11472272872924805,,,,,,,,,,,,,0.4533877372741699,0.41051411628723145,,,0.08635829389095306,0.1310739815235138,0.07559958845376968,0.1362726390361786,1.0
pilot__gru__s2__seed10,gru,GRU,s2,10,False,0.02658451721072197,ring-selected zero-retuning,0.0027637905441224575,dwell,dwell_block128,all blank 128,128,,all_blank,0.06862536072731018,True,1.0,0.0,128,0.11507153511047363,,0.016344254836440086,0.1301867663860321,0.11522255837917328,,,,,,,,,,,,,0.492846816778183,0.4314025640487671,,,0.06862536072731018,0.1301867663860321,0.060799721628427505,0.12587901949882507,1.0
pilot__gru__s2__seed10,gru,GRU,s2,10,False,0.02658451721072197,ring-selected zero-retuning,0.004159888252615929,dwell,dwell_block32,blank block 32,32,,variable_sparsity,0.07671931385993958,True,1.0,1.163724660873413,128,0.11288212239742279,0.08917642384767532,0.028807610273361206,0.11708839982748032,0.10446550697088242,,,,,,,,,,,,,0.45760834217071533,0.4199118912220001,,,0.08375532925128937,0.11708839982748032,0.07359971106052399,0.1290173977613449,1.0
pilot__gru__s2__seed10,gru,GRU,s2,10,False,0.02658451721072197,ring-selected zero-retuning,0.00400882912799716,dwell,dwell_block64,blank block 64,64,,variable_sparsity,0.07671000808477402,True,1.0,1.157697081565857,128,0.12448194622993469,0.09518475085496902,0.024031437933444977,0.13283377885818481,0.11446782946586609,,,,,,,,,,,,,0.49682649970054626,0.44422686100006104,,,0.08366679400205612,0.13283377885818481,0.07170873135328293,0.13800953328609467,1.0
pilot__gru__s2__seed10,gru,GRU,s2,10,False,0.02658451721072197,ring-selected zero-retuning,0.0044956025667488575,dwell,dwell_block8,blank block 8,8,,variable_sparsity,0.07756397128105164,True,1.0,1.1890697479248047,128,0.11010625958442688,0.0884564071893692,0.03229754418134689,0.11645404994487762,0.09869039058685303,,,,,,,,,,,,,0.4452946186065674,0.39059895277023315,,,0.08526193350553513,0.11645404994487762,0.07531368732452393,0.12500518560409546,1.0
pilot__gru__s2__seed10,gru,GRU,s2,10,False,0.02658451721072197,ring-selected zero-retuning,0.0037005594931542873,dwell,dwell_block96,blank block 96,96,,variable_sparsity,0.07753359526395798,True,1.0,1.1225513219833374,128,0.12309654802083969,0.09791617095470428,0.019155075773596764,0.14568838477134705,0.12237593531608582,,,,,,,,,,,,,0.49718600511550903,0.4414064884185791,,,0.08137896656990051,0.14568838477134705,0.07185225188732147,0.13827651739120483,1.0
pilot__gru__s2__seed10,gru,GRU,s2,10,False,0.02658451721072197,ring-selected zero-retuning,0.004526861011981964,id,id_h128,ID T=128,128,,variable_sparsity,0.0750899389386177,True,1.0,1.196302056312561,128,0.11004157364368439,0.08744381368160248,0.03323502838611603,0.12062764167785645,0.1075691282749176,0.6731811165809631,0.5821734666824341,0.19740648567676544,0.17386795580387115,0.7888197898864746,0.7182061076164246,0.8578611612319946,0.734912097454071,0.2951430678367615,0.2620595395565033,1.036647081375122,0.8942487239837646,0.46077215671539307,0.3956582248210907,0.5846610069274902,0.5031905770301819,0.08440284430980682,0.12062764167785645,0.07508893311023712,0.13335344195365906,1.0
pilot__gru__s2__seed10,gru,GRU,s2,10,False,0.02658451721072197,ring-selected zero-retuning,0.04629754275083542,length,length_h1024,T=1024,1024,,variable_sparsity,0.22563590109348297,True,1.0,1.5051929950714111,1024,0.43883854150772095,0.3230801522731781,0.03608294948935509,0.4668141007423401,0.39883285760879517,,,,,,,,,,,,,0.6396530866622925,0.5951535105705261,,,0.2992064356803894,0.4668141007423401,0.26206421852111816,0.5003224611282349,1.0
pilot__gru__s2__seed10,gru,GRU,s2,10,False,0.02658451721072197,ring-selected zero-retuning,0.06863375008106232,length,length_h1536,T=1536,1536,,variable_sparsity,0.27649375796318054,True,1.0,1.5272283554077148,1536,0.531543493270874,0.40339526534080505,0.036186736077070236,0.5704908967018127,0.4981791079044342,,,,,,,,,,,,,0.7408033013343811,0.693838894367218,,,0.3722527027130127,0.5704908967018127,0.3302168846130371,0.6369046568870544,1.0
pilot__gru__s2__seed10,gru,GRU,s2,10,False,0.02658451721072197,ring-selected zero-retuning,0.006389759946614504,length,length_h192,T=192,192,,variable_sparsity,0.09112731367349625,True,1.0,1.277984619140625,192,0.14534413814544678,0.10671894252300262,0.03365744277834892,0.16073018312454224,0.13461801409721375,,,,,,,,,,,,,0.4697267413139343,0.41068488359451294,,,0.1029047816991806,0.16073018312454224,0.08944924920797348,0.16603729128837585,1.0
pilot__gru__s2__seed10,gru,GRU,s2,10,False,0.02658451721072197,ring-selected zero-retuning,0.09012797474861145,length,length_h2048,T=2048,2048,,variable_sparsity,0.3233555555343628,True,1.0,1.54164457321167,2048,0.6152951717376709,0.46863415837287903,0.03667834773659706,0.6597399711608887,0.5455430150032043,,,,,,,,,,,,,0.7901571393013,0.7137110233306885,,,0.43301331996917725,0.6597399711608887,0.3904891908168793,0.7142401933670044,1.0
pilot__gru__s2__seed10,gru,GRU,s2,10,False,0.02658451721072197,ring-selected zero-retuning,0.008693508803844452,length,length_h256,T=256,256,,variable_sparsity,0.10390560328960419,True,1.0,1.3367786407470703,256,0.17743507027626038,0.12726017832756042,0.034766487777233124,0.19687184691429138,0.16696138679981232,,,,,,,,,,,,,0.48528242111206055,0.42786815762519836,,,0.12153735756874084,0.19687184691429138,0.10980343073606491,0.19282221794128418,1.0
pilot__gru__s2__seed10,gru,GRU,s2,10,False,0.02658451721072197,ring-selected zero-retuning,0.014337011612951756,length,length_h384,T=384,384,,variable_sparsity,0.12744943797588348,True,1.0,1.4008620977401733,384,0.23863403499126434,0.16811488568782806,0.03557031974196434,0.2636111378669739,0.2219943106174469,,,,,,,,,,,,,0.5416487455368042,0.5076694488525391,,,0.1581350862979889,0.2636111378669739,0.13811445236206055,0.2661193013191223,1.0
pilot__gru__s2__seed10,gru,GRU,s2,10,False,0.02658451721072197,ring-selected zero-retuning,0.021042106673121452,length,length_h512,T=512,512,,variable_sparsity,0.15137074887752533,True,1.0,1.4333817958831787,512,0.29926103353500366,0.20707540214061737,0.036343932151794434,0.33325761556625366,0.28913670778274536,,,,,,,,,,,,,0.589175820350647,0.5146766901016235,,,0.193416565656662,0.33325761556625366,0.16725048422813416,0.3328291177749634,1.0
pilot__gru__s2__seed10,gru,GRU,s2,10,False,0.02658451721072197,ring-selected zero-retuning,0.03422914817929268,length,length_h768,T=768,768,,variable_sparsity,0.19310741126537323,True,1.0,1.476723074913025,768,0.3826697766780853,0.2720131576061249,0.036201026290655136,0.4169660806655884,0.36277633905410767,,,,,,,,,,,,,0.6177536249160767,0.5247383117675781,,,0.25266239047050476,0.4169660806655884,0.21646583080291748,0.42344367504119873,1.0
pilot__gru__s2__seed10,gru,GRU,s2,10,False,0.02658451721072197,ring-selected zero-retuning,0.002085298066958785,velocity,velocity_x0p5,0.5x,0.5,,variable_sparsity,0.07006456702947617,True,1.0,1.1049447059631348,128,0.08514386415481567,0.061211831867694855,0.018954508006572723,0.09314286708831787,0.08830096572637558,,,,,,,,,,,,,0.4721473455429077,0.4172057509422302,,,0.06339097023010254,0.09314286708831787,0.05991514399647713,0.0951600968837738,0.5
pilot__gru__s2__seed10,gru,GRU,s2,10,False,0.02658451721072197,ring-selected zero-retuning,0.0026142157148569822,velocity,velocity_x0p75,0.75x,0.75,,variable_sparsity,0.07355687022209167,True,1.0,1.169198751449585,128,0.09385431557893753,0.06961378455162048,0.023318178951740265,0.10239364206790924,0.09036277234554291,,,,,,,,,,,,,0.4562474489212036,0.415282279253006,,,0.07058439403772354,0.10239364206790924,0.06622800976037979,0.10653527081012726,0.75
pilot__gru__s2__seed10,gru,GRU,s2,10,False,0.02658451721072197,ring-selected zero-retuning,0.012309817597270012,velocity,velocity_x1p25,1.25x,1.25,,variable_sparsity,0.08396627008914948,True,1.0,1.2158229351043701,128,0.1612936407327652,0.13641159236431122,0.0525473952293396,0.17230024933815002,0.12373946607112885,,,,,,,,,,,,,0.46807530522346497,0.4072401821613312,,,0.12350192666053772,0.17230024933815002,0.08880957216024399,0.20286989212036133,1.25
pilot__gru__s2__seed10,gru,GRU,s2,10,False,0.02658451721072197,ring-selected zero-retuning,0.02629082277417183,velocity,velocity_x1p5,1.5x,1.5,,variable_sparsity,0.104385606944561,True,1.0,1.2319731712341309,128,0.2302539348602295,0.20933495461940765,0.0847732424736023,0.2463720291852951,0.14753730595111847,,,,,,,,,,,,,0.4978698492050171,0.42535075545310974,,,0.18350118398666382,0.2463720291852951,0.10753241926431656,0.35711669921875,1.5
pilot__gru__s2__seed10,gru,GRU,s2,10,False,0.02658451721072197,ring-selected zero-retuning,0.07992135733366013,velocity,velocity_x2,2x,2.0,,variable_sparsity,0.1983327716588974,True,1.0,1.2675329446792603,128,0.5096843838691711,0.4547584354877472,0.1762513518333435,0.5451274514198303,0.30928781628608704,,,,,,,,,,,,,0.7241230607032776,0.563448429107666,,,0.39163801074028015,0.5451274514198303,0.20373983681201935,1.0299947261810303,2.0
pilot__gru__s2__seed10,gru,GRU,s2,10,False,0.02658451721072197,ring-selected zero-retuning,0.18666911125183105,velocity,velocity_x3,3x,3.0,,variable_sparsity,0.4520631730556488,True,1.0,1.278946876525879,128,0.9960762858390808,0.9081527590751648,0.3630582392215729,1.0397138595581055,0.9749947786331177,,,,,,,,,,,,,1.1123123168945312,0.9678893089294434,,,0.7958841323852539,1.0397138595581055,0.7029730081558228,1.6205648183822632,3.0
pilot__gru__s2__seed10,gru,GRU,s2,10,False,0.02658451721072197,ring-selected zero-retuning,0.24414049088954926,velocity,velocity_x4,4x,4.0,,variable_sparsity,0.6267302632331848,True,1.0,1.2800923585891724,128,1.1954584121704102,1.1523189544677734,0.47932958602905273,1.2126736640930176,1.1665427684783936,,,,,,,,,,,,,1.2225396633148193,1.1298425197601318,,,1.0229427814483643,1.2126736640930176,1.0942187309265137,1.7351384162902832,4.0
pilot__gru__s2__seed11,gru,GRU,s2,11,False,0.3276699185371399,ring-selected zero-retuning,0.2631440758705139,smoothness,correlation_x0p5,ell=0.5x,0.5,,variable_sparsity,0.8723289966583252,True,0.5,1.2707858085632324,128,1.3799198865890503,1.1609402894973755,0.5935614109039307,1.4102649688720703,1.42350435256958,,,,,,,,,,,,,1.5080435276031494,1.4707952737808228,,,1.0898971557617188,1.4102649688720703,1.100662350654602,1.625756025314331,1.0
pilot__gru__s2__seed11,gru,GRU,s2,11,False,0.3276699185371399,ring-selected zero-retuning,0.24766087532043457,smoothness,correlation_x0p75,ell=0.75x,0.75,,variable_sparsity,0.8590207695960999,True,0.75,1.220813274383545,128,1.2854557037353516,1.0911849737167358,0.5881531238555908,1.2795162200927734,1.1540113687515259,,,,,,,,,,,,,1.5615204572677612,1.5863502025604248,,,1.034036636352539,1.2795162200927734,1.0215660333633423,1.5707799196243286,1.0
pilot__gru__s2__seed11,gru,GRU,s2,11,False,0.3276699185371399,ring-selected zero-retuning,0.23644062876701355,smoothness,correlation_x1p5,ell=1.5x,1.5,,variable_sparsity,0.8371342420578003,True,1.5,1.1549341678619385,128,1.1466412544250488,1.0098459720611572,0.5741311311721802,1.1695268154144287,1.1359339952468872,,,,,,,,,,,,,1.5030077695846558,1.465779423713684,,,0.967332124710083,1.1695268154144287,1.008558988571167,1.4724299907684326,1.0
pilot__gru__s2__seed11,gru,GRU,s2,11,False,0.3276699185371399,ring-selected zero-retuning,0.23429644107818604,smoothness,correlation_x2,ell=2x,2.0,,variable_sparsity,0.8251653909683228,True,2.0,1.1337003707885742,128,1.1241402626037598,1.0001990795135498,0.571241021156311,1.1239330768585205,1.0356906652450562,,,,,,,,,,,,,1.519901990890503,1.4652159214019775,,,0.9571137428283691,1.1239330768585205,1.003330945968628,1.4747039079666138,1.0
pilot__gru__s2__seed11,gru,GRU,s2,11,False,0.3276699185371399,ring-selected zero-retuning,0.2342306673526764,smoothness,correlation_x3,ell=3x,3.0,,variable_sparsity,0.8326036334037781,True,3.0,1.1184860467910767,128,1.1374943256378174,0.9990535974502563,0.5706081390380859,1.1567633152008057,1.1378992795944214,,,,,,,,,,,,,1.4861466884613037,1.4774010181427002,,,0.9580811262130737,1.1567633152008057,1.0186734199523926,1.4478933811187744,1.0
pilot__gru__s2__seed11,gru,GRU,s2,11,False,0.3276699185371399,ring-selected zero-retuning,0.23322802782058716,smoothness,correlation_x4,ell=4x,4.0,,variable_sparsity,0.8330079913139343,True,4.0,1.107108473777771,128,1.1374317407608032,0.9960905909538269,0.570187509059906,1.1716997623443604,1.1360747814178467,,,,,,,,,,,,,1.4946203231811523,1.5020458698272705,,,0.9559469819068909,1.1716997623443604,1.007944107055664,1.445692777633667,1.0
pilot__gru__s2__seed11,gru,GRU,s2,11,False,0.3276699185371399,ring-selected zero-retuning,0.1371307224035263,dwell,dwell_block128,all blank 128,128,,all_blank,0.43109792470932007,True,1.0,0.0,128,0.5258022546768188,,0.5366695523262024,0.5558335781097412,0.5004757642745972,,,,,,,,,,,,,1.2100884914398193,1.0975441932678223,,,0.43109792470932007,0.5558335781097412,0.39154914021492004,0.7515556812286377,1.0
pilot__gru__s2__seed11,gru,GRU,s2,11,False,0.3276699185371399,ring-selected zero-retuning,0.25069382786750793,dwell,dwell_block32,blank block 32,32,,variable_sparsity,0.9707379937171936,True,1.0,1.163724660873413,128,1.3274810314178467,1.079259991645813,0.5972864031791687,1.3677952289581299,1.2968294620513916,,,,,,,,,,,,,1.6121220588684082,1.6237050294876099,,,1.0320333242416382,1.3677952289581299,1.044641375541687,1.5457704067230225,1.0
pilot__gru__s2__seed11,gru,GRU,s2,11,False,0.3276699185371399,ring-selected zero-retuning,0.2510837912559509,dwell,dwell_block64,blank block 64,64,,variable_sparsity,1.0161781311035156,True,1.0,1.157697081565857,128,1.3102571964263916,1.0300413370132446,0.6003479957580566,1.373340368270874,1.3009816408157349,,,,,,,,,,,,,1.5039901733398438,1.4860403537750244,,,1.0213983058929443,1.373340368270874,0.9487811326980591,1.7176883220672607,1.0
pilot__gru__s2__seed11,gru,GRU,s2,11,False,0.3276699185371399,ring-selected zero-retuning,0.2435462921857834,dwell,dwell_block8,blank block 8,8,,variable_sparsity,0.9076846837997437,True,1.0,1.1890697479248047,128,1.2640401124954224,1.0470372438430786,0.5839260220527649,1.2433420419692993,1.1979447603225708,,,,,,,,,,,,,1.5032083988189697,1.4868438243865967,,,1.0061688423156738,1.2433420419692993,1.040303349494934,1.5302042961120605,1.0
pilot__gru__s2__seed11,gru,GRU,s2,11,False,0.3276699185371399,ring-selected zero-retuning,0.2227613627910614,dwell,dwell_block96,blank block 96,96,,variable_sparsity,0.8722813129425049,True,1.0,1.1225513219833374,128,1.0603564977645874,0.8074015378952026,0.5898037552833557,1.2640661001205444,1.177483320236206,,,,,,,,,,,,,1.4937365055084229,1.4819611310958862,,,0.8600411415100098,1.2640661001205444,0.7888885736465454,1.5447373390197754,1.0
pilot__gru__s2__seed11,gru,GRU,s2,11,False,0.3276699185371399,ring-selected zero-retuning,0.24367956817150116,id,id_h128,ID T=128,128,,variable_sparsity,0.8781625628471375,True,1.0,1.196302056312561,128,1.2307939529418945,1.0498785972595215,0.580180287361145,1.2304372787475586,1.1716573238372803,1.597800850868225,1.5262510776519775,1.4433594942092896,1.3930467367172241,1.6139333248138428,1.562036156654358,1.6187283992767334,1.5661922693252563,1.4917020797729492,1.4562945365905762,1.6212167739868164,1.5687761306762695,1.5391192436218262,1.5092023611068726,1.5773776769638062,1.5197902917861938,1.0076098442077637,1.2304372787475586,1.0353212356567383,1.520071029663086,1.0
pilot__gru__s2__seed11,gru,GRU,s2,11,False,0.3276699185371399,ring-selected zero-retuning,0.33909863233566284,length,length_h1024,T=1024,1024,,variable_sparsity,1.429626703262329,True,1.0,1.5051929950714111,1024,1.5479730367660522,1.4174836874008179,0.6772640347480774,1.5885015726089478,1.6781615018844604,,,,,,,,,,,,,1.5243804454803467,1.5315629243850708,,,1.4204587936401367,1.5885015726089478,1.4272434711456299,1.873229742050171,1.0
pilot__gru__s2__seed11,gru,GRU,s2,11,False,0.3276699185371399,ring-selected zero-retuning,0.3491031229496002,length,length_h1536,T=1536,1536,,variable_sparsity,1.475843071937561,True,1.0,1.5272283554077148,1536,1.5627858638763428,1.462069034576416,0.6849252581596375,1.5678725242614746,1.591277003288269,,,,,,,,,,,,,1.5670413970947266,1.5993015766143799,,,1.465449333190918,1.5678725242614746,1.4986600875854492,1.8717182874679565,1.0
pilot__gru__s2__seed11,gru,GRU,s2,11,False,0.3276699185371399,ring-selected zero-retuning,0.26487794518470764,length,length_h192,T=192,192,,variable_sparsity,0.9985668063163757,True,1.0,1.277984619140625,192,1.2611730098724365,1.1201550960540771,0.6146482229232788,1.2571948766708374,1.204409122467041,,,,,,,,,,,,,1.5446833372116089,1.5184377431869507,,,1.0904111862182617,1.2571948766708374,1.1269837617874146,1.60990571975708,1.0
pilot__gru__s2__seed11,gru,GRU,s2,11,False,0.3276699185371399,ring-selected zero-retuning,0.35467493534088135,length,length_h2048,T=2048,2048,,variable_sparsity,1.491092324256897,True,1.0,1.54164457321167,2048,1.5685322284698486,1.491261601448059,0.6884275078773499,1.5738801956176758,1.5331884622573853,,,,,,,,,,,,,1.5451372861862183,1.4947776794433594,,,1.4912201166152954,1.5738801956176758,1.5037670135498047,1.8527092933654785,1.0
pilot__gru__s2__seed11,gru,GRU,s2,11,False,0.3276699185371399,ring-selected zero-retuning,0.28069210052490234,length,length_h256,T=256,256,,variable_sparsity,1.0911091566085815,True,1.0,1.3367786407470703,256,1.3598408699035645,1.1794044971466064,0.6319823265075684,1.3563635349273682,1.321431040763855,,,,,,,,,,,,,1.5511006116867065,1.5010231733322144,,,1.1577686071395874,1.3563635349273682,1.1779767274856567,1.6594505310058594,1.0
pilot__gru__s2__seed11,gru,GRU,s2,11,False,0.3276699185371399,ring-selected zero-retuning,0.30184513330459595,length,length_h384,T=384,384,,variable_sparsity,1.2098113298416138,True,1.0,1.4008620977401733,384,1.4625718593597412,1.2640819549560547,0.6482202410697937,1.4525213241577148,1.459059476852417,,,,,,,,,,,,,1.5422985553741455,1.5138145685195923,,,1.2507632970809937,1.4525213241577148,1.244926929473877,1.7464680671691895,1.0
pilot__gru__s2__seed11,gru,GRU,s2,11,False,0.3276699185371399,ring-selected zero-retuning,0.31390684843063354,length,length_h512,T=512,512,,variable_sparsity,1.2861316204071045,True,1.0,1.4333817958831787,512,1.4709126949310303,1.312190294265747,0.6554648876190186,1.5147768259048462,1.440754771232605,,,,,,,,,,,,,1.58259916305542,1.5391902923583984,,,1.3058006763458252,1.5147768259048462,1.3216215372085571,1.821782112121582,1.0
pilot__gru__s2__seed11,gru,GRU,s2,11,False,0.3276699185371399,ring-selected zero-retuning,0.3302774727344513,length,length_h768,T=768,768,,variable_sparsity,1.385204553604126,True,1.0,1.476723074913025,768,1.5276257991790771,1.3755983114242554,0.6701186895370483,1.5278127193450928,1.500306487083435,,,,,,,,,,,,,1.6062343120574951,1.5929880142211914,,,1.3779542446136475,1.5278127193450928,1.380698561668396,1.8658367395401,1.0
pilot__gru__s2__seed11,gru,GRU,s2,11,False,0.3276699185371399,ring-selected zero-retuning,0.23050276935100555,velocity,velocity_x0p5,0.5x,0.5,,variable_sparsity,0.7416868209838867,True,1.0,1.1049447059631348,128,1.2372691631317139,0.9984138011932373,0.5850224494934082,1.2387937307357788,1.1956241130828857,,,,,,,,,,,,,1.4783523082733154,1.4303680658340454,,,0.9352192282676697,1.2387937307357788,0.8983401656150818,1.5068180561065674,0.5
pilot__gru__s2__seed11,gru,GRU,s2,11,False,0.3276699185371399,ring-selected zero-retuning,0.23541021347045898,velocity,velocity_x0p75,0.75x,0.75,,variable_sparsity,0.8129143714904785,True,1.0,1.169198751449585,128,1.2338261604309082,1.0144110918045044,0.582412600517273,1.3002442121505737,1.2884180545806885,,,,,,,,,,,,,1.5493855476379395,1.5657590627670288,,,0.9648117423057556,1.3002442121505737,0.9661417007446289,1.497591495513916,0.75
pilot__gru__s2__seed11,gru,GRU,s2,11,False,0.3276699185371399,ring-selected zero-retuning,0.24909955263137817,velocity,velocity_x1p25,1.25x,1.25,,variable_sparsity,0.8878825306892395,True,1.0,1.2158229351043701,128,1.2256510257720947,1.073412537574768,0.57867431640625,1.2377772331237793,1.048254132270813,,,,,,,,,,,,,1.5188755989074707,1.46610689163208,,,1.0277435779571533,1.2377772331237793,1.080061674118042,1.5218820571899414,1.25
pilot__gru__s2__seed11,gru,GRU,s2,11,False,0.3276699185371399,ring-selected zero-retuning,0.2537393569946289,velocity,velocity_x1p5,1.5x,1.5,,variable_sparsity,0.9050438404083252,True,1.0,1.2319731712341309,128,1.2100085020065308,1.090514063835144,0.5790473222732544,1.2335097789764404,1.1711254119873047,,,,,,,,,,,,,1.500136375427246,1.4290046691894531,,,1.0448596477508545,1.2335097789764404,1.0832375288009644,1.5599241256713867,1.5
pilot__gru__s2__seed11,gru,GRU,s2,11,False,0.3276699185371399,ring-selected zero-retuning,0.26461049914360046,velocity,velocity_x2,2x,2.0,,variable_sparsity,0.9599681496620178,True,1.0,1.2675329446792603,128,1.2301177978515625,1.122814416885376,0.5709952116012573,1.2380990982055664,1.1388121843338013,,,,,,,,,,,,,1.5161480903625488,1.4506850242614746,,,1.0827291011810303,1.2380990982055664,1.13936448097229,1.5879071950912476,2.0
pilot__gru__s2__seed11,gru,GRU,s2,11,False,0.3276699185371399,ring-selected zero-retuning,0.28701263666152954,velocity,velocity_x3,3x,3.0,,variable_sparsity,1.0255297422409058,True,1.0,1.278946876525879,128,1.2680881023406982,1.1831564903259277,0.5568795800209045,1.2769067287445068,1.2059763669967651,,,,,,,,,,,,,1.5382883548736572,1.5944914817810059,,,1.1443557739257812,1.2769067287445068,1.2197678089141846,1.599618911743164,3.0
pilot__gru__s2__seed11,gru,GRU,s2,11,False,0.3276699185371399,ring-selected zero-retuning,0.2984471917152405,velocity,velocity_x4,4x,4.0,,variable_sparsity,1.0185177326202393,True,1.0,1.2800923585891724,128,1.2659168243408203,1.2243857383728027,0.5450951457023621,1.2771058082580566,1.2131152153015137,,,,,,,,,,,,,1.5892245769500732,1.620009422302246,,,1.1737103462219238,1.2771058082580566,1.2484482526779175,1.6579991579055786,4.0
pilot__gru__s2__seed12,gru,GRU,s2,12,False,0.36985331773757935,ring-selected zero-retuning,0.2876177132129669,smoothness,correlation_x0p5,ell=0.5x,0.5,,variable_sparsity,0.9364421367645264,True,0.5,1.2707858085632324,128,1.4388806819915771,1.2861676216125488,0.6900862455368042,1.4639382362365723,1.4594804048538208,,,,,,,,,,,,,1.5265617370605469,1.5338300466537476,,,1.2000811100006104,1.4639382362365723,1.2397345304489136,1.7059800624847412,1.0
pilot__gru__s2__seed12,gru,GRU,s2,12,False,0.36985331773757935,ring-selected zero-retuning,0.2739478349685669,smoothness,correlation_x0p75,ell=0.75x,0.75,,variable_sparsity,0.9088452458381653,True,0.75,1.220813274383545,128,1.297316074371338,1.1930055618286133,0.6831544041633606,1.3509163856506348,1.31766939163208,,,,,,,,,,,,,1.5368590354919434,1.559566855430603,,,1.1230581998825073,1.3509163856506348,1.1350412368774414,1.6164761781692505,1.0
pilot__gru__s2__seed12,gru,GRU,s2,12,False,0.36985331773757935,ring-selected zero-retuning,0.26739931106567383,smoothness,correlation_x1p5,ell=1.5x,1.5,,variable_sparsity,0.9210230708122253,True,1.5,1.1549341678619385,128,1.255417823791504,1.15413236618042,0.6739439368247986,1.2849457263946533,1.2251479625701904,,,,,,,,,,,,,1.5000888109207153,1.4015756845474243,,,1.0967514514923096,1.2849457263946533,1.127565622329712,1.57133948802948,1.0
pilot__gru__s2__seed12,gru,GRU,s2,12,False,0.36985331773757935,ring-selected zero-retuning,0.2651910185813904,smoothness,correlation_x2,ell=2x,2.0,,variable_sparsity,0.9124670028686523,True,2.0,1.1337003707885742,128,1.211232304573059,1.1337844133377075,0.671273410320282,1.2589666843414307,1.2604141235351562,,,,,,,,,,,,,1.4610917568206787,1.3801803588867188,,,1.0793060064315796,1.2589666843414307,1.1159579753875732,1.5723576545715332,1.0
pilot__gru__s2__seed12,gru,GRU,s2,12,False,0.36985331773757935,ring-selected zero-retuning,0.2637334167957306,smoothness,correlation_x3,ell=3x,3.0,,variable_sparsity,0.9194098711013794,True,3.0,1.1184860467910767,128,1.1995315551757812,1.1198415756225586,0.6696019172668457,1.2195061445236206,1.0682010650634766,,,,,,,,,,,,,1.3818931579589844,1.3169742822647095,,,1.0705044269561768,1.2195061445236206,1.1193010807037354,1.5981056690216064,1.0
pilot__gru__s2__seed12,gru,GRU,s2,12,False,0.36985331773757935,ring-selected zero-retuning,0.2629215717315674,smoothness,correlation_x4,ell=4x,4.0,,variable_sparsity,0.9223117828369141,True,4.0,1.107108473777771,128,1.1797782182693481,1.1111228466033936,0.6685948967933655,1.2083035707473755,1.1370824575424194,,,,,,,,,,,,,1.4229135513305664,1.365384578704834,,,1.0646461248397827,1.2083035707473755,1.1105363368988037,1.5714597702026367,1.0
pilot__gru__s2__seed12,gru,GRU,s2,12,False,0.36985331773757935,ring-selected zero-retuning,0.19951306283473969,dwell,dwell_block128,all blank 128,128,,all_blank,0.2959941029548645,True,1.0,0.0,128,0.3825847804546356,,0.736720085144043,0.41252925992012024,0.35323652625083923,,,,,,,,,,,,,1.0306808948516846,0.9775778651237488,,,0.2959941029548645,0.41252925992012024,0.25689661502838135,0.5121669769287109,1.0
pilot__gru__s2__seed12,gru,GRU,s2,12,False,0.36985331773757935,ring-selected zero-retuning,0.2735092341899872,dwell,dwell_block32,blank block 32,32,,variable_sparsity,1.0361350774765015,True,1.0,1.163724660873413,128,1.2889586687088013,1.1704803705215454,0.7024832963943481,1.2968688011169434,1.2377768754959106,,,,,,,,,,,,,1.4725959300994873,1.435568928718567,,,1.112015962600708,1.2968688011169434,1.1277928352355957,1.683085322380066,1.0
pilot__gru__s2__seed12,gru,GRU,s2,12,False,0.36985331773757935,ring-selected zero-retuning,0.278129518032074,dwell,dwell_block64,blank block 64,64,,variable_sparsity,1.0963631868362427,True,1.0,1.157697081565857,128,1.2809776067733765,1.1443626880645752,0.7213151454925537,1.3038523197174072,1.2551159858703613,,,,,,,,,,,,,1.500326156616211,1.4877434968948364,,,1.1144376993179321,1.3038523197174072,1.0476866960525513,1.8573639392852783,1.0
pilot__gru__s2__seed12,gru,GRU,s2,12,False,0.36985331773757935,ring-selected zero-retuning,0.2707659602165222,dwell,dwell_block8,blank block 8,8,,variable_sparsity,0.9536643028259277,True,1.0,1.1890697479248047,128,1.2811005115509033,1.1684174537658691,0.6848486661911011,1.2833995819091797,1.245063066482544,,,,,,,,,,,,,1.5279003381729126,1.4891424179077148,,,1.105435848236084,1.2833995819091797,1.1765260696411133,1.5977973937988281,1.0
pilot__gru__s2__seed12,gru,GRU,s2,12,False,0.36985331773757935,ring-selected zero-retuning,0.2747951149940491,dwell,dwell_block96,blank block 96,96,,variable_sparsity,1.0506123304367065,True,1.0,1.1225513219833374,128,1.1935189962387085,1.0099010467529297,0.7362989187240601,1.3505054712295532,1.303770899772644,,,,,,,,,,,,,1.4793169498443604,1.441953420639038,,,1.0429316759109497,1.3505054712295532,0.9423449039459229,1.9367096424102783,1.0
pilot__gru__s2__seed12,gru,GRU,s2,12,False,0.36985331773757935,ring-selected zero-retuning,0.27036798000335693,id,id_h128,ID T=128,128,,variable_sparsity,0.9184953570365906,True,1.0,1.196302056312561,128,1.2789121866226196,1.171018362045288,0.6792958974838257,1.2729169130325317,1.2605736255645752,1.4900766611099243,1.4674460887908936,1.4143837690353394,1.3203153610229492,1.4984114170074463,1.469754695892334,1.5015605688095093,1.4604861736297607,1.4476714134216309,1.4443920850753784,1.5029610395431519,1.4434101581573486,1.4747931957244873,1.4508312940597534,1.4838967323303223,1.4664872884750366,1.108858585357666,1.2729169130325317,1.1453520059585571,1.609082818031311,1.0
pilot__gru__s2__seed12,gru,GRU,s2,12,False,0.36985331773757935,ring-selected zero-retuning,0.32769855856895447,length,length_h1024,T=1024,1024,,variable_sparsity,1.4105974435806274,True,1.0,1.5051929950714111,1024,1.5492008924484253,1.439012050628662,0.804205060005188,1.580125331878662,1.5794118642807007,,,,,,,,,,,,,1.5476558208465576,1.5617057085037231,,,1.4320505857467651,1.580125331878662,1.426225185394287,1.9044581651687622,1.0
pilot__gru__s2__seed12,gru,GRU,s2,12,False,0.36985331773757935,ring-selected zero-retuning,0.3328815698623657,length,length_h1536,T=1536,1536,,variable_sparsity,1.4407169818878174,True,1.0,1.5272283554077148,1536,1.5132427215576172,1.4668601751327515,0.8180774450302124,1.4471977949142456,1.4302805662155151,,,,,,,,,,,,,1.5167566537857056,1.4494028091430664,,,1.460444450378418,1.4471977949142456,1.4706432819366455,1.8169455528259277,1.0
pilot__gru__s2__seed12,gru,GRU,s2,12,False,0.36985331773757935,ring-selected zero-retuning,0.285430371761322,length,length_h192,T=192,192,,variable_sparsity,1.0300917625427246,True,1.0,1.277984619140625,192,1.3394570350646973,1.2302894592285156,0.7175601720809937,1.355578064918518,1.2606208324432373,,,,,,,,,,,,,1.570204734802246,1.589481234550476,,,1.1813154220581055,1.355578064918518,1.2208776473999023,1.6853716373443604,1.0
pilot__gru__s2__seed12,gru,GRU,s2,12,False,0.36985331773757935,ring-selected zero-retuning,0.33548471331596375,length,length_h2048,T=2048,2048,,variable_sparsity,1.4740544557571411,True,1.0,1.54164457321167,2048,1.5601478815078735,1.4890460968017578,0.8249889612197876,1.6153535842895508,1.6955324411392212,,,,,,,,,,,,,1.569513201713562,1.5953022241592407,,,1.4853702783584595,1.6153535842895508,1.5175931453704834,1.8555243015289307,1.0
pilot__gru__s2__seed12,gru,GRU,s2,12,False,0.36985331773757935,ring-selected zero-retuning,0.2945828437805176,length,length_h256,T=256,256,,variable_sparsity,1.1157773733139038,True,1.0,1.3367786407470703,256,1.363828182220459,1.2630254030227661,0.7397713661193848,1.4077706336975098,1.3315911293029785,,,,,,,,,,,,,1.5350476503372192,1.5257021188735962,,,1.2269434928894043,1.4077706336975098,1.254331111907959,1.735187292098999,1.0
pilot__gru__s2__seed12,gru,GRU,s2,12,False,0.36985331773757935,ring-selected zero-retuning,0.3062628507614136,length,length_h384,T=384,384,,variable_sparsity,1.2235140800476074,True,1.0,1.4008620977401733,384,1.4293864965438843,1.3161952495574951,0.7653063535690308,1.422676920890808,1.3952605724334717,,,,,,,,,,,,,1.5437304973602295,1.5227186679840088,,,1.293450117111206,1.422676920890808,1.3224282264709473,1.8203487396240234,1.0
pilot__gru__s2__seed12,gru,GRU,s2,12,False,0.36985331773757935,ring-selected zero-retuning,0.31324267387390137,length,length_h512,T=512,512,,variable_sparsity,1.2959469556808472,True,1.0,1.4333817958831787,512,1.463727355003357,1.3490371704101562,0.7781863808631897,1.4813677072525024,1.395381212234497,,,,,,,,,,,,,1.576646089553833,1.642331838607788,,,1.3360193967819214,1.4813677072525024,1.3440110683441162,1.8384556770324707,1.0
pilot__gru__s2__seed12,gru,GRU,s2,12,False,0.36985331773757935,ring-selected zero-retuning,0.3222759962081909,length,length_h768,T=768,768,,variable_sparsity,1.3660101890563965,True,1.0,1.476723074913025,768,1.5143680572509766,1.4017703533172607,0.7939743995666504,1.5356674194335938,1.5373886823654175,,,,,,,,,,,,,1.5349986553192139,1.5098259449005127,,,1.3930004835128784,1.5356674194335938,1.3545114994049072,1.9226571321487427,1.0
pilot__gru__s2__seed12,gru,GRU,s2,12,False,0.36985331773757935,ring-selected zero-retuning,0.266073077917099,velocity,velocity_x0p5,0.5x,0.5,,variable_sparsity,0.793640673160553,True,1.0,1.1049447059631348,128,1.2779040336608887,1.1599445343017578,0.7170212268829346,1.3054845333099365,1.2939667701721191,,,,,,,,,,,,,1.492331624031067,1.46988844871521,,,1.0697771310806274,1.3054845333099365,1.1069893836975098,1.6212236881256104,0.5
pilot__gru__s2__seed12,gru,GRU,s2,12,False,0.36985331773757935,ring-selected zero-retuning,0.26976388692855835,velocity,velocity_x0p75,0.75x,0.75,,variable_sparsity,0.8689695000648499,True,1.0,1.169198751449585,128,1.2673535346984863,1.17671799659729,0.6984164714813232,1.279120922088623,1.242851734161377,,,,,,,,,,,,,1.4667487144470215,1.3884838819503784,,,1.1009641885757446,1.279120922088623,1.1368331909179688,1.5993993282318115,0.75
pilot__gru__s2__seed12,gru,GRU,s2,12,False,0.36985331773757935,ring-selected zero-retuning,0.2720491886138916,velocity,velocity_x1p25,1.25x,1.25,,variable_sparsity,0.9530261754989624,True,1.0,1.2158229351043701,128,1.2273337841033936,1.158340573310852,0.6603814363479614,1.2352967262268066,1.183396816253662,,,,,,,,,,,,,1.474029779434204,1.4492878913879395,,,1.1078014373779297,1.2352967262268066,1.1472158432006836,1.5762206315994263,1.25
pilot__gru__s2__seed12,gru,GRU,s2,12,False,0.36985331773757935,ring-selected zero-retuning,0.2756882309913635,velocity,velocity_x1p5,1.5x,1.5,,variable_sparsity,0.9761466979980469,True,1.0,1.2319731712341309,128,1.2485183477401733,1.1786941289901733,0.6456042528152466,1.3234001398086548,1.259740948677063,,,,,,,,,,,,,1.5274173021316528,1.5176416635513306,,,1.1288361549377441,1.3234001398086548,1.172180414199829,1.6282460689544678,1.5
pilot__gru__s2__seed12,gru,GRU,s2,12,False,0.36985331773757935,ring-selected zero-retuning,0.2805287837982178,velocity,velocity_x2,2x,2.0,,variable_sparsity,1.0338972806930542,True,1.0,1.2675329446792603,128,1.245337724685669,1.1781070232391357,0.6173245310783386,1.3035832643508911,1.2857615947723389,,,,,,,,,,,,,1.5512769222259521,1.5336552858352661,,,1.1426091194152832,1.3035832643508911,1.1702419519424438,1.6785926818847656,2.0
pilot__gru__s2__seed12,gru,GRU,s2,12,False,0.36985331773757935,ring-selected zero-retuning,0.29008644819259644,velocity,velocity_x3,3x,3.0,,variable_sparsity,1.046954870223999,True,1.0,1.278946876525879,128,1.2508330345153809,1.1993334293365479,0.5836000442504883,1.2558385133743286,1.2397352457046509,,,,,,,,,,,,,1.4827864170074463,1.4809436798095703,,,1.1618247032165527,1.2558385133743286,1.1765742301940918,1.6786373853683472,3.0
pilot__gru__s2__seed12,gru,GRU,s2,12,False,0.36985331773757935,ring-selected zero-retuning,0.299994558095932,velocity,velocity_x4,4x,4.0,,variable_sparsity,1.077658772468567,True,1.0,1.2800923585891724,128,1.279436707496643,1.2199786901474,0.5602039694786072,1.2935781478881836,1.2661662101745605,,,,,,,,,,,,,1.452609896659851,1.4754563570022583,,,1.184946060180664,1.2935781478881836,1.1893715858459473,1.6929442882537842,4.0
pilot__lstm__s2__seed10,lstm,LSTM,s2,10,True,0.014883749186992645,ring-selected zero-retuning,0.0011018947698175907,smoothness,correlation_x0p5,ell=0.5x,0.5,,variable_sparsity,0.05234422907233238,True,0.5,1.2707858085632324,128,0.06572560966014862,0.04216179624199867,0.012276232242584229,0.07349953800439835,0.06689631193876266,,,,,,,,,,,,,0.4993053376674652,0.49753743410110474,,,0.044668253511190414,0.07349953800439835,0.039997946470975876,0.07004469633102417,1.0
pilot__lstm__s2__seed10,lstm,LSTM,s2,10,True,0.014883749186992645,ring-selected zero-retuning,0.0011614244431257248,smoothness,correlation_x0p75,ell=0.75x,0.75,,variable_sparsity,0.05173032358288765,True,0.75,1.220813274383545,128,0.06714308261871338,0.043376971036195755,0.01248505711555481,0.07382027804851532,0.06554519385099411,,,,,,,,,,,,,0.4933890104293823,0.5041279196739197,,,0.04543318599462509,0.07382027804851532,0.03929372876882553,0.07515233755111694,1.0
pilot__lstm__s2__seed10,lstm,LSTM,s2,10,True,0.014883749186992645,ring-selected zero-retuning,0.001212721923366189,smoothness,correlation_x1p5,ell=1.5x,1.5,,variable_sparsity,0.05202982574701309,True,1.5,1.1549341678619385,128,0.06981794536113739,0.04459932819008827,0.013171583414077759,0.07742562890052795,0.06868258118629456,,,,,,,,,,,,,0.49924567341804504,0.49324485659599304,,,0.046428382396698,0.07742562890052795,0.04181867837905884,0.07434733957052231,1.0
pilot__lstm__s2__seed10,lstm,LSTM,s2,10,True,0.014883749186992645,ring-selected zero-retuning,0.0012497499119490385,smoothness,correlation_x2,ell=2x,2.0,,variable_sparsity,0.052578121423721313,True,2.0,1.1337003707885742,128,0.07094935327768326,0.045053403824567795,0.013273252174258232,0.07757741212844849,0.06817086040973663,,,,,,,,,,,,,0.4973987340927124,0.4992148280143738,,,0.046905647963285446,0.07757741212844849,0.04323388636112213,0.07654640078544617,1.0
pilot__lstm__s2__seed10,lstm,LSTM,s2,10,True,0.014883749186992645,ring-selected zero-retuning,0.0012707461137324572,smoothness,correlation_x3,ell=3x,3.0,,variable_sparsity,0.053489070385694504,True,3.0,1.1184860467910767,128,0.07185442745685577,0.04504606872797012,0.013252325356006622,0.08019446581602097,0.07102754712104797,,,,,,,,,,,,,0.5204991698265076,0.5281103253364563,,,0.04712435603141785,0.08019446581602097,0.04260774701833725,0.07784199714660645,1.0
pilot__lstm__s2__seed10,lstm,LSTM,s2,10,True,0.014883749186992645,ring-selected zero-retuning,0.0012638249900192022,smoothness,correlation_x4,ell=4x,4.0,,variable_sparsity,0.05355911701917648,True,4.0,1.107108473777771,128,0.07209983468055725,0.04489920288324356,0.013220122084021568,0.0810326635837555,0.07158305495977402,,,,,,,,,,,,,0.5020501017570496,0.5079146027565002,,,0.04703088104724884,0.0810326635837555,0.04183962941169739,0.07838618755340576,1.0
pilot__lstm__s2__seed10,lstm,LSTM,s2,10,True,0.014883749186992645,ring-selected zero-retuning,0.0023063281551003456,dwell,dwell_block128,all blank 128,128,,all_blank,0.06662879139184952,True,1.0,0.0,128,0.11515232920646667,,0.01082279346883297,0.13092118501663208,0.13535897433757782,,,,,,,,,,,,,0.5781448483467102,0.5643966794013977,,,0.06662879139184952,0.13092118501663208,0.0680101066827774,0.10174377262592316,1.0
pilot__lstm__s2__seed10,lstm,LSTM,s2,10,True,0.014883749186992645,ring-selected zero-retuning,0.0013068587286397815,dwell,dwell_block32,blank block 32,32,,variable_sparsity,0.05172022804617882,True,1.0,1.163724660873413,128,0.07478843629360199,0.04739544168114662,0.011920023709535599,0.08019329607486725,0.0748145803809166,,,,,,,,,,,,,0.5108383893966675,0.5089316964149475,,,0.04927750304341316,0.08019329607486725,0.047515951097011566,0.08223076164722443,1.0
pilot__lstm__s2__seed10,lstm,LSTM,s2,10,True,0.014883749186992645,ring-selected zero-retuning,0.0016826208448037505,dwell,dwell_block64,blank block 64,64,,variable_sparsity,0.05554291978478432,True,1.0,1.157697081565857,128,0.09322744607925415,0.05756556615233421,0.011519305408000946,0.0977465808391571,0.09151921421289444,,,,,,,,,,,,,0.5155563354492188,0.5140367150306702,,,0.056304555386304855,0.0977465808391571,0.05233941599726677,0.08696089684963226,1.0
pilot__lstm__s2__seed10,lstm,LSTM,s2,10,True,0.014883749186992645,ring-selected zero-retuning,0.0012128280941396952,dwell,dwell_block8,blank block 8,8,,variable_sparsity,0.0519188791513443,True,1.0,1.1890697479248047,128,0.07010899484157562,0.04458743333816528,0.012510007247328758,0.07602307200431824,0.06697472929954529,,,,,,,,,,,,,0.5074493885040283,0.48833104968070984,,,0.04673755168914795,0.07602307200431824,0.041422728449106216,0.0766591876745224,1.0
pilot__lstm__s2__seed10,lstm,LSTM,s2,10,True,0.014883749186992645,ring-selected zero-retuning,0.002055880380794406,dwell,dwell_block96,blank block 96,96,,variable_sparsity,0.06300806999206543,True,1.0,1.1225513219833374,128,0.10810362547636032,0.06680315732955933,0.010594185441732407,0.11828382313251495,0.1119169145822525,,,,,,,,,,,,,0.5087703466415405,0.5083487033843994,,,0.06372405588626862,0.11828382313251495,0.06133057922124863,0.09513553977012634,1.0
pilot__lstm__s2__seed10,lstm,LSTM,s2,10,True,0.014883749186992645,ring-selected zero-retuning,0.0012162481434643269,id,id_h128,ID T=128,128,,variable_sparsity,0.05313025787472725,True,1.0,1.196302056312561,128,0.06921599805355072,0.04423413425683975,0.012750675901770592,0.0755552425980568,0.0673016831278801,0.8055418729782104,0.7897355556488037,0.17015552520751953,0.16221433877944946,0.9843411445617676,0.9672324657440186,1.1111154556274414,1.094321608543396,0.288509726524353,0.28873592615127563,1.508009672164917,1.5925681591033936,0.502348780632019,0.5115801692008972,0.6751419305801392,0.6814752221107483,0.046423960477113724,0.0755552425980568,0.04017623886466026,0.07800252735614777,1.0
pilot__lstm__s2__seed10,lstm,LSTM,s2,10,True,0.014883749186992645,ring-selected zero-retuning,0.01649535447359085,length,length_h1024,T=1024,1024,,variable_sparsity,0.22684530913829803,True,1.0,1.5051929950714111,1024,0.25902706384658813,0.15959230065345764,0.012643830850720406,0.28085118532180786,0.24799610674381256,,,,,,,,,,,,,0.5731866359710693,0.5331292748451233,,,0.1760692298412323,0.28085118532180786,0.1625727415084839,0.287846177816391,1.0
pilot__lstm__s2__seed10,lstm,LSTM,s2,10,True,0.014883749186992645,ring-selected zero-retuning,0.026713721454143524,length,length_h1536,T=1536,1536,,variable_sparsity,0.2976769506931305,True,1.0,1.5272283554077148,1536,0.32630547881126404,0.1988368034362793,0.01263128500431776,0.3548552989959717,0.30784958600997925,,,,,,,,,,,,,0.620337724685669,0.6008604168891907,,,0.22309288382530212,0.3548552989959717,0.19613204896450043,0.34710419178009033,1.0
pilot__lstm__s2__seed10,lstm,LSTM,s2,10,True,0.014883749186992645,ring-selected zero-retuning,0.002128434367477894,length,length_h192,T=192,192,,variable_sparsity,0.0723411962389946,True,1.0,1.277984619140625,192,0.09446984529495239,0.05762629583477974,0.012726008892059326,0.10420769453048706,0.09824535250663757,,,,,,,,,,,,,0.49522992968559265,0.481771320104599,,,0.06122598052024841,0.10420769453048706,0.05376661941409111,0.1019228994846344,1.0
pilot__lstm__s2__seed10,lstm,LSTM,s2,10,True,0.014883749186992645,ring-selected zero-retuning,0.03705935925245285,length,length_h2048,T=2048,2048,,variable_sparsity,0.3568660616874695,True,1.0,1.54164457321167,2048,0.38166654109954834,0.2321595549583435,0.012754807248711586,0.4156923294067383,0.35738083720207214,,,,,,,,,,,,,0.6351577043533325,0.5897026062011719,,,0.2627362906932831,0.4156923294067383,0.23192058503627777,0.4032542109489441,1.0
pilot__lstm__s2__seed10,lstm,LSTM,s2,10,True,0.014883749186992645,ring-selected zero-retuning,0.0030607818625867367,length,length_h256,T=256,256,,variable_sparsity,0.08923941850662231,True,1.0,1.3367786407470703,256,0.11355417966842651,0.06946167349815369,0.012742647901177406,0.1230972409248352,0.1119014248251915,,,,,,,,,,,,,0.5046983957290649,0.5020977258682251,,,0.07430803030729294,0.1230972409248352,0.06712429225444794,0.12205180525779724,1.0
pilot__lstm__s2__seed10,lstm,LSTM,s2,10,True,0.014883749186992645,ring-selected zero-retuning,0.0050794281996786594,length,length_h384,T=384,384,,variable_sparsity,0.11861772835254669,True,1.0,1.4008620977401733,384,0.14591161906719208,0.08956988155841827,0.01297912560403347,0.15865033864974976,0.14173994958400726,,,,,,,,,,,,,0.5069113373756409,0.48540419340133667,,,0.0966985821723938,0.15865033864974976,0.08597352355718613,0.15671995282173157,1.0
pilot__lstm__s2__seed10,lstm,LSTM,s2,10,True,0.014883749186992645,ring-selected zero-retuning,0.007233798503875732,length,length_h512,T=512,512,,variable_sparsity,0.1438826471567154,True,1.0,1.4333817958831787,512,0.17321836948394775,0.10671496391296387,0.012994946911931038,0.18933424353599548,0.1686430126428604,,,,,,,,,,,,,0.5205692052841187,0.5053908228874207,,,0.11582852900028229,0.18933424353599548,0.10505213588476181,0.18420091271400452,1.0
pilot__lstm__s2__seed10,lstm,LSTM,s2,10,True,0.014883749186992645,ring-selected zero-retuning,0.011719265021383762,length,length_h768,T=768,768,,variable_sparsity,0.18655112385749817,True,1.0,1.476723074913025,768,0.21990594267845154,0.1360258162021637,0.012849189341068268,0.2390812635421753,0.22155696153640747,,,,,,,,,,,,,0.539207935333252,0.5149546265602112,,,0.14841660857200623,0.2390812635421753,0.13698962330818176,0.23530834913253784,1.0
pilot__lstm__s2__seed10,lstm,LSTM,s2,10,True,0.014883749186992645,ring-selected zero-retuning,0.0010396110592409968,velocity,velocity_x0p5,0.5x,0.5,,variable_sparsity,0.053588684648275375,True,1.0,1.1049447059631348,128,0.066859170794487,0.041245147585868835,0.009388387203216553,0.07281920313835144,0.06376470625400543,,,,,,,,,,,,,0.5041332840919495,0.49093055725097656,,,0.04428356885910034,0.07281920313835144,0.040592923760414124,0.07092289626598358,0.5
pilot__lstm__s2__seed10,lstm,LSTM,s2,10,True,0.014883749186992645,ring-selected zero-retuning,0.0009789816103875637,velocity,velocity_x0p75,0.75x,0.75,,variable_sparsity,0.05054454132914543,True,1.0,1.169198751449585,128,0.06394268572330475,0.040524326264858246,0.0100318668410182,0.0699644684791565,0.06475692987442017,,,,,,,,,,,,,0.5184375047683716,0.5111018419265747,,,0.042990848422050476,0.0699644684791565,0.03959310054779053,0.06701149791479111,0.75
pilot__lstm__s2__seed10,lstm,LSTM,s2,10,True,0.014883749186992645,ring-selected zero-retuning,0.0021550206001847982,velocity,velocity_x1p25,1.25x,1.25,,variable_sparsity,0.0601208433508873,True,1.0,1.2158229351043701,128,0.08176784217357635,0.05565239116549492,0.018952984362840652,0.08927933871746063,0.07241164147853851,,,,,,,,,,,,,0.4983428716659546,0.49456265568733215,,,0.056752320379018784,0.08927933871746063,0.046755287796258926,0.09295809268951416,1.25
pilot__lstm__s2__seed10,lstm,LSTM,s2,10,True,0.014883749186992645,ring-selected zero-retuning,0.006424882914870977,velocity,velocity_x1p5,1.5x,1.5,,variable_sparsity,0.07452499121427536,True,1.0,1.2319731712341309,128,0.11691608279943466,0.08604682981967926,0.030159616842865944,0.12546205520629883,0.09200706332921982,,,,,,,,,,,,,0.5031156539916992,0.4963430166244507,,,0.08321067690849304,0.12546205520629883,0.05683637410402298,0.14964452385902405,1.5
pilot__lstm__s2__seed10,lstm,LSTM,s2,10,True,0.014883749186992645,ring-selected zero-retuning,0.03708518296480179,velocity,velocity_x2,2x,2.0,,variable_sparsity,0.1491899937391281,True,1.0,1.2675329446792603,128,0.27789950370788574,0.22666117548942566,0.07177365571260452,0.29666489362716675,0.14350663125514984,,,,,,,,,,,,,0.6023184657096863,0.5002641677856445,,,0.20759126543998718,0.29666489362716675,0.08231472969055176,0.5133920311927795,2.0
pilot__lstm__s2__seed10,lstm,LSTM,s2,10,True,0.014883749186992645,ring-selected zero-retuning,0.1480453610420227,velocity,velocity_x3,3x,3.0,,variable_sparsity,0.43038085103034973,True,1.0,1.278946876525879,128,0.8406014442443848,0.6973783373832703,0.21907208859920502,0.9357631206512451,0.6845270991325378,,,,,,,,,,,,,1.0431084632873535,0.8730648756027222,,,0.6316556334495544,0.9357631206512451,0.378717303276062,1.6312284469604492,3.0
pilot__lstm__s2__seed10,lstm,LSTM,s2,10,True,0.014883749186992645,ring-selected zero-retuning,0.2372233271598816,velocity,velocity_x4,4x,4.0,,variable_sparsity,0.6478299498558044,True,1.0,1.2800923585891724,128,1.1893796920776367,1.0542404651641846,0.3486587703227997,1.2033255100250244,1.1145018339157104,,,,,,,,,,,,,1.289340853691101,1.178974986076355,,,0.9542005062103271,1.2033255100250244,0.931713342666626,1.7699533700942993,4.0
pilot__lstm__s2__seed11,lstm,LSTM,s2,11,True,0.016061924397945404,ring-selected zero-retuning,0.00124443625099957,smoothness,correlation_x0p5,ell=0.5x,0.5,,variable_sparsity,0.050354793667793274,True,0.5,1.2707858085632324,128,0.07016409188508987,0.04582468047738075,0.01300409808754921,0.0759400874376297,0.07162721455097198,,,,,,,,,,,,,0.5127722024917603,0.4842675030231476,,,0.04693979024887085,0.0759400874376297,0.04217753931879997,0.07884744554758072,1.0
pilot__lstm__s2__seed11,lstm,LSTM,s2,11,True,0.016061924397945404,ring-selected zero-retuning,0.0012705246917903423,smoothness,correlation_x0p75,ell=0.75x,0.75,,variable_sparsity,0.05099405720829964,True,0.75,1.220813274383545,128,0.07100792229175568,0.04589216411113739,0.012832576408982277,0.07867565006017685,0.07279782742261887,,,,,,,,,,,,,0.4920099675655365,0.4562458097934723,,,0.04714801907539368,0.07867565006017685,0.04088436812162399,0.07954923063516617,1.0
pilot__lstm__s2__seed11,lstm,LSTM,s2,11,True,0.016061924397945404,ring-selected zero-retuning,0.0013506149407476187,smoothness,correlation_x1p5,ell=1.5x,1.5,,variable_sparsity,0.050703004002571106,True,1.5,1.1549341678619385,128,0.07384596765041351,0.047513410449028015,0.013479541055858135,0.08101426810026169,0.0711425170302391,,,,,,,,,,,,,0.4878847002983093,0.4544146656990051,,,0.04829854145646095,0.08101426810026169,0.043360285460948944,0.07838977873325348,1.0
pilot__lstm__s2__seed11,lstm,LSTM,s2,11,True,0.016061924397945404,ring-selected zero-retuning,0.0014096281956881285,smoothness,correlation_x2,ell=2x,2.0,,variable_sparsity,0.051658984273672104,True,2.0,1.1337003707885742,128,0.0761931911110878,0.04810703545808792,0.013777175918221474,0.0838000476360321,0.07385065406560898,,,,,,,,,,,,,0.5118532180786133,0.4711974859237671,,,0.04898136109113693,0.0838000476360321,0.043271683156490326,0.07946604490280151,1.0
pilot__lstm__s2__seed11,lstm,LSTM,s2,11,True,0.016061924397945404,ring-selected zero-retuning,0.001446786685846746,smoothness,correlation_x3,ell=3x,3.0,,variable_sparsity,0.05188177153468132,True,3.0,1.1184860467910767,128,0.0781841054558754,0.0490523986518383,0.013835602439939976,0.08607032895088196,0.07588743418455124,,,,,,,,,,,,,0.5014461278915405,0.47417500615119934,,,0.04974886029958725,0.08607032895088196,0.045241184532642365,0.08068975061178207,1.0
pilot__lstm__s2__seed11,lstm,LSTM,s2,11,True,0.016061924397945404,ring-selected zero-retuning,0.0014753727009519935,smoothness,correlation_x4,ell=4x,4.0,,variable_sparsity,0.05203031748533249,True,4.0,1.107108473777771,128,0.0797625333070755,0.049740057438611984,0.013808662071824074,0.08885074406862259,0.08322834968566895,,,,,,,,,,,,,0.5087460279464722,0.48450401425361633,,,0.05030381679534912,0.08885074406862259,0.04651020094752312,0.08027145266532898,1.0
pilot__lstm__s2__seed11,lstm,LSTM,s2,11,True,0.016061924397945404,ring-selected zero-retuning,0.0020824784878641367,dwell,dwell_block128,all blank 128,128,,all_blank,0.06082350015640259,True,1.0,0.0,128,0.10566521435976028,,0.009749213233590126,0.12017059326171875,0.10965040326118469,,,,,,,,,,,,,0.5406141877174377,0.46295809745788574,,,0.06082350015640259,0.12017059326171875,0.05589396134018898,0.10224640369415283,1.0
pilot__lstm__s2__seed11,lstm,LSTM,s2,11,True,0.016061924397945404,ring-selected zero-retuning,0.0013858580496162176,dwell,dwell_block32,blank block 32,32,,variable_sparsity,0.050926949828863144,True,1.0,1.163724660873413,128,0.07869172841310501,0.050389137119054794,0.012077676132321358,0.08385549485683441,0.07660888135433197,,,,,,,,,,,,,0.5033777952194214,0.4544146656990051,,,0.05062318593263626,0.08385549485683441,0.04737407714128494,0.08215142041444778,1.0
pilot__lstm__s2__seed11,lstm,LSTM,s2,11,True,0.016061924397945404,ring-selected zero-retuning,0.0017217793501913548,dwell,dwell_block64,blank block 64,64,,variable_sparsity,0.05480849742889404,True,1.0,1.157697081565857,128,0.0915326327085495,0.05652506649494171,0.011145374737679958,0.09683407843112946,0.09145919978618622,,,,,,,,,,,,,0.5134395956993103,0.49208375811576843,,,0.055454883724451065,0.09683407843112946,0.05046333000063896,0.09272005409002304,1.0
pilot__lstm__s2__seed11,lstm,LSTM,s2,11,True,0.016061924397945404,ring-selected zero-retuning,0.0012890921207144856,dwell,dwell_block8,blank block 8,8,,variable_sparsity,0.050006985664367676,True,1.0,1.1890697479248047,128,0.07197961956262589,0.04641782119870186,0.012707583606243134,0.07921899855136871,0.07273223996162415,,,,,,,,,,,,,0.4960451126098633,0.4605152904987335,,,0.04747042804956436,0.07921899855136871,0.042071565985679626,0.07918158918619156,1.0
pilot__lstm__s2__seed11,lstm,LSTM,s2,11,True,0.016061924397945404,ring-selected zero-retuning,0.002076307777315378,dwell,dwell_block96,blank block 96,96,,variable_sparsity,0.06041326746344566,True,1.0,1.1225513219833374,128,0.10426744073629379,0.06579600274562836,0.0099717415869236,0.11385608464479446,0.10518724471330643,,,,,,,,,,,,,0.4800218939781189,0.42156854271888733,,,0.061428770422935486,0.11385608464479446,0.05437275767326355,0.103335902094841,1.0
pilot__lstm__s2__seed11,lstm,LSTM,s2,11,True,0.016061924397945404,ring-selected zero-retuning,0.0012861141003668308,id,id_h128,ID T=128,128,,variable_sparsity,0.050393324345350266,True,1.0,1.196302056312561,128,0.07112160325050354,0.04619733244180679,0.013192597776651382,0.0784282386302948,0.07035752385854721,0.8375400900840759,0.776934027671814,0.1716744601726532,0.1598324477672577,1.0514534711837769,0.9529421329498291,1.1576945781707764,1.071847677230835,0.289589524269104,0.2774067521095276,1.3524949550628662,1.384412169456482,0.5085968971252441,0.48387226462364197,0.6898554563522339,0.6540667414665222,0.04723019897937775,0.0784282386302948,0.040614064782857895,0.0792388841509819,1.0
pilot__lstm__s2__seed11,lstm,LSTM,s2,11,True,0.016061924397945404,ring-selected zero-retuning,0.018804579973220825,length,length_h1024,T=1024,1024,,variable_sparsity,0.2239609807729721,True,1.0,1.5051929950714111,1024,0.28102532029151917,0.17772075533866882,0.01327588316053152,0.30216118693351746,0.2736206650733948,,,,,,,,,,,,,0.5722647905349731,0.5324417352676392,,,0.18904957175254822,0.30216118693351746,0.16924862563610077,0.3187667727470398,1.0
pilot__lstm__s2__seed11,lstm,LSTM,s2,11,True,0.016061924397945404,ring-selected zero-retuning,0.02935231477022171,length,length_h1536,T=1536,1536,,variable_sparsity,0.29068127274513245,True,1.0,1.5272283554077148,1536,0.3500826358795166,0.2228143811225891,0.013350460678339005,0.3802850544452667,0.3407794237136841,,,,,,,,,,,,,0.6128509044647217,0.595471203327179,,,0.23946940898895264,0.3802850544452667,0.20976638793945312,0.40158766508102417,1.0
pilot__lstm__s2__seed11,lstm,LSTM,s2,11,True,0.016061924397945404,ring-selected zero-retuning,0.0022249894682317972,length,length_h192,T=192,192,,variable_sparsity,0.06855790317058563,True,1.0,1.277984619140625,192,0.09790881723165512,0.06099604442715645,0.013118213042616844,0.10696535557508469,0.09537610411643982,,,,,,,,,,,,,0.5183824300765991,0.5014504790306091,,,0.06284590065479279,0.10696535557508469,0.0547025203704834,0.11023446172475815,1.0
pilot__lstm__s2__seed11,lstm,LSTM,s2,11,True,0.016061924397945404,ring-selected zero-retuning,0.04024785757064819,length,length_h2048,T=2048,2048,,variable_sparsity,0.34912383556365967,True,1.0,1.54164457321167,2048,0.41070303320884705,0.26056382060050964,0.013425932265818119,0.4479382038116455,0.3858838975429535,,,,,,,,,,,,,0.659083366394043,0.5874699354171753,,,0.28227782249450684,0.4479382038116455,0.2557164132595062,0.4746721386909485,1.0
pilot__lstm__s2__seed11,lstm,LSTM,s2,11,True,0.016061924397945404,ring-selected zero-retuning,0.0032976155634969473,length,length_h256,T=256,256,,variable_sparsity,0.08529829233884811,True,1.0,1.3367786407470703,256,0.11883774399757385,0.07409976422786713,0.01321643590927124,0.12950082123279572,0.1129036471247673,,,,,,,,,,,,,0.5077421069145203,0.47414982318878174,,,0.07684385776519775,0.12950082123279572,0.06781448423862457,0.12368500232696533,1.0
pilot__lstm__s2__seed11,lstm,LSTM,s2,11,True,0.016061924397945404,ring-selected zero-retuning,0.005564792547374964,length,length_h384,T=384,384,,variable_sparsity,0.1140524297952652,True,1.0,1.4008620977401733,384,0.15182654559612274,0.09592484682798386,0.0137792332097888,0.1647823452949524,0.14067143201828003,,,,,,,,,,,,,0.5082350969314575,0.48601576685905457,,,0.10037358850240707,0.1647823452949524,0.08705219626426697,0.17046302556991577,1.0
pilot__lstm__s2__seed11,lstm,LSTM,s2,11,True,0.016061924397945404,ring-selected zero-retuning,0.007967242039740086,length,length_h512,T=512,512,,variable_sparsity,0.13929316401481628,True,1.0,1.4333817958831787,512,0.18241451680660248,0.11490342020988464,0.013834193348884583,0.20077034831047058,0.1742475926876068,,,,,,,,,,,,,0.5184299945831299,0.4750596880912781,,,0.12088381499052048,0.20077034831047058,0.10563770681619644,0.20980218052864075,1.0
pilot__lstm__s2__seed11,lstm,LSTM,s2,11,True,0.016061924397945404,ring-selected zero-retuning,0.013442488387227058,length,length_h768,T=768,768,,variable_sparsity,0.18554165959358215,True,1.0,1.476723074913025,768,0.24144409596920013,0.14956913888454437,0.013540912419557571,0.26182442903518677,0.23386384546756744,,,,,,,,,,,,,0.5706381797790527,0.5312348008155823,,,0.15839099884033203,0.26182442903518677,0.14199337363243103,0.26826533675193787,1.0
pilot__lstm__s2__seed11,lstm,LSTM,s2,11,True,0.016061924397945404,ring-selected zero-retuning,0.0010672560892999172,velocity,velocity_x0p5,0.5x,0.5,,variable_sparsity,0.04875057190656662,True,1.0,1.1049447059631348,128,0.06781584024429321,0.04168245941400528,0.009777870029211044,0.07518467307090759,0.06735838204622269,,,,,,,,,,,,,0.5271055698394775,0.5040977001190186,,,0.043422311544418335,0.07518467307090759,0.03931032866239548,0.06831970810890198,0.5
pilot__lstm__s2__seed11,lstm,LSTM,s2,11,True,0.016061924397945404,ring-selected zero-retuning,0.0010102617088705301,velocity,velocity_x0p75,0.75x,0.75,,variable_sparsity,0.04813244566321373,True,1.0,1.169198751449585,128,0.06624400615692139,0.040885645896196365,0.01026528887450695,0.07341274619102478,0.06669627875089645,,,,,,,,,,,,,0.4893915057182312,0.4446597099304199,,,0.04266948252916336,0.07341274619102478,0.037839002907276154,0.07117292284965515,0.75
pilot__lstm__s2__seed11,lstm,LSTM,s2,11,True,0.016061924397945404,ring-selected zero-retuning,0.002618095837533474,velocity,velocity_x1p25,1.25x,1.25,,variable_sparsity,0.05883404240012169,True,1.0,1.2158229351043701,128,0.08824824541807175,0.0603838674724102,0.020050864666700363,0.0952736884355545,0.07753705233335495,,,,,,,,,,,,,0.48022207617759705,0.4471031725406647,,,0.060002367943525314,0.0952736884355545,0.04781270772218704,0.10464358329772949,1.25
pilot__lstm__s2__seed11,lstm,LSTM,s2,11,True,0.016061924397945404,ring-selected zero-retuning,0.00759113859385252,velocity,velocity_x1p5,1.5x,1.5,,variable_sparsity,0.0747838169336319,True,1.0,1.2319731712341309,128,0.1255045235157013,0.09217885136604309,0.03265010192990303,0.13512404263019562,0.09423328191041946,,,,,,,,,,,,,0.5118910074234009,0.4731239974498749,,,0.08789698034524918,0.13512404263019562,0.05709897726774216,0.16957175731658936,1.5
pilot__lstm__s2__seed11,lstm,LSTM,s2,11,True,0.016061924397945404,ring-selected zero-retuning,0.036932311952114105,velocity,velocity_x2,2x,2.0,,variable_sparsity,0.15476864576339722,True,1.0,1.2675329446792603,128,0.2956008017063141,0.22740790247917175,0.07761573791503906,0.323458731174469,0.164338156580925,,,,,,,,,,,,,0.6021181344985962,0.494534432888031,,,0.2095274031162262,0.323458731174469,0.09106998145580292,0.5747988224029541,2.0
pilot__lstm__s2__seed11,lstm,LSTM,s2,11,True,0.016061924397945404,ring-selected zero-retuning,0.15685640275478363,velocity,velocity_x3,3x,3.0,,variable_sparsity,0.4416189193725586,True,1.0,1.278946876525879,128,0.8562268018722534,0.7031938433647156,0.21306458115577698,0.9329447746276855,0.7364608645439148,,,,,,,,,,,,,1.0253459215164185,0.820402204990387,,,0.6388059258460999,0.9329447746276855,0.40693268179893494,1.5340337753295898,3.0
pilot__lstm__s2__seed11,lstm,LSTM,s2,11,True,0.016061924397945404,ring-selected zero-retuning,0.2495192289352417,velocity,velocity_x4,4x,4.0,,variable_sparsity,0.6580052971839905,True,1.0,1.2800923585891724,128,1.2671748399734497,1.1050910949707031,0.3399397134780884,1.327885627746582,1.2837194204330444,,,,,,,,,,,,,1.3396570682525635,1.3038946390151978,,,0.9950387477874756,1.327885627746582,1.010246753692627,1.8301947116851807,4.0
pilot__lstm__s2__seed12,lstm,LSTM,s2,12,True,0.012160596437752247,ring-selected zero-retuning,0.000809353543445468,smoothness,correlation_x0p5,ell=0.5x,0.5,,variable_sparsity,0.03972119092941284,True,0.5,1.2707858085632324,128,0.05284486711025238,0.03714689239859581,0.012264653109014034,0.057508498430252075,0.05070797726511955,,,,,,,,,,,,,0.3493446111679077,0.3128799498081207,,,0.03778056800365448,0.057508498430252075,0.033296432346105576,0.059452399611473083,1.0
pilot__lstm__s2__seed12,lstm,LSTM,s2,12,True,0.012160596437752247,ring-selected zero-retuning,0.0008290681289508939,smoothness,correlation_x0p75,ell=0.75x,0.75,,variable_sparsity,0.040456172078847885,True,0.75,1.220813274383545,128,0.05308869481086731,0.036646705120801926,0.01251743733882904,0.05706673115491867,0.05309545621275902,,,,,,,,,,,,,0.35690659284591675,0.32029613852500916,,,0.03758442401885986,0.05706673115491867,0.03420368209481239,0.06116076558828354,1.0
pilot__lstm__s2__seed12,lstm,LSTM,s2,12,True,0.012160596437752247,ring-selected zero-retuning,0.0009164462680928409,smoothness,correlation_x1p5,ell=1.5x,1.5,,variable_sparsity,0.04062996804714203,True,1.5,1.1549341678619385,128,0.056880466639995575,0.03842104598879814,0.012810001149773598,0.06299123167991638,0.055720504373311996,,,,,,,,,,,,,0.3756992220878601,0.34095197916030884,,,0.038964781910181046,0.06299123167991638,0.03443947061896324,0.06471380591392517,1.0
pilot__lstm__s2__seed12,lstm,LSTM,s2,12,True,0.012160596437752247,ring-selected zero-retuning,0.0009632979054003954,smoothness,correlation_x2,ell=2x,2.0,,variable_sparsity,0.04104023054242134,True,2.0,1.1337003707885742,128,0.058860067278146744,0.03913744539022446,0.013149069622159004,0.06511540710926056,0.057910092175006866,,,,,,,,,,,,,0.3661499321460724,0.3218234181404114,,,0.039605822414159775,0.06511540710926056,0.03433292359113693,0.06515701115131378,1.0
pilot__lstm__s2__seed12,lstm,LSTM,s2,12,True,0.012160596437752247,ring-selected zero-retuning,0.0010027548996731639,smoothness,correlation_x3,ell=3x,3.0,,variable_sparsity,0.041903432458639145,True,3.0,1.1184860467910767,128,0.06131292134523392,0.040043022483587265,0.01308562234044075,0.06770256161689758,0.059166278690099716,,,,,,,,,,,,,0.3765681982040405,0.35220175981521606,,,0.04050097241997719,0.06770256161689758,0.03532025218009949,0.06541916728019714,1.0
pilot__lstm__s2__seed12,lstm,LSTM,s2,12,True,0.012160596437752247,ring-selected zero-retuning,0.0010117476340383291,smoothness,correlation_x4,ell=4x,4.0,,variable_sparsity,0.042156461626291275,True,4.0,1.107108473777771,128,0.06186136603355408,0.04022127389907837,0.012971298769116402,0.06796291470527649,0.059338394552469254,,,,,,,,,,,,,0.36452004313468933,0.32284530997276306,,,0.04069763049483299,0.06796291470527649,0.03585096448659897,0.06253722310066223,1.0
pilot__lstm__s2__seed12,lstm,LSTM,s2,12,True,0.012160596437752247,ring-selected zero-retuning,0.0012892179656773806,dwell,dwell_block128,all blank 128,128,,all_blank,0.04749270901083946,True,1.0,0.0,128,0.08291235566139221,,0.007836194708943367,0.09442602097988129,0.09438519924879074,,,,,,,,,,,,,0.423797607421875,0.3909651041030884,,,0.04749270901083946,0.09442602097988129,0.04730766639113426,0.07874748110771179,1.0
pilot__lstm__s2__seed12,lstm,LSTM,s2,12,True,0.012160596437752247,ring-selected zero-retuning,0.0009076250134967268,dwell,dwell_block32,blank block 32,32,,variable_sparsity,0.04024403169751167,True,1.0,1.163724660873413,128,0.05982708930969238,0.04032828286290169,0.011335328221321106,0.06350696086883545,0.05825100094079971,,,,,,,,,,,,,0.34652745723724365,0.3124043941497803,,,0.040291618555784225,0.06350696086883545,0.03601469099521637,0.06568041443824768,1.0
pilot__lstm__s2__seed12,lstm,LSTM,s2,12,True,0.012160596437752247,ring-selected zero-retuning,0.0009734972845762968,dwell,dwell_block64,blank block 64,64,,variable_sparsity,0.0413113534450531,True,1.0,1.157697081565857,128,0.0665605366230011,0.04267159104347229,0.010353414341807365,0.07019822299480438,0.0643494501709938,,,,,,,,,,,,,0.36211422085762024,0.3429733216762543,,,0.04182355850934982,0.07019822299480438,0.03912000358104706,0.06740715354681015,1.0
pilot__lstm__s2__seed12,lstm,LSTM,s2,12,True,0.012160596437752247,ring-selected zero-retuning,0.0008584174211136997,dwell,dwell_block8,blank block 8,8,,variable_sparsity,0.04032057896256447,True,1.0,1.1890697479248047,128,0.05524328351020813,0.03775151073932648,0.012416338548064232,0.05929575115442276,0.055384501814842224,,,,,,,,,,,,,0.3474758267402649,0.3118630647659302,,,0.0385049544274807,0.05929575115442276,0.03472398966550827,0.06293976306915283,1.0
pilot__lstm__s2__seed12,lstm,LSTM,s2,12,True,0.012160596437752247,ring-selected zero-retuning,0.001354528358206153,dwell,dwell_block96,blank block 96,96,,variable_sparsity,0.049000851809978485,True,1.0,1.1225513219833374,128,0.08332373946905136,0.053291190415620804,0.009351028129458427,0.0936259776353836,0.08803833276033401,,,,,,,,,,,,,0.3781617283821106,0.34309685230255127,,,0.0498102642595768,0.0936259776353836,0.04756718873977661,0.08182474970817566,1.0
pilot__lstm__s2__seed12,lstm,LSTM,s2,12,True,0.012160596437752247,ring-selected zero-retuning,0.0008630384691059589,id,id_h128,ID T=128,128,,variable_sparsity,0.04053046926856041,True,1.0,1.196302056312561,128,0.05516243353486061,0.037509121000766754,0.012600235641002655,0.059964798390865326,0.05284666642546654,0.5929614901542664,0.5435197353363037,0.12261037528514862,0.11185391992330551,0.7624829411506653,0.7229539752006531,0.8981652855873108,0.8964489698410034,0.2040359377861023,0.1938098669052124,1.25221586227417,1.3154563903808594,0.35724449157714844,0.32872194051742554,0.485695481300354,0.44523006677627563,0.03825283795595169,0.059964798390865326,0.033405400812625885,0.06291493773460388,1.0
pilot__lstm__s2__seed12,lstm,LSTM,s2,12,True,0.012160596437752247,ring-selected zero-retuning,0.01215306669473648,length,length_h1024,T=1024,1024,,variable_sparsity,0.17898604273796082,True,1.0,1.5051929950714111,1024,0.22774703800678253,0.14012914896011353,0.012671024538576603,0.2410435974597931,0.202985018491745,,,,,,,,,,,,,0.44178324937820435,0.4176527261734009,,,0.14964905381202698,0.2410435974597931,0.13714341819286346,0.2501016855239868,1.0
pilot__lstm__s2__seed12,lstm,LSTM,s2,12,True,0.012160596437752247,ring-selected zero-retuning,0.01861741580069065,length,length_h1536,T=1536,1536,,variable_sparsity,0.22017492353916168,True,1.0,1.5272283554077148,1536,0.2718718349933624,0.17779308557510376,0.012570835649967194,0.2937741279602051,0.2539907395839691,,,,,,,,,,,,,0.46603238582611084,0.42194145917892456,,,0.1881938874721527,0.2937741279602051,0.16264395415782928,0.30803361535072327,1.0
pilot__lstm__s2__seed12,lstm,LSTM,s2,12,True,0.012160596437752247,ring-selected zero-retuning,0.0013679683906957507,length,length_h192,T=192,192,,variable_sparsity,0.05384497717022896,True,1.0,1.277984619140625,192,0.07190950214862823,0.047030750662088394,0.012414011172950268,0.07822786271572113,0.06846946477890015,,,,,,,,,,,,,0.36875230073928833,0.3446747064590454,,,0.04869770631194115,0.07822786271572113,0.043664492666721344,0.07798431068658829,1.0
pilot__lstm__s2__seed12,lstm,LSTM,s2,12,True,0.012160596437752247,ring-selected zero-retuning,0.025355443358421326,length,length_h2048,T=2048,2048,,variable_sparsity,0.2580370604991913,True,1.0,1.54164457321167,2048,0.32013750076293945,0.2092072069644928,0.012609456665813923,0.34830039739608765,0.3107357919216156,,,,,,,,,,,,,0.5058432817459106,0.4357196092605591,,,0.2211797833442688,0.34830039739608765,0.1995745748281479,0.3600190281867981,1.0
pilot__lstm__s2__seed12,lstm,LSTM,s2,12,True,0.012160596437752247,ring-selected zero-retuning,0.0019534905441105366,length,length_h256,T=256,256,,variable_sparsity,0.06743839383125305,True,1.0,1.3367786407470703,256,0.08741914480924606,0.05543731153011322,0.012561475858092308,0.09550347924232483,0.08660374581813812,,,,,,,,,,,,,0.37755516171455383,0.3597980737686157,,,0.05837806686758995,0.09550347924232483,0.05312640964984894,0.09264568239450455,1.0
pilot__lstm__s2__seed12,lstm,LSTM,s2,12,True,0.012160596437752247,ring-selected zero-retuning,0.003287066938355565,length,length_h384,T=384,384,,variable_sparsity,0.09032436460256577,True,1.0,1.4008620977401733,384,0.11437089741230011,0.07111303508281708,0.012909723445773125,0.12732410430908203,0.11622709780931473,,,,,,,,,,,,,0.3772643506526947,0.36621904373168945,,,0.07582773268222809,0.12732410430908203,0.06912356615066528,0.11339764297008514,1.0
pilot__lstm__s2__seed12,lstm,LSTM,s2,12,True,0.012160596437752247,ring-selected zero-retuning,0.004825771786272526,length,length_h512,T=512,512,,variable_sparsity,0.11078011989593506,True,1.0,1.4333817958831787,512,0.14170648157596588,0.08629318326711655,0.012912187725305557,0.1563042849302292,0.14294247329235077,,,,,,,,,,,,,0.3882198929786682,0.3628996014595032,,,0.09229741990566254,0.1563042849302292,0.08371289074420929,0.13979285955429077,1.0
pilot__lstm__s2__seed12,lstm,LSTM,s2,12,True,0.012160596437752247,ring-selected zero-retuning,0.008510293439030647,length,length_h768,T=768,768,,variable_sparsity,0.1495348960161209,True,1.0,1.476723074913025,768,0.19329872727394104,0.11519486457109451,0.012800624594092369,0.21104925870895386,0.1985495239496231,,,,,,,,,,,,,0.38753625750541687,0.36527693271636963,,,0.12361638993024826,0.21104925870895386,0.11452917754650116,0.1973690390586853,1.0
pilot__lstm__s2__seed12,lstm,LSTM,s2,12,True,0.012160596437752247,ring-selected zero-retuning,0.0006311364122666419,velocity,velocity_x0p5,0.5x,0.5,,variable_sparsity,0.040293700993061066,True,1.0,1.1049447059631348,128,0.05144490674138069,0.03276693820953369,0.008243042975664139,0.05496855080127716,0.04981701821088791,,,,,,,,,,,,,0.3348427414894104,0.2985422909259796,,,0.034619688987731934,0.05496855080127716,0.031228985637426376,0.054951272904872894,0.5
pilot__lstm__s2__seed12,lstm,LSTM,s2,12,True,0.012160596437752247,ring-selected zero-retuning,0.0006204477977007627,velocity,velocity_x0p75,0.75x,0.75,,variable_sparsity,0.03839045390486717,True,1.0,1.169198751449585,128,0.05000053346157074,0.03262253850698471,0.009438322857022285,0.05417308956384659,0.04898659139871597,,,,,,,,,,,,,0.3577706217765808,0.33230507373809814,,,0.03404233977198601,0.05417308956384659,0.030949600040912628,0.053141362965106964,0.75
pilot__lstm__s2__seed12,lstm,LSTM,s2,12,True,0.012160596437752247,ring-selected zero-retuning,0.002004991052672267,velocity,velocity_x1p25,1.25x,1.25,,variable_sparsity,0.04829530045390129,True,1.0,1.2158229351043701,128,0.07188980281352997,0.05176898464560509,0.019142303615808487,0.07817857712507248,0.06352103501558304,,,,,,,,,,,,,0.3685148358345032,0.33143410086631775,,,0.050913918763399124,0.07817857712507248,0.039692752063274384,0.09266021102666855,1.25
pilot__lstm__s2__seed12,lstm,LSTM,s2,12,True,0.012160596437752247,ring-selected zero-retuning,0.00631024269387126,velocity,velocity_x1p5,1.5x,1.5,,variable_sparsity,0.06444381922483444,True,1.0,1.2319731712341309,128,0.1109195202589035,0.08381263166666031,0.029894229024648666,0.11867453157901764,0.07412158697843552,,,,,,,,,,,,,0.390310138463974,0.3660435676574707,,,0.0790449008345604,0.11867453157901764,0.04804137721657753,0.14813053607940674,1.5
pilot__lstm__s2__seed12,lstm,LSTM,s2,12,True,0.012160596437752247,ring-selected zero-retuning,0.042090706527233124,velocity,velocity_x2,2x,2.0,,variable_sparsity,0.14382585883140564,True,1.0,1.2675329446792603,128,0.30803027749061584,0.24301184713840485,0.06788244843482971,0.33371374011039734,0.13772663474082947,,,,,,,,,,,,,0.5047883987426758,0.36169394850730896,,,0.21859674155712128,0.33371374011039734,0.07846499979496002,0.5818935632705688,2.0
pilot__lstm__s2__seed12,lstm,LSTM,s2,12,True,0.012160596437752247,ring-selected zero-retuning,0.16026662290096283,velocity,velocity_x3,3x,3.0,,variable_sparsity,0.40821585059165955,True,1.0,1.278946876525879,128,0.827669084072113,0.7035011649131775,0.19264769554138184,0.9252039194107056,0.6845839023590088,,,,,,,,,,,,,0.9879064559936523,0.7646541595458984,,,0.630815327167511,0.9252039194107056,0.3883538544178009,1.5382020473480225,3.0
pilot__lstm__s2__seed12,lstm,LSTM,s2,12,True,0.012160596437752247,ring-selected zero-retuning,0.24528096616268158,velocity,velocity_x4,4x,4.0,,variable_sparsity,0.6154858469963074,True,1.0,1.2800923585891724,128,1.185638666152954,1.0651311874389648,0.3235560655593872,1.2250384092330933,1.229503870010376,,,,,,,,,,,,,1.2093968391418457,1.1179969310760498,,,0.9544488191604614,1.2250384092330933,0.9456475973129272,1.7411394119262695,4.0
broad__calru__s2__lr0p003_eta1000_i50__seed10,calru,CA-LRU,s2,10,True,0.02049138955771923,topology-specific validation-selected,0.0019363693427294493,smoothness,correlation_x0p5,ell=0.5x,0.5,,variable_sparsity,0.04563542827963829,True,0.5,1.2707858085632324,128,0.0868622213602066,0.06267285346984863,0.009800431318581104,0.09584249556064606,0.07888505607843399,,,,,,,,,,,,,0.09162618219852448,0.07670383900403976,,,0.05847901105880737,0.09584249556064606,0.04932811111211777,0.10087183862924576,1.0
broad__calru__s2__lr0p003_eta1000_i50__seed10,calru,CA-LRU,s2,10,True,0.02049138955771923,topology-specific validation-selected,0.002151698339730501,smoothness,correlation_x0p75,ell=0.75x,0.75,,variable_sparsity,0.04532066360116005,True,0.75,1.220813274383545,128,0.08976617455482483,0.06544795632362366,0.00979671347886324,0.0982101559638977,0.08124232292175293,,,,,,,,,,,,,0.09441211819648743,0.07531371712684631,,,0.060493528842926025,0.0982101559638977,0.051063843071460724,0.10551135987043381,1.0
broad__calru__s2__lr0p003_eta1000_i50__seed10,calru,CA-LRU,s2,10,True,0.02049138955771923,topology-specific validation-selected,0.0024885160382837057,smoothness,correlation_x1p5,ell=1.5x,1.5,,variable_sparsity,0.047279857099056244,True,1.5,1.1549341678619385,128,0.09633606672286987,0.06795986741781235,0.010923480615019798,0.10920146107673645,0.08494015783071518,,,,,,,,,,,,,0.10439613461494446,0.0754142478108406,,,0.06286938488483429,0.10920146107673645,0.05013790726661682,0.12184002995491028,1.0
broad__calru__s2__lr0p003_eta1000_i50__seed10,calru,CA-LRU,s2,10,True,0.02049138955771923,topology-specific validation-selected,0.0025347601622343063,smoothness,correlation_x2,ell=2x,2.0,,variable_sparsity,0.04702192172408104,True,2.0,1.1337003707885742,128,0.09785405546426773,0.06834132224321365,0.0110638327896595,0.10931234061717987,0.08398918062448502,,,,,,,,,,,,,0.10458870977163315,0.0789780393242836,,,0.06309345364570618,0.10931234061717987,0.049883998930454254,0.12281540781259537,1.0
broad__calru__s2__lr0p003_eta1000_i50__seed10,calru,CA-LRU,s2,10,True,0.02049138955771923,topology-specific validation-selected,0.0025499307084828615,smoothness,correlation_x3,ell=3x,3.0,,variable_sparsity,0.046593740582466125,True,3.0,1.1184860467910767,128,0.09871164709329605,0.06858662515878677,0.011103328317403793,0.1099683865904808,0.08061708509922028,,,,,,,,,,,,,0.10461778938770294,0.0750160664319992,,,0.06317298114299774,0.1099683865904808,0.05121626332402229,0.11816681921482086,1.0
broad__calru__s2__lr0p003_eta1000_i50__seed10,calru,CA-LRU,s2,10,True,0.02049138955771923,topology-specific validation-selected,0.002544706454500556,smoothness,correlation_x4,ell=4x,4.0,,variable_sparsity,0.04656058922410011,True,4.0,1.107108473777771,128,0.09875264018774033,0.06849800050258636,0.011119984090328217,0.11060065031051636,0.08006823807954788,,,,,,,,,,,,,0.10683050751686096,0.07739301770925522,,,0.0630979984998703,0.11060065031051636,0.04843686521053314,0.11619475483894348,1.0
broad__calru__s2__lr0p003_eta1000_i50__seed10,calru,CA-LRU,s2,10,True,0.02049138955771923,topology-specific validation-selected,0.00017048089648596942,dwell,dwell_block128,all blank 128,128,,all_blank,0.018485689535737038,True,1.0,0.0,128,0.01883995719254017,,0.007952656596899033,0.018839817494153976,0.01843247190117836,,,,,,,,,,,,,0.018840111792087555,0.01843247190117836,,,0.018485689535737038,0.018839817494153976,0.01786849834024906,0.029376013204455376,1.0
broad__calru__s2__lr0p003_eta1000_i50__seed10,calru,CA-LRU,s2,10,True,0.02049138955771923,topology-specific validation-selected,0.0013530431315302849,dwell,dwell_block32,blank block 32,32,,variable_sparsity,0.04524509608745575,True,1.0,1.163724660873413,128,0.06743355095386505,0.05248864367604256,0.009036034345626831,0.07690288126468658,0.06296650320291519,,,,,,,,,,,,,0.07401682436466217,0.06439856439828873,,,0.04933639615774155,0.07690288126468658,0.041594527661800385,0.08149346709251404,1.0
broad__calru__s2__lr0p003_eta1000_i50__seed10,calru,CA-LRU,s2,10,True,0.02049138955771923,topology-specific validation-selected,0.000775184656959027,dwell,dwell_block64,blank block 64,64,,variable_sparsity,0.03732834756374359,True,1.0,1.157697081565857,128,0.047975875437259674,0.04111107811331749,0.008472307585179806,0.054718971252441406,0.04764384403824806,,,,,,,,,,,,,0.055329229682683945,0.047577470541000366,,,0.038752757012844086,0.054718971252441406,0.03336818516254425,0.06631899625062943,1.0
broad__calru__s2__lr0p003_eta1000_i50__seed10,calru,CA-LRU,s2,10,True,0.02049138955771923,topology-specific validation-selected,0.0019919760525226593,dwell,dwell_block8,blank block 8,8,,variable_sparsity,0.0479266382753849,True,1.0,1.1890697479248047,128,0.08491559326648712,0.062088169157505035,0.00973457656800747,0.09487457573413849,0.07477150857448578,,,,,,,,,,,,,0.09014003723859787,0.07151635736227036,,,0.0579349622130394,0.09487457573413849,0.04695722460746765,0.10459763556718826,1.0
broad__calru__s2__lr0p003_eta1000_i50__seed10,calru,CA-LRU,s2,10,True,0.02049138955771923,topology-specific validation-selected,0.0005635330453515053,dwell,dwell_block96,blank block 96,96,,variable_sparsity,0.03275325894355774,True,1.0,1.1225513219833374,128,0.036487169563770294,0.033947546035051346,0.00812511332333088,0.041856855154037476,0.03714362159371376,,,,,,,,,,,,,0.04337219148874283,0.039367519319057465,,,0.03297857195138931,0.041856855154037476,0.027443036437034607,0.06121973693370819,1.0
broad__calru__s2__lr0p003_eta1000_i50__seed10,calru,CA-LRU,s2,10,True,0.02049138955771923,topology-specific validation-selected,0.0022892432752996683,id,id_h128,ID T=128,128,,variable_sparsity,0.046280670911073685,True,1.0,1.196302056312561,128,0.09152638912200928,0.06639215350151062,0.010084738954901695,0.10193680226802826,0.08317527174949646,0.09730198234319687,0.07913879305124283,0.09730203449726105,0.07913879305124283,0.09730198234319687,0.07913879305124283,0.09730198234319687,0.07913879305124283,0.09730198234319687,0.07913879305124283,0.09730198234319687,0.07913879305124283,0.09730198234319687,0.07913879305124283,0.09730198234319687,0.07913879305124283,0.061441611498594284,0.10193680226802826,0.04954487830400467,0.11215023696422577,1.0
broad__calru__s2__lr0p003_eta1000_i50__seed10,calru,CA-LRU,s2,10,True,0.02049138955771923,topology-specific validation-selected,0.12790259718894958,length,length_h1024,T=1024,1024,,variable_sparsity,0.2602103352546692,True,1.0,1.5051929950714111,1024,0.9602891206741333,0.6149063110351562,0.1465328335762024,1.0596299171447754,0.9986092448234558,,,,,,,,,,,,,1.0631295442581177,1.0067002773284912,,,0.5280061364173889,1.0596299171447754,0.49346932768821716,0.9383679628372192,1.0
broad__calru__s2__lr0p003_eta1000_i50__seed10,calru,CA-LRU,s2,10,True,0.02049138955771923,topology-specific validation-selected,0.20259425044059753,length,length_h1536,T=1536,1536,,variable_sparsity,0.39266037940979004,True,1.0,1.5272283554077148,1536,1.211318850517273,0.8614832758903503,0.1939053237438202,1.2481846809387207,1.1844322681427002,,,,,,,,,,,,,1.2460179328918457,1.1890982389450073,,,0.7464308142662048,1.2481846809387207,0.7786130905151367,1.2055256366729736,1.0
broad__calru__s2__lr0p003_eta1000_i50__seed10,calru,CA-LRU,s2,10,True,0.02049138955771923,topology-specific validation-selected,0.004398044664412737,length,length_h192,T=192,192,,variable_sparsity,0.05882730334997177,True,1.0,1.277984619140625,192,0.12985947728157043,0.09006740897893906,0.013079032301902771,0.14923833310604095,0.11656737327575684,,,,,,,,,,,,,0.14366589486598969,0.11205132305622101,,,0.08242517709732056,0.14923833310604095,0.0689261183142662,0.1641143262386322,1.0
broad__calru__s2__lr0p003_eta1000_i50__seed10,calru,CA-LRU,s2,10,True,0.02049138955771923,topology-specific validation-selected,0.2515268623828888,length,length_h2048,T=2048,2048,,variable_sparsity,0.5034187436103821,True,1.0,1.54164457321167,2048,1.2955334186553955,1.0072375535964966,0.2157675325870514,1.337770700454712,1.2738537788391113,,,,,,,,,,,,,1.3376061916351318,1.2953379154205322,,,0.8837064504623413,1.337770700454712,0.9517996907234192,1.4225151538848877,1.0
broad__calru__s2__lr0p003_eta1000_i50__seed10,calru,CA-LRU,s2,10,True,0.02049138955771923,topology-specific validation-selected,0.00783483125269413,length,length_h256,T=256,256,,variable_sparsity,0.07289555668830872,True,1.0,1.3367786407470703,256,0.17831087112426758,0.11727020144462585,0.01821364276111126,0.2102920114994049,0.1483008712530136,,,,,,,,,,,,,0.20856249332427979,0.1450747847557068,,,0.10639660060405731,0.2102920114994049,0.08883196115493774,0.2014455795288086,1.0
broad__calru__s2__lr0p003_eta1000_i50__seed10,calru,CA-LRU,s2,10,True,0.02049138955771923,topology-specific validation-selected,0.01836308464407921,length,length_h384,T=384,384,,variable_sparsity,0.10094413161277771,True,1.0,1.4008620977401733,384,0.29198572039604187,0.18296219408512115,0.03386925160884857,0.3520174026489258,0.25841671228408813,,,,,,,,,,,,,0.3528037369251251,0.2613959014415741,,,0.16283397376537323,0.3520174026489258,0.13349932432174683,0.2821957468986511,1.0
broad__calru__s2__lr0p003_eta1000_i50__seed10,calru,CA-LRU,s2,10,True,0.02049138955771923,topology-specific validation-selected,0.035485558211803436,length,length_h512,T=512,512,,variable_sparsity,0.1286419779062271,True,1.0,1.4333817958831787,512,0.43950435519218445,0.26557856798171997,0.05403963103890419,0.5064019560813904,0.39695554971694946,,,,,,,,,,,,,0.5079892873764038,0.39622488617897034,,,0.23200157284736633,0.5064019560813904,0.19584709405899048,0.4423842430114746,1.0
broad__calru__s2__lr0p003_eta1000_i50__seed10,calru,CA-LRU,s2,10,True,0.02049138955771923,topology-specific validation-selected,0.0814322903752327,length,length_h768,T=768,768,,variable_sparsity,0.1919066309928894,True,1.0,1.476723074913025,768,0.7295712232589722,0.4462988078594208,0.10380955785512924,0.8428724408149719,0.7386557459831238,,,,,,,,,,,,,0.8473362922668457,0.7485536336898804,,,0.3839118480682373,0.8428724408149719,0.3360510766506195,0.7576634883880615,1.0
broad__calru__s2__lr0p003_eta1000_i50__seed10,calru,CA-LRU,s2,10,True,0.02049138955771923,topology-specific validation-selected,0.0007066336693242192,velocity,velocity_x0p5,0.5x,0.5,,variable_sparsity,0.027153892442584038,True,1.0,1.1049447059631348,128,0.04688245803117752,0.03955523669719696,0.008078708313405514,0.050742246210575104,0.04346868395805359,,,,,,,,,,,,,0.048466309905052185,0.04066815972328186,,,0.03650258854031563,0.050742246210575104,0.033655084669589996,0.06169732287526131,0.5
broad__calru__s2__lr0p003_eta1000_i50__seed10,calru,CA-LRU,s2,10,True,0.02049138955771923,topology-specific validation-selected,0.001270146225579083,velocity,velocity_x0p75,0.75x,0.75,,variable_sparsity,0.034395575523376465,True,1.0,1.169198751449585,128,0.0678493082523346,0.05183029547333717,0.008699880912899971,0.07479365915060043,0.06358673423528671,,,,,,,,,,,,,0.0707026794552803,0.06002490967512131,,,0.04753866046667099,0.07479365915060043,0.04062239080667496,0.08278830349445343,0.75
broad__calru__s2__lr0p003_eta1000_i50__seed10,calru,CA-LRU,s2,10,True,0.02049138955771923,topology-specific validation-selected,0.004142981953918934,velocity,velocity_x1p25,1.25x,1.25,,variable_sparsity,0.06236434355378151,True,1.0,1.2158229351043701,128,0.12165436148643494,0.08419603854417801,0.013883039355278015,0.13526955246925354,0.10157211124897003,,,,,,,,,,,,,0.1308782547712326,0.10037531703710556,,,0.0788220688700676,0.13526955246925354,0.05911249667406082,0.15150371193885803,1.25
broad__calru__s2__lr0p003_eta1000_i50__seed10,calru,CA-LRU,s2,10,True,0.02049138955771923,topology-specific validation-selected,0.010435407981276512,velocity,velocity_x1p5,1.5x,1.5,,variable_sparsity,0.09029990434646606,True,1.0,1.2319731712341309,128,0.18098777532577515,0.1174849271774292,0.02053593099117279,0.20772361755371094,0.13012319803237915,,,,,,,,,,,,,0.2023681402206421,0.13179105520248413,,,0.11079320311546326,0.20772361755371094,0.07673749327659607,0.2268291860818863,1.5
broad__calru__s2__lr0p003_eta1000_i50__seed10,calru,CA-LRU,s2,10,True,0.02049138955771923,topology-specific validation-selected,0.04646745324134827,velocity,velocity_x2,2x,2.0,,variable_sparsity,0.21205170452594757,True,1.0,1.2675329446792603,128,0.38313138484954834,0.24785566329956055,0.04494383931159973,0.41120240092277527,0.22336804866790771,,,,,,,,,,,,,0.4086192846298218,0.2168838083744049,,,0.23904234170913696,0.41120240092277527,0.11917952448129654,0.6189242005348206,2.0
broad__calru__s2__lr0p003_eta1000_i50__seed10,calru,CA-LRU,s2,10,True,0.02049138955771923,topology-specific validation-selected,0.16123853623867035,velocity,velocity_x3,3x,3.0,,variable_sparsity,0.5502073764801025,True,1.0,1.278946876525879,128,0.8515700101852417,0.6184512376785278,0.12029771506786346,0.931404709815979,0.6582736968994141,,,,,,,,,,,,,0.9335801005363464,0.6685936450958252,,,0.6016527414321899,0.931404709815979,0.34760811924934387,1.4757778644561768,3.0
broad__calru__s2__lr0p003_eta1000_i50__seed10,calru,CA-LRU,s2,10,True,0.02049138955771923,topology-specific validation-selected,0.26221969723701477,velocity,velocity_x4,4x,4.0,,variable_sparsity,0.7618937492370605,True,1.0,1.2800923585891724,128,1.1909235715866089,0.9581979513168335,0.188554584980011,1.2545043230056763,1.0971148014068604,,,,,,,,,,,,,1.2570022344589233,1.105284333229065,,,0.9098767042160034,1.2545043230056763,0.9029393196105957,1.591827392578125,4.0
refine__calru__s2__lr0p003_eta1000_i50__seed11,calru,CA-LRU,s2,11,False,0.04839681088924408,topology-specific validation-selected,0.010129306465387344,smoothness,correlation_x0p5,ell=0.5x,0.5,,variable_sparsity,0.09864293783903122,True,0.5,1.2707858085632324,128,0.18147492408752441,0.14601722359657288,0.034159597009420395,0.19452333450317383,0.16596458852291107,,,,,,,,,,,,,0.1973569244146347,0.16891232132911682,,,0.1343558132648468,0.19452333450317383,0.11541994661092758,0.22055044770240784,1.0
refine__calru__s2__lr0p003_eta1000_i50__seed11,calru,CA-LRU,s2,11,False,0.04839681088924408,topology-specific validation-selected,0.010508744046092033,smoothness,correlation_x0p75,ell=0.75x,0.75,,variable_sparsity,0.10019432008266449,True,0.75,1.220813274383545,128,0.18572980165481567,0.1470687836408615,0.03464191406965256,0.20073886215686798,0.1665516495704651,,,,,,,,,,,,,0.20338964462280273,0.16265146434307098,,,0.13553041219711304,0.20073886215686798,0.1142074465751648,0.22622033953666687,1.0
refine__calru__s2__lr0p003_eta1000_i50__seed11,calru,CA-LRU,s2,11,False,0.04839681088924408,topology-specific validation-selected,0.013111663982272148,smoothness,correlation_x1p5,ell=1.5x,1.5,,variable_sparsity,0.11313685774803162,True,1.5,1.1549341678619385,128,0.21757088601589203,0.16112610697746277,0.03536657616496086,0.2407720386981964,0.19076575338840485,,,,,,,,,,,,,0.2465919852256775,0.1938766986131668,,,0.1493133306503296,0.2407720386981964,0.12179963290691376,0.25318819284439087,1.0
refine__calru__s2__lr0p003_eta1000_i50__seed11,calru,CA-LRU,s2,11,False,0.04839681088924408,topology-specific validation-selected,0.013744737021625042,smoothness,correlation_x2,ell=2x,2.0,,variable_sparsity,0.1160229742527008,True,2.0,1.1337003707885742,128,0.22501921653747559,0.16433197259902954,0.03553087264299393,0.24698927998542786,0.18586310744285583,,,,,,,,,,,,,0.2535330057144165,0.19738304615020752,,,0.15244048833847046,0.24698927998542786,0.12586753070354462,0.27214646339416504,1.0
refine__calru__s2__lr0p003_eta1000_i50__seed11,calru,CA-LRU,s2,11,False,0.04839681088924408,topology-specific validation-selected,0.013923144899308681,smoothness,correlation_x3,ell=3x,3.0,,variable_sparsity,0.11672492325305939,True,3.0,1.1184860467910767,128,0.22788746654987335,0.16585080325603485,0.03583155572414398,0.2524680495262146,0.19430717825889587,,,,,,,,,,,,,0.2589847445487976,0.19679954648017883,,,0.1537582278251648,0.2524680495262146,0.12467337399721146,0.2786533832550049,1.0
refine__calru__s2__lr0p003_eta1000_i50__seed11,calru,CA-LRU,s2,11,False,0.04839681088924408,topology-specific validation-selected,0.014052710495889187,smoothness,correlation_x4,ell=4x,4.0,,variable_sparsity,0.11736103147268295,True,4.0,1.107108473777771,128,0.23052403330802917,0.1666007786989212,0.035964347422122955,0.255069375038147,0.1991264671087265,,,,,,,,,,,,,0.260750949382782,0.20128799974918365,,,0.1544801890850067,0.255069375038147,0.12600772082805634,0.27913880348205566,1.0
refine__calru__s2__lr0p003_eta1000_i50__seed11,calru,CA-LRU,s2,11,False,0.04839681088924408,topology-specific validation-selected,0.0021384130232036114,dwell,dwell_block128,all blank 128,128,,all_blank,0.06726732850074768,True,1.0,0.0,128,0.06726805865764618,,0.029622137546539307,0.06726807355880737,0.06768084317445755,,,,,,,,,,,,,0.06726807355880737,0.06768084317445755,,,0.06726732850074768,0.06726807355880737,0.06822630763053894,0.09499319642782211,1.0
refine__calru__s2__lr0p003_eta1000_i50__seed11,calru,CA-LRU,s2,11,False,0.04839681088924408,topology-specific validation-selected,0.007894743233919144,dwell,dwell_block32,blank block 32,32,,variable_sparsity,0.10930401086807251,True,1.0,1.163724660873413,128,0.15227067470550537,0.12699845433235168,0.03397567570209503,0.1625310480594635,0.13292109966278076,,,,,,,,,,,,,0.16768383979797363,0.13852231204509735,,,0.11929816007614136,0.1625310480594635,0.10155166685581207,0.2010115385055542,1.0
refine__calru__s2__lr0p003_eta1000_i50__seed11,calru,CA-LRU,s2,11,False,0.04839681088924408,topology-specific validation-selected,0.00525351008400321,dwell,dwell_block64,blank block 64,64,,variable_sparsity,0.09671233594417572,True,1.0,1.157697081565857,128,0.11470922827720642,0.1053413525223732,0.03308524191379547,0.12877899408340454,0.11151859909296036,,,,,,,,,,,,,0.13175815343856812,0.11661195009946823,,,0.09996165335178375,0.12877899408340454,0.08762145787477493,0.15376609563827515,1.0
refine__calru__s2__lr0p003_eta1000_i50__seed11,calru,CA-LRU,s2,11,False,0.04839681088924408,topology-specific validation-selected,0.01041393168270588,dwell,dwell_block8,blank block 8,8,,variable_sparsity,0.11150793731212616,True,1.0,1.1890697479248047,128,0.1820429116487503,0.14565840363502502,0.03459273651242256,0.19627216458320618,0.162224680185318,,,,,,,,,,,,,0.20088210701942444,0.16463084518909454,,,0.13564296066761017,0.19627216458320618,0.11629298329353333,0.21692484617233276,1.0
refine__calru__s2__lr0p003_eta1000_i50__seed11,calru,CA-LRU,s2,11,False,0.04839681088924408,topology-specific validation-selected,0.0036235316656529903,dwell,dwell_block96,blank block 96,96,,variable_sparsity,0.08572829514741898,True,1.0,1.1225513219833374,128,0.08916806429624557,0.08714134246110916,0.03280545771121979,0.09685827791690826,0.08934448659420013,,,,,,,,,,,,,0.09898708760738373,0.09143830090761185,,,0.08599486947059631,0.09685827791690826,0.07776755839586258,0.1392485648393631,1.0
refine__calru__s2__lr0p003_eta1000_i50__seed11,calru,CA-LRU,s2,11,False,0.04839681088924408,topology-specific validation-selected,0.011462673544883728,id,id_h128,ID T=128,128,,variable_sparsity,0.10673075169324875,True,1.0,1.196302056312561,128,0.19498832523822784,0.15253908932209015,0.03524257242679596,0.21018126606941223,0.16547681391239166,0.21373221278190613,0.169844388961792,0.21373219788074493,0.169844388961792,0.21373221278190613,0.169844388961792,0.21373221278190613,0.169844388961792,0.21373221278190613,0.169844388961792,0.21373221278190613,0.169844388961792,0.21373221278190613,0.169844388961792,0.21373221278190613,0.169844388961792,0.14126315712928772,0.21018126606941223,0.11951188743114471,0.22982293367385864,1.0
refine__calru__s2__lr0p003_eta1000_i50__seed11,calru,CA-LRU,s2,11,False,0.04839681088924408,topology-specific validation-selected,0.2121710479259491,length,length_h1024,T=1024,1024,,variable_sparsity,0.37231484055519104,True,1.0,1.5051929950714111,1024,1.1373835802078247,0.854396402835846,0.11023136973381042,1.1910624504089355,1.1882944107055664,,,,,,,,,,,,,1.1916961669921875,1.187214970588684,,,0.7362868785858154,1.1910624504089355,0.7147200107574463,1.2463030815124512,1.0
refine__calru__s2__lr0p003_eta1000_i50__seed11,calru,CA-LRU,s2,11,False,0.04839681088924408,topology-specific validation-selected,0.27621546387672424,length,length_h1536,T=1536,1536,,variable_sparsity,0.5222306251525879,True,1.0,1.5272283554077148,1536,1.3008012771606445,1.0489343404769897,0.15436767041683197,1.352964162826538,1.2915127277374268,,,,,,,,,,,,,1.3531322479248047,1.2762625217437744,,,0.9196774959564209,1.352964162826538,0.9613099098205566,1.4513343572616577,1.0
refine__calru__s2__lr0p003_eta1000_i50__seed11,calru,CA-LRU,s2,11,False,0.04839681088924408,topology-specific validation-selected,0.017989249899983406,length,length_h192,T=192,192,,variable_sparsity,0.12235195934772491,True,1.0,1.277984619140625,192,0.2561587691307068,0.1938207745552063,0.03691644221544266,0.2967686653137207,0.2306155413389206,,,,,,,,,,,,,0.3050084114074707,0.23389239609241486,,,0.17633745074272156,0.2967686653137207,0.14345306158065796,0.31854522228240967,1.0
refine__calru__s2__lr0p003_eta1000_i50__seed11,calru,CA-LRU,s2,11,False,0.04839681088924408,topology-specific validation-selected,0.31366145610809326,length,length_h2048,T=2048,2048,,variable_sparsity,0.6416658759117126,True,1.0,1.54164457321167,2048,1.383638620376587,1.16365385055542,0.18930503726005554,1.4246430397033691,1.409773588180542,,,,,,,,,,,,,1.4224536418914795,1.4275850057601929,,,1.035667896270752,1.4246430397033691,1.0947157144546509,1.503814935684204,1.0
refine__calru__s2__lr0p003_eta1000_i50__seed11,calru,CA-LRU,s2,11,False,0.04839681088924408,topology-specific validation-selected,0.02761693112552166,length,length_h256,T=256,256,,variable_sparsity,0.14094991981983185,True,1.0,1.3367786407470703,256,0.33969753980636597,0.24191902577877045,0.03988998010754585,0.3871757388114929,0.2878245711326599,,,,,,,,,,,,,0.3939979672431946,0.2864038646221161,,,0.21717746555805206,0.3871757388114929,0.17425748705863953,0.4087590277194977,1.0
refine__calru__s2__lr0p003_eta1000_i50__seed11,calru,CA-LRU,s2,11,False,0.04839681088924408,topology-specific validation-selected,0.05689988657832146,length,length_h384,T=384,384,,variable_sparsity,0.1786903738975525,True,1.0,1.4008620977401733,384,0.5338019728660583,0.35675057768821716,0.048299044370651245,0.6163605451583862,0.47448834776878357,,,,,,,,,,,,,0.621429443359375,0.47237786650657654,,,0.3130524158477783,0.6163605451583862,0.2550732493400574,0.5976539850234985,1.0
refine__calru__s2__lr0p003_eta1000_i50__seed11,calru,CA-LRU,s2,11,False,0.04839681088924408,topology-specific validation-selected,0.09617069363594055,length,length_h512,T=512,512,,variable_sparsity,0.21853339672088623,True,1.0,1.4333817958831787,512,0.7488208413124084,0.4880901277065277,0.058226849883794785,0.8550171852111816,0.6699972152709961,,,,,,,,,,,,,0.8594685792922974,0.6703183650970459,,,0.42199450731277466,0.8550171852111816,0.35750898718833923,0.8129562139511108,1.0
refine__calru__s2__lr0p003_eta1000_i50__seed11,calru,CA-LRU,s2,11,False,0.04839681088924408,topology-specific validation-selected,0.16312377154827118,length,length_h768,T=768,768,,variable_sparsity,0.2936842441558838,True,1.0,1.476723074913025,768,0.9876457452774048,0.7029579877853394,0.08435159921646118,1.0350114107131958,0.9651001691818237,,,,,,,,,,,,,1.037638783454895,0.9702011942863464,,,0.6025879979133606,1.0350114107131958,0.556888222694397,1.1216180324554443,1.0
refine__calru__s2__lr0p003_eta1000_i50__seed11,calru,CA-LRU,s2,11,False,0.04839681088924408,topology-specific validation-selected,0.0045308200642466545,velocity,velocity_x0p5,0.5x,0.5,,variable_sparsity,0.07569359987974167,True,1.0,1.1049447059631348,128,0.11719679087400436,0.0992182195186615,0.033095791935920715,0.12708057463169098,0.11208701878786087,,,,,,,,,,,,,0.12923158705234528,0.11031996458768845,,,0.09342752397060394,0.12708057463169098,0.0868462324142456,0.1359887719154358,0.5
refine__calru__s2__lr0p003_eta1000_i50__seed11,calru,CA-LRU,s2,11,False,0.04839681088924408,topology-specific validation-selected,0.0070234499871730804,velocity,velocity_x0p75,0.75x,0.75,,variable_sparsity,0.0869729146361351,True,1.0,1.169198751449585,128,0.15012426674365997,0.12150145322084427,0.03383251279592514,0.15966394543647766,0.13628077507019043,,,,,,,,,,,,,0.16332288086414337,0.1380765438079834,,,0.11300208419561386,0.15966394543647766,0.10244981199502945,0.17504329979419708,0.75
refine__calru__s2__lr0p003_eta1000_i50__seed11,calru,CA-LRU,s2,11,False,0.04839681088924408,topology-specific validation-selected,0.019222073256969452,velocity,velocity_x1p25,1.25x,1.25,,variable_sparsity,0.13103659451007843,True,1.0,1.2158229351043701,128,0.25808364152908325,0.19390472769737244,0.037616997957229614,0.2859956920146942,0.20349441468715668,,,,,,,,,,,,,0.29294413328170776,0.2075052261352539,,,0.17842942476272583,0.2859956920146942,0.13954070210456848,0.3333083987236023,1.25
refine__calru__s2__lr0p003_eta1000_i50__seed11,calru,CA-LRU,s2,11,False,0.04839681088924408,topology-specific validation-selected,0.03357245773077011,velocity,velocity_x1p5,1.5x,1.5,,variable_sparsity,0.1678328663110733,True,1.0,1.2319731712341309,128,0.35176563262939453,0.25194215774536133,0.04192390292882919,0.39765751361846924,0.27044758200645447,,,,,,,,,,,,,0.4079846143722534,0.2690572738647461,,,0.2312382608652115,0.39765751361846924,0.1639108806848526,0.46206945180892944,1.5
refine__calru__s2__lr0p003_eta1000_i50__seed11,calru,CA-LRU,s2,11,False,0.04839681088924408,topology-specific validation-selected,0.09120649099349976,velocity,velocity_x2,2x,2.0,,variable_sparsity,0.2984811067581177,True,1.0,1.2675329446792603,128,0.6025646924972534,0.4228333830833435,0.05724392831325531,0.6811294555664062,0.4526655673980713,,,,,,,,,,,,,0.695183277130127,0.46186184883117676,,,0.3922234773635864,0.6811294555664062,0.2424507439136505,0.9172145128250122,2.0
refine__calru__s2__lr0p003_eta1000_i50__seed11,calru,CA-LRU,s2,11,False,0.04839681088924408,topology-specific validation-selected,0.2241777777671814,velocity,velocity_x3,3x,3.0,,variable_sparsity,0.6056855320930481,True,1.0,1.278946876525879,128,1.0718286037445068,0.813498854637146,0.10929416120052338,1.1642369031906128,0.9704287052154541,,,,,,,,,,,,,1.1783547401428223,0.9827980399131775,,,0.7623445987701416,1.1642369031906128,0.6545478105545044,1.5502896308898926,3.0
refine__calru__s2__lr0p003_eta1000_i50__seed11,calru,CA-LRU,s2,11,False,0.04839681088924408,topology-specific validation-selected,0.32031649351119995,velocity,velocity_x4,4x,4.0,,variable_sparsity,0.8192852735519409,True,1.0,1.2800923585891724,128,1.2970525026321411,1.108521819114685,0.17344731092453003,1.3234204053878784,1.3022974729537964,,,,,,,,,,,,,1.3317005634307861,1.3588223457336426,,,1.0373249053955078,1.3234204053878784,1.137643814086914,1.717084288597107,4.0
refine__calru__s2__lr0p003_eta1000_i50__seed12,calru,CA-LRU,s2,12,False,0.02780994400382042,topology-specific validation-selected,0.00452928151935339,smoothness,correlation_x0p5,ell=0.5x,0.5,,variable_sparsity,0.057987671345472336,True,0.5,1.2707858085632324,128,0.12479354441165924,0.09186117351055145,0.01501314714550972,0.1372138112783432,0.1073596179485321,,,,,,,,,,,,,0.1447305679321289,0.11693272739648819,,,0.08352304995059967,0.1372138112783432,0.06803615391254425,0.14982450008392334,1.0
refine__calru__s2__lr0p003_eta1000_i50__seed12,calru,CA-LRU,s2,12,False,0.02780994400382042,topology-specific validation-selected,0.005216868128627539,smoothness,correlation_x0p75,ell=0.75x,0.75,,variable_sparsity,0.05968966707587242,True,0.75,1.220813274383545,128,0.12955352663993835,0.09394672513008118,0.015569555573165417,0.1448403000831604,0.11603366583585739,,,,,,,,,,,,,0.15619762241840363,0.12880787253379822,,,0.08551418781280518,0.1448403000831604,0.062313638627529144,0.1666507124900818,1.0
refine__calru__s2__lr0p003_eta1000_i50__seed12,calru,CA-LRU,s2,12,False,0.02780994400382042,topology-specific validation-selected,0.006598782725632191,smoothness,correlation_x1p5,ell=1.5x,1.5,,variable_sparsity,0.06515099853277206,True,1.5,1.1549341678619385,128,0.14550825953483582,0.0985347107052803,0.01689777337014675,0.16584639251232147,0.11060868948698044,,,,,,,,,,,,,0.18063879013061523,0.13584309816360474,,,0.09031715244054794,0.16584639251232147,0.061390943825244904,0.17591407895088196,1.0
refine__calru__s2__lr0p003_eta1000_i50__seed12,calru,CA-LRU,s2,12,False,0.02780994400382042,topology-specific validation-selected,0.006949793081730604,smoothness,correlation_x2,ell=2x,2.0,,variable_sparsity,0.06633023917675018,True,2.0,1.1337003707885742,128,0.1494615375995636,0.09976903349161148,0.0170375294983387,0.17312359809875488,0.10793546587228775,,,,,,,,,,,,,0.18694257736206055,0.12114813178777695,,,0.09153792262077332,0.17312359809875488,0.062355782836675644,0.1746698021888733,1.0
refine__calru__s2__lr0p003_eta1000_i50__seed12,calru,CA-LRU,s2,12,False,0.02780994400382042,topology-specific validation-selected,0.007102552801370621,smoothness,correlation_x3,ell=3x,3.0,,variable_sparsity,0.06645533442497253,True,3.0,1.1184860467910767,128,0.15133440494537354,0.10024906694889069,0.01705818995833397,0.17519992589950562,0.11472897976636887,,,,,,,,,,,,,0.1890423595905304,0.1182369664311409,,,0.0919305756688118,0.17519992589950562,0.06343108415603638,0.18295705318450928,1.0
refine__calru__s2__lr0p003_eta1000_i50__seed12,calru,CA-LRU,s2,12,False,0.02780994400382042,topology-specific validation-selected,0.007143824826925993,smoothness,correlation_x4,ell=4x,4.0,,variable_sparsity,0.06619737297296524,True,4.0,1.107108473777771,128,0.15194296836853027,0.1004072055220604,0.017082329839468002,0.1777336448431015,0.1139620915055275,,,,,,,,,,,,,0.19060635566711426,0.12123046815395355,,,0.091986283659935,0.1777336448431015,0.060635991394519806,0.18542084097862244,1.0
refine__calru__s2__lr0p003_eta1000_i50__seed12,calru,CA-LRU,s2,12,False,0.02780994400382042,topology-specific validation-selected,0.00021960718731861562,dwell,dwell_block128,all blank 128,128,,all_blank,0.020765669643878937,True,1.0,0.0,128,0.020858783274888992,,0.00968487560749054,0.020858924835920334,0.019792282953858376,,,,,,,,,,,,,0.02085868827998638,0.01978927105665207,,,0.020765669643878937,0.020858924835920334,0.019656484946608543,0.03577253594994545,1.0
refine__calru__s2__lr0p003_eta1000_i50__seed12,calru,CA-LRU,s2,12,False,0.02780994400382042,topology-specific validation-selected,0.003813821356743574,dwell,dwell_block32,blank block 32,32,,variable_sparsity,0.06764242053031921,True,1.0,1.163724660873413,128,0.10736796259880066,0.08009276539087296,0.012974191457033157,0.12148527801036835,0.09456147998571396,,,,,,,,,,,,,0.13286980986595154,0.10507534444332123,,,0.07467462122440338,0.12148527801036835,0.053915899246931076,0.14261749386787415,1.0
refine__calru__s2__lr0p003_eta1000_i50__seed12,calru,CA-LRU,s2,12,False,0.02780994400382042,topology-specific validation-selected,0.002273435704410076,dwell,dwell_block64,blank block 64,64,,variable_sparsity,0.05951531603932381,True,1.0,1.157697081565857,128,0.07434684038162231,0.060792967677116394,0.010570954531431198,0.08523926138877869,0.06874334812164307,,,,,,,,,,,,,0.0930846780538559,0.07521462440490723,,,0.05999642610549927,0.08523926138877869,0.042666733264923096,0.10603127628564835,1.0
refine__calru__s2__lr0p003_eta1000_i50__seed12,calru,CA-LRU,s2,12,False,0.02780994400382042,topology-specific validation-selected,0.005338002927601337,dwell,dwell_block8,blank block 8,8,,variable_sparsity,0.0662030503153801,True,1.0,1.1890697479248047,128,0.13137497007846832,0.09285927563905716,0.015304647386074066,0.14658328890800476,0.11262396723031998,,,,,,,,,,,,,0.16008210182189941,0.12682901322841644,,,0.08504170179367065,0.14658328890800476,0.06191316992044449,0.16316667199134827,1.0
refine__calru__s2__lr0p003_eta1000_i50__seed12,calru,CA-LRU,s2,12,False,0.02780994400382042,topology-specific validation-selected,0.001156278420239687,dwell,dwell_block96,blank block 96,96,,variable_sparsity,0.04487527906894684,True,1.0,1.1225513219833374,128,0.04908563196659088,0.044486433267593384,0.00912689883261919,0.05723908171057701,0.04415188357234001,,,,,,,,,,,,,0.06327015161514282,0.05385376513004303,,,0.04480191692709923,0.05723908171057701,0.0359332449734211,0.08317647874355316,1.0
refine__calru__s2__lr0p003_eta1000_i50__seed12,calru,CA-LRU,s2,12,False,0.02780994400382042,topology-specific validation-selected,0.005899490788578987,id,id_h128,ID T=128,128,,variable_sparsity,0.06222376227378845,True,1.0,1.196302056312561,128,0.1400059014558792,0.09709735214710236,0.01627505011856556,0.15864995121955872,0.12044376879930496,0.17183102667331696,0.13484521210193634,0.17183105647563934,0.13484521210193634,0.17183102667331696,0.13484521210193634,0.17183102667331696,0.13484521210193634,0.17183102667331696,0.13484521210193634,0.17183102667331696,0.13484521210193634,0.17183102667331696,0.13484521210193634,0.17183102667331696,0.13484521210193634,0.08851304650306702,0.15864995121955872,0.06287705898284912,0.16887915134429932,1.0
refine__calru__s2__lr0p003_eta1000_i50__seed12,calru,CA-LRU,s2,12,False,0.02780994400382042,topology-specific validation-selected,0.187382310628891,length,length_h1024,T=1024,1024,,variable_sparsity,0.30457764863967896,True,1.0,1.5051929950714111,1024,1.091519832611084,0.8060174584388733,0.13681048154830933,1.1543469429016113,1.010058045387268,,,,,,,,,,,,,1.1592750549316406,1.0073459148406982,,,0.6831652522087097,1.1543469429016113,0.7023839950561523,1.178833246231079,1.0
refine__calru__s2__lr0p003_eta1000_i50__seed12,calru,CA-LRU,s2,12,False,0.02780994400382042,topology-specific validation-selected,0.24389119446277618,length,length_h1536,T=1536,1536,,variable_sparsity,0.4407530725002289,True,1.0,1.5272283554077148,1536,1.234736680984497,1.0004465579986572,0.19527630507946014,1.2479112148284912,1.1617465019226074,,,,,,,,,,,,,1.2473610639572144,1.1519901752471924,,,0.8630937933921814,1.2479112148284912,0.9170388579368591,1.4049444198608398,1.0
refine__calru__s2__lr0p003_eta1000_i50__seed12,calru,CA-LRU,s2,12,False,0.02780994400382042,topology-specific validation-selected,0.011342992074787617,length,length_h192,T=192,192,,variable_sparsity,0.07682391256093979,True,1.0,1.277984619140625,192,0.2089049518108368,0.1410621851682663,0.02178489975631237,0.24112209677696228,0.19763970375061035,,,,,,,,,,,,,0.25338396430015564,0.2118964046239853,,,0.12534765899181366,0.24112209677696228,0.10188253968954086,0.23830361664295197,1.0
refine__calru__s2__lr0p003_eta1000_i50__seed12,calru,CA-LRU,s2,12,False,0.02780994400382042,topology-specific validation-selected,0.27698808908462524,length,length_h2048,T=2048,2048,,variable_sparsity,0.5520908236503601,True,1.0,1.54164457321167,2048,1.3530982732772827,1.1264126300811768,0.24054238200187683,1.342735767364502,1.2350057363510132,,,,,,,,,,,,,1.3420891761779785,1.241485834121704,,,0.9855948686599731,1.342735767364502,1.0400751829147339,1.5374958515167236,1.0
refine__calru__s2__lr0p003_eta1000_i50__seed12,calru,CA-LRU,s2,12,False,0.02780994400382042,topology-specific validation-selected,0.020116742700338364,length,length_h256,T=256,256,,variable_sparsity,0.09404589235782623,True,1.0,1.3367786407470703,256,0.3022662401199341,0.19409291446208954,0.02918628416955471,0.3622339367866516,0.27315640449523926,,,,,,,,,,,,,0.37298211455345154,0.27942997217178345,,,0.16957730054855347,0.3622339367866516,0.14174702763557434,0.323508083820343,1.0
refine__calru__s2__lr0p003_eta1000_i50__seed12,calru,CA-LRU,s2,12,False,0.02780994400382042,topology-specific validation-selected,0.048669617623090744,length,length_h384,T=384,384,,variable_sparsity,0.1302059143781662,True,1.0,1.4008620977401733,384,0.5108233690261841,0.32043373584747314,0.04726610705256462,0.5988853573799133,0.4669235646724701,,,,,,,,,,,,,0.6055586338043213,0.4667242467403412,,,0.27374953031539917,0.5988853573799133,0.23079173266887665,0.569175660610199,1.0
refine__calru__s2__lr0p003_eta1000_i50__seed12,calru,CA-LRU,s2,12,False,0.02780994400382042,topology-specific validation-selected,0.08237835764884949,length,length_h512,T=512,512,,variable_sparsity,0.1652318686246872,True,1.0,1.4333817958831787,512,0.6889462471008301,0.446521133184433,0.06719749420881271,0.7817946672439575,0.6609694361686707,,,,,,,,,,,,,0.7861313819885254,0.6836378574371338,,,0.3775486946105957,0.7817946672439575,0.3309743404388428,0.7701412439346313,1.0
refine__calru__s2__lr0p003_eta1000_i50__seed12,calru,CA-LRU,s2,12,False,0.02780994400382042,topology-specific validation-selected,0.1410341113805771,length,length_h768,T=768,768,,variable_sparsity,0.23077081143856049,True,1.0,1.476723074913025,768,0.9137396812438965,0.6498124599456787,0.10309742391109467,1.0288898944854736,0.9331748485565186,,,,,,,,,,,,,1.0254369974136353,0.9367892742156982,,,0.5470470190048218,1.0288898944854736,0.5298153162002563,1.003929853439331,1.0
refine__calru__s2__lr0p003_eta1000_i50__seed12,calru,CA-LRU,s2,12,False,0.02780994400382042,topology-specific validation-selected,0.0011447337456047535,velocity,velocity_x0p5,0.5x,0.5,,variable_sparsity,0.03357910364866257,True,1.0,1.1049447059631348,128,0.061814084649086,0.04685072600841522,0.011749383993446827,0.06914810836315155,0.05358067527413368,,,,,,,,,,,,,0.07476416230201721,0.058794163167476654,,,0.043583858758211136,0.06914810836315155,0.03693738207221031,0.07446584105491638,0.5
refine__calru__s2__lr0p003_eta1000_i50__seed12,calru,CA-LRU,s2,12,False,0.02780994400382042,topology-specific validation-selected,0.0027406446170061827,velocity,velocity_x0p75,0.75x,0.75,,variable_sparsity,0.04453347250819206,True,1.0,1.169198751449585,128,0.09682750701904297,0.06879786401987076,0.013439611531794071,0.10907945781946182,0.08591535687446594,,,,,,,,,,,,,0.11869250237941742,0.09722650051116943,,,0.06282506883144379,0.10907945781946182,0.04828884080052376,0.11597661674022675,0.75
refine__calru__s2__lr0p003_eta1000_i50__seed12,calru,CA-LRU,s2,12,False,0.02780994400382042,topology-specific validation-selected,0.011913834139704704,velocity,velocity_x1p25,1.25x,1.25,,variable_sparsity,0.0900169387459755,True,1.0,1.2158229351043701,128,0.194981187582016,0.13327136635780334,0.021409975364804268,0.22009113430976868,0.16396138072013855,,,,,,,,,,,,,0.23537275195121765,0.17816567420959473,,,0.12262409180402756,0.22009113430976868,0.08200527727603912,0.2525041103363037,1.25
refine__calru__s2__lr0p003_eta1000_i50__seed12,calru,CA-LRU,s2,12,False,0.02780994400382042,topology-specific validation-selected,0.022733991965651512,velocity,velocity_x1p5,1.5x,1.5,,variable_sparsity,0.13528908789157867,True,1.0,1.2319731712341309,128,0.2687445282936096,0.18198764324188232,0.029201369732618332,0.30353277921676636,0.21911996603012085,,,,,,,,,,,,,0.3227180242538452,0.24182742834091187,,,0.17049255967140198,0.30353277921676636,0.1098218709230423,0.3572807013988495,1.5
refine__calru__s2__lr0p003_eta1000_i50__seed12,calru,CA-LRU,s2,12,False,0.02780994400382042,topology-specific validation-selected,0.06929945945739746,velocity,velocity_x2,2x,2.0,,variable_sparsity,0.2876971960067749,True,1.0,1.2675329446792603,128,0.5027174949645996,0.3315986394882202,0.05542181432247162,0.561353325843811,0.3391685485839844,,,,,,,,,,,,,0.5782583355903625,0.39003685116767883,,,0.3207921087741852,0.561353325843811,0.18674761056900024,0.7845867872238159,2.0
refine__calru__s2__lr0p003_eta1000_i50__seed12,calru,CA-LRU,s2,12,False,0.02780994400382042,topology-specific validation-selected,0.1781574934720993,velocity,velocity_x3,3x,3.0,,variable_sparsity,0.600122332572937,True,1.0,1.278946876525879,128,0.9392432570457458,0.6951096057891846,0.14430856704711914,1.018114447593689,0.7961429953575134,,,,,,,,,,,,,1.0445067882537842,0.8598223924636841,,,0.6717280149459839,1.018114447593689,0.5127756595611572,1.4712334871292114,3.0
refine__calru__s2__lr0p003_eta1000_i50__seed12,calru,CA-LRU,s2,12,False,0.02780994400382042,topology-specific validation-selected,0.2749236822128296,velocity,velocity_x4,4x,4.0,,variable_sparsity,0.8290852904319763,True,1.0,1.2800923585891724,128,1.267627477645874,1.0256664752960205,0.23706728219985962,1.266308069229126,1.200200080871582,,,,,,,,,,,,,1.2602651119232178,1.1698685884475708,,,0.9772770404815674,1.266308069229126,1.038748860359192,1.5933161973953247,4.0
