repo_relative_path,bytes,sha256,legacy_source_path
paper/evidence/raw/analysis_exp88_ring_transport/ring_transport_seed1.csv,12291,c9d1558bd185c382200cb8e0fcaf823fae1cbf0163ca9126bb521ec20c0d6f59,analysis_exp88_ring_transport/ring_transport_seed1.csv
paper/evidence/raw/analysis_exp88_ring_transport/ring_transport_seed2.csv,12316,40cf5bbdaca1eb0b7bc24ff2bc4d073c1b403c24d195cf0b0c358d10cff8af24,analysis_exp88_ring_transport/ring_transport_seed2.csv
paper/evidence/raw/analysis_exp88_ring_transport/ring_transport_writer_seed0.csv,12251,5cbf285530d9cc110c6a70331bdcbfc568686fcb43e7d45d914d2c5a38b0ac84,analysis_exp88_ring_transport/ring_transport_writer_seed0.csv
paper/evidence/raw/exp72_line_integrate_10k_d16_camn_rnw_eps1e-4_results/line_integrate_d16_camn_rnw_eps1e-4_seed0.json,4356,e8ecc2a689eab208d7c86dddbba42bf8a1746291ff9f1b519d88ee2b4444fc15,exp72_line_integrate_10k_d16_camn_rnw_eps1e-4_results/line_integrate_d16_camn_rnw_eps1e-4_seed0.json
paper/evidence/raw/exp72_line_integrate_10k_d16_camn_rnw_eps1e-4_results/line_integrate_d16_camn_rnw_eps1e-4_seed1.json,4351,3c39c2d43676772454efdb91abe1a79e599975ce2057308f304879bb3981c4a2,exp72_line_integrate_10k_d16_camn_rnw_eps1e-4_results/line_integrate_d16_camn_rnw_eps1e-4_seed1.json
paper/evidence/raw/exp72_line_integrate_10k_d16_camn_rnw_eps1e-4_results/line_integrate_d16_camn_rnw_eps1e-4_seed2.json,4353,010eab5fd5ba6561ceec96f99c66b56ee6b116a8130c941271854792ae63f469,exp72_line_integrate_10k_d16_camn_rnw_eps1e-4_results/line_integrate_d16_camn_rnw_eps1e-4_seed2.json
paper/evidence/raw/exp72_line_integrate_10k_d1_camn_rnw_eps1e-4_results/line_integrate_d1_camn_rnw_eps1e-4_seed0.json,4425,1b415e13245274056fc52f33589cbf576c44c8568ab4a257051f0dffae77b433,exp72_line_integrate_10k_d1_camn_rnw_eps1e-4_results/line_integrate_d1_camn_rnw_eps1e-4_seed0.json
paper/evidence/raw/exp72_line_integrate_10k_d1_camn_rnw_eps1e-4_results/line_integrate_d1_camn_rnw_eps1e-4_seed1.json,4411,64bab197da2e94563b646450e625982c84ae4c868bb3c6225930a3c4b4c6abea,exp72_line_integrate_10k_d1_camn_rnw_eps1e-4_results/line_integrate_d1_camn_rnw_eps1e-4_seed1.json
paper/evidence/raw/exp72_line_integrate_10k_d1_camn_rnw_eps1e-4_results/line_integrate_d1_camn_rnw_eps1e-4_seed2.json,4457,9beb5b4bf81966fe3c6915d7cda2d7540463ab84d359774437773a941b734151,exp72_line_integrate_10k_d1_camn_rnw_eps1e-4_results/line_integrate_d1_camn_rnw_eps1e-4_seed2.json
paper/evidence/raw/exp72_line_integrate_10k_d2_camn_rnw_eps1e-4_results/line_integrate_d2_camn_rnw_eps1e-4_seed0.json,4418,2ac1b45c1fe772efca71e8c85373a336a23db3daaff8504102fd1d9afddfac4c,exp72_line_integrate_10k_d2_camn_rnw_eps1e-4_results/line_integrate_d2_camn_rnw_eps1e-4_seed0.json
paper/evidence/raw/exp72_line_integrate_10k_d2_camn_rnw_eps1e-4_results/line_integrate_d2_camn_rnw_eps1e-4_seed1.json,4447,46a0c70e93250eab71532f1011603a00c556ea3e0fbd7c199fad38b378265631,exp72_line_integrate_10k_d2_camn_rnw_eps1e-4_results/line_integrate_d2_camn_rnw_eps1e-4_seed1.json
paper/evidence/raw/exp72_line_integrate_10k_d2_camn_rnw_eps1e-4_results/line_integrate_d2_camn_rnw_eps1e-4_seed2.json,4441,b3c71d3d7b028b023db68c46e6ba1c295d3dfbe6f12d71aa849c1cbc970ea338,exp72_line_integrate_10k_d2_camn_rnw_eps1e-4_results/line_integrate_d2_camn_rnw_eps1e-4_seed2.json
paper/evidence/raw/exp72_line_integrate_10k_d4_camn_rnw_eps1e-4_results/line_integrate_d4_camn_rnw_eps1e-4_seed0.json,4416,31d180b2de11cb7d10b7201951c82a237278935c85c4ebc46e9431a35095c881,exp72_line_integrate_10k_d4_camn_rnw_eps1e-4_results/line_integrate_d4_camn_rnw_eps1e-4_seed0.json
paper/evidence/raw/exp72_line_integrate_10k_d4_camn_rnw_eps1e-4_results/line_integrate_d4_camn_rnw_eps1e-4_seed1.json,4439,8c4ddd1c25236f27cc099395cbfce0c15be7856a581cf87c77b0067cf050103c,exp72_line_integrate_10k_d4_camn_rnw_eps1e-4_results/line_integrate_d4_camn_rnw_eps1e-4_seed1.json
paper/evidence/raw/exp72_line_integrate_10k_d4_camn_rnw_eps1e-4_results/line_integrate_d4_camn_rnw_eps1e-4_seed2.json,4441,5afdfacbfe9afc83410a78b4204760ee5025325517d59ce3706a87180b33b4a9,exp72_line_integrate_10k_d4_camn_rnw_eps1e-4_results/line_integrate_d4_camn_rnw_eps1e-4_seed2.json
paper/evidence/raw/exp72_line_integrate_10k_d8_camn_rnw_eps1e-4_results/line_integrate_d8_camn_rnw_eps1e-4_seed0.json,4420,19299ee3fff929760cdf269f9d2b1294de3534f0c0854e99b20ec811e5792856,exp72_line_integrate_10k_d8_camn_rnw_eps1e-4_results/line_integrate_d8_camn_rnw_eps1e-4_seed0.json
paper/evidence/raw/exp72_line_integrate_10k_d8_camn_rnw_eps1e-4_results/line_integrate_d8_camn_rnw_eps1e-4_seed1.json,4444,9a24b228af3023580248d23d5ffdde956702cfba6148e02a79f2dfa8fd469b2d,exp72_line_integrate_10k_d8_camn_rnw_eps1e-4_results/line_integrate_d8_camn_rnw_eps1e-4_seed1.json
paper/evidence/raw/exp72_line_integrate_10k_d8_camn_rnw_eps1e-4_results/line_integrate_d8_camn_rnw_eps1e-4_seed2.json,4427,0709239937cc83c94842e0716c74c95c6a09e2a7619b166d315dd2ac73a7c8f1,exp72_line_integrate_10k_d8_camn_rnw_eps1e-4_results/line_integrate_d8_camn_rnw_eps1e-4_seed2.json
paper/evidence/raw/exp88_manifold_main_results/complex_curve_hold_am_lru_allslow_seed0.json,11308,dcb1de08e336cb7e8d7fba53248c2011dab352ace5f18a1fc4e2beef7f3b79b8,exp88_manifold_main_results/complex_curve_hold_am_lru_allslow_seed0.json
paper/evidence/raw/exp88_manifold_main_results/complex_curve_hold_am_lru_allslow_seed1.json,11315,856dae7f1e616264b30a9ccb4b96d685b34fd4e9d171da4e9c02fb55ff9f2d21,exp88_manifold_main_results/complex_curve_hold_am_lru_allslow_seed1.json
paper/evidence/raw/exp88_manifold_main_results/complex_curve_hold_am_lru_allslow_seed2.json,11322,f5722e2a1e2ac1356d49ff93c55a255d3da010b8fadaa6c00144859e28a99b31,exp88_manifold_main_results/complex_curve_hold_am_lru_allslow_seed2.json
paper/evidence/raw/exp88_manifold_main_results/complex_curve_hold_am_lru_eps0_seed0.json,11415,e7d9fbdbda59c1fade56d717d444567c0702100f93fc050ef8aea91153bc0248,exp88_manifold_main_results/complex_curve_hold_am_lru_eps0_seed0.json
paper/evidence/raw/exp88_manifold_main_results/complex_curve_hold_am_lru_eps0_seed1.json,11408,42fdb0719ff7233b3d25b804bce25657c19928abcbc2633f00b4755743fcabee,exp88_manifold_main_results/complex_curve_hold_am_lru_eps0_seed1.json
paper/evidence/raw/exp88_manifold_main_results/complex_curve_hold_am_lru_eps0_seed2.json,11405,38d406b31c7a2607c8fc1d0f22685a29eac5d91be3f57f6038befa8eed4b7ff4,exp88_manifold_main_results/complex_curve_hold_am_lru_eps0_seed2.json
paper/evidence/raw/exp88_manifold_main_results/complex_curve_hold_am_lru_eps1e-4_seed0.json,11427,1a161f334b74e46b2dc2d7cdc00764889b540c161f30bfa490aa45e5b08d6c6b,exp88_manifold_main_results/complex_curve_hold_am_lru_eps1e-4_seed0.json
paper/evidence/raw/exp88_manifold_main_results/complex_curve_hold_am_lru_eps1e-4_seed1.json,11418,4f675533709fc98a82bc9710e0fb6f734fea6060900273c06b23a911bcc481bf,exp88_manifold_main_results/complex_curve_hold_am_lru_eps1e-4_seed1.json
paper/evidence/raw/exp88_manifold_main_results/complex_curve_hold_am_lru_eps1e-4_seed2.json,11424,20c94a175628d7e8099890c207c84a8bae37f4d2a222305db89b6f8fb2378763,exp88_manifold_main_results/complex_curve_hold_am_lru_eps1e-4_seed2.json
paper/evidence/raw/exp88_manifold_main_results/complex_curve_hold_am_lru_eps3e-5_seed0.json,11433,8a8b880c30dfef6550d6556187be320dde22aa93293c601c265b3e4259105c8d,exp88_manifold_main_results/complex_curve_hold_am_lru_eps3e-5_seed0.json
paper/evidence/raw/exp88_manifold_main_results/complex_curve_hold_am_lru_eps3e-5_seed1.json,11414,2e31c8b9290a17957e7e9e6a13f86ea28bc9195b076fbfab6ce01620c90f27ad,exp88_manifold_main_results/complex_curve_hold_am_lru_eps3e-5_seed1.json
paper/evidence/raw/exp88_manifold_main_results/complex_curve_hold_am_lru_eps3e-5_seed2.json,11410,a97ab5555b12b3a1eed58bad0c74ca8a38346da25dc8e6e06272c26f490b41e6,exp88_manifold_main_results/complex_curve_hold_am_lru_eps3e-5_seed2.json
paper/evidence/raw/exp88_manifold_main_results/complex_curve_hold_am_lru_eta0_seed0.json,11241,37e80c30fbae820964781decf9e1256e22a5c3c1530b929f6bf4b25bcb9b7f22,exp88_manifold_main_results/complex_curve_hold_am_lru_eta0_seed0.json
paper/evidence/raw/exp88_manifold_main_results/complex_curve_hold_am_lru_eta0_seed1.json,11255,895b17217b8babe8b1e5fb64476fda1101d2c7cb278d9bd0f21e843bf987c12a,exp88_manifold_main_results/complex_curve_hold_am_lru_eta0_seed1.json
paper/evidence/raw/exp88_manifold_main_results/complex_curve_hold_am_lru_eta0_seed2.json,11260,a276d4ef46f1f8bef447b6ec166265095e6f3c6c07c87f24019a2d3abf77a6e7,exp88_manifold_main_results/complex_curve_hold_am_lru_eta0_seed2.json
paper/evidence/raw/exp88_manifold_main_results/complex_curve_hold_gru_seed0.json,11218,901942a1259485354a10462ba14d2e870b4fef7bfbae1ec60fd60e47dcbca707,exp88_manifold_main_results/complex_curve_hold_gru_seed0.json
paper/evidence/raw/exp88_manifold_main_results/complex_curve_hold_gru_seed1.json,11223,333a513431f7f63c71f6861a2af8a6dacf371cca512b0abb24e953fffeba6119,exp88_manifold_main_results/complex_curve_hold_gru_seed1.json
paper/evidence/raw/exp88_manifold_main_results/complex_curve_hold_gru_seed2.json,11202,0fbc5e0209c528f3bd7b2dbabfefa85c441d85bcfa23b24b0f9c254ca7f3f9c0,exp88_manifold_main_results/complex_curve_hold_gru_seed2.json
paper/evidence/raw/exp88_manifold_main_results/complex_curve_hold_lru_seed0.json,11158,b15dc5f3d47b49c84970d1cf7e41772f64bd4c4c54d8825c848627432ef0c301,exp88_manifold_main_results/complex_curve_hold_lru_seed0.json
paper/evidence/raw/exp88_manifold_main_results/complex_curve_hold_lru_seed1.json,11151,c1ff767a983e0399dc1c3b388ce3d8fa85f70a8876dbb13ca8f257848c0da9b9,exp88_manifold_main_results/complex_curve_hold_lru_seed1.json
paper/evidence/raw/exp88_manifold_main_results/complex_curve_hold_lru_seed2.json,11158,b97486797f65eeb52d2099e75c468b7d076ecbedf2cb266d8bb89cd9702335ec,exp88_manifold_main_results/complex_curve_hold_lru_seed2.json
paper/evidence/raw/exp88_manifold_main_results/complex_curve_hold_lstm_seed0.json,11156,1f707b48ba2f943273abd8a7a23367e5a6eb2701816c5297c3422a95243749e1,exp88_manifold_main_results/complex_curve_hold_lstm_seed0.json
paper/evidence/raw/exp88_manifold_main_results/complex_curve_hold_lstm_seed1.json,11188,46fba24f9ec076a7a17bece96db13741355eb20c3f7980c7376f978a4a347ce6,exp88_manifold_main_results/complex_curve_hold_lstm_seed1.json
paper/evidence/raw/exp88_manifold_main_results/complex_curve_hold_lstm_seed2.json,11111,07c810809804004b00f45f8f5339fd35e92efb7e45e3cb8647c1eb84935f9818,exp88_manifold_main_results/complex_curve_hold_lstm_seed2.json
paper/evidence/raw/exp88_manifold_main_results/complex_curve_hold_rnn_seed0.json,11154,6cc519dad409323f6e6302eaebb97c0d2182570c41b23cb931039f99838e246b,exp88_manifold_main_results/complex_curve_hold_rnn_seed0.json
paper/evidence/raw/exp88_manifold_main_results/complex_curve_hold_rnn_seed1.json,11115,28ac061a91d41a4e2075581bf2bf5f41717da04b8f1c5422fbd7df4f2c56ad22,exp88_manifold_main_results/complex_curve_hold_rnn_seed1.json
paper/evidence/raw/exp88_manifold_main_results/complex_curve_hold_rnn_seed2.json,11159,bd4315909b84e484c03c0b7a17b0d1a9a1c65082d087fb8a71c158a274e9cf12,exp88_manifold_main_results/complex_curve_hold_rnn_seed2.json
paper/evidence/raw/exp88_manifold_main_results/complex_curve_hold_ssm_seed0.json,11205,ceaa962a161db259e5a43f21b14cb9c1361603834d79e0483204fa66a13ebbc6,exp88_manifold_main_results/complex_curve_hold_ssm_seed0.json
paper/evidence/raw/exp88_manifold_main_results/complex_curve_hold_ssm_seed1.json,11204,a3c4eb2d63a15084585c3fddb689f8d440a655ef47d95595520255ad1040e0ca,exp88_manifold_main_results/complex_curve_hold_ssm_seed1.json
paper/evidence/raw/exp88_manifold_main_results/complex_curve_hold_ssm_seed2.json,11211,f20168bbe28d1cf491624b957b3c0d003712802593eb7a9d1a501484271c6d38,exp88_manifold_main_results/complex_curve_hold_ssm_seed2.json
paper/evidence/raw/exp88_manifold_main_results/complex_curve_integrate_am_lru_allslow_seed0.json,14330,28621f6551e662d5349c06ce8284b12b23196a986c3d0b517617877499268da9,exp88_manifold_main_results/complex_curve_integrate_am_lru_allslow_seed0.json
paper/evidence/raw/exp88_manifold_main_results/complex_curve_integrate_am_lru_allslow_seed1.json,14346,7fc3fe2bd2920edac449b2449cf3e0cd998f46e494e435f97160d8808777fdd6,exp88_manifold_main_results/complex_curve_integrate_am_lru_allslow_seed1.json
paper/evidence/raw/exp88_manifold_main_results/complex_curve_integrate_am_lru_allslow_seed2.json,14344,5ee858e59b86682fd4e7f2a182c55614b41ae5642e3836a651068c88b462ab60,exp88_manifold_main_results/complex_curve_integrate_am_lru_allslow_seed2.json
paper/evidence/raw/exp88_manifold_main_results/complex_curve_integrate_am_lru_eps0_seed0.json,14440,8f7ef8e5e7b7570a6efd9e786f7b94f4819c66603e7ffe92da2859de3b00685c,exp88_manifold_main_results/complex_curve_integrate_am_lru_eps0_seed0.json
paper/evidence/raw/exp88_manifold_main_results/complex_curve_integrate_am_lru_eps0_seed1.json,14444,f4b63ff0547c75236976f17504c9cc721cb611528c38ce0d721b80b4fa71901f,exp88_manifold_main_results/complex_curve_integrate_am_lru_eps0_seed1.json
paper/evidence/raw/exp88_manifold_main_results/complex_curve_integrate_am_lru_eps0_seed2.json,14436,336758c76febdcf9d6af9b09738502317c096a883a9b2501300b9dc2483de615,exp88_manifold_main_results/complex_curve_integrate_am_lru_eps0_seed2.json
paper/evidence/raw/exp88_manifold_main_results/complex_curve_integrate_am_lru_eps1e-4_seed0.json,14448,81bb484f64ae6920569ed4d13198b427960f839e62ed82dbe26b1f39bf4fce28,exp88_manifold_main_results/complex_curve_integrate_am_lru_eps1e-4_seed0.json
paper/evidence/raw/exp88_manifold_main_results/complex_curve_integrate_am_lru_eps1e-4_seed1.json,14441,edda9e007fcf07c7b29756dd400ba7a5f63552ab81df39296d72ba5ab6f098c2,exp88_manifold_main_results/complex_curve_integrate_am_lru_eps1e-4_seed1.json
paper/evidence/raw/exp88_manifold_main_results/complex_curve_integrate_am_lru_eps1e-4_seed2.json,14444,d564872f631b87a4948e08f55e1be7e9c2b53662e6e3a287d109a48e12b7b7c8,exp88_manifold_main_results/complex_curve_integrate_am_lru_eps1e-4_seed2.json
paper/evidence/raw/exp88_manifold_main_results/complex_curve_integrate_am_lru_eps3e-5_seed0.json,14446,92dc19960351f67d35b0f80e659ad0e2b69b884b015a7cad01ffd057b8c34d7c,exp88_manifold_main_results/complex_curve_integrate_am_lru_eps3e-5_seed0.json
paper/evidence/raw/exp88_manifold_main_results/complex_curve_integrate_am_lru_eps3e-5_seed1.json,14447,0200a20b66345f626a34b0a815eab0413a141a7e6334d6e3d7b659b2c6710091,exp88_manifold_main_results/complex_curve_integrate_am_lru_eps3e-5_seed1.json
paper/evidence/raw/exp88_manifold_main_results/complex_curve_integrate_am_lru_eps3e-5_seed2.json,14443,560ade27c2144458d69413f25755a936373b59a4b4052e6c4a7d3452fb6312e4,exp88_manifold_main_results/complex_curve_integrate_am_lru_eps3e-5_seed2.json
paper/evidence/raw/exp88_manifold_main_results/complex_curve_integrate_am_lru_eta0_seed0.json,14312,5d17e932db6e7fb144db252fced57f29f848be03dcea9811104c32037e303378,exp88_manifold_main_results/complex_curve_integrate_am_lru_eta0_seed0.json
paper/evidence/raw/exp88_manifold_main_results/complex_curve_integrate_am_lru_eta0_seed1.json,14300,98552b60b35a9e19963e1b4910cbfaf54339f5f91c398a7daa924963bc107bd9,exp88_manifold_main_results/complex_curve_integrate_am_lru_eta0_seed1.json
paper/evidence/raw/exp88_manifold_main_results/complex_curve_integrate_am_lru_eta0_seed2.json,14299,d9e26aef6f6f6390c5706797c4db92ba18a6a451d4a55203d0f407da861a2935,exp88_manifold_main_results/complex_curve_integrate_am_lru_eta0_seed2.json
paper/evidence/raw/exp88_manifold_main_results/complex_curve_integrate_gru_seed0.json,14186,0da58b8f385b26db837db9ebe33fb8f158d272054403ec938553f234498172a7,exp88_manifold_main_results/complex_curve_integrate_gru_seed0.json
paper/evidence/raw/exp88_manifold_main_results/complex_curve_integrate_gru_seed1.json,14215,4fce61a88346330e9ccfddde670a9a82f3dcdb3f0c9972b02379662565da0829,exp88_manifold_main_results/complex_curve_integrate_gru_seed1.json
paper/evidence/raw/exp88_manifold_main_results/complex_curve_integrate_gru_seed2.json,14176,67dd4952f9783934e0bb0b0345f888684d5f680ea031d2a679d56316060f310b,exp88_manifold_main_results/complex_curve_integrate_gru_seed2.json
paper/evidence/raw/exp88_manifold_main_results/complex_curve_integrate_lru_seed0.json,14246,2dceed3877b0a1651590dea7da6f6adbd6fcc251788feb9a39228be0f47aac00,exp88_manifold_main_results/complex_curve_integrate_lru_seed0.json
paper/evidence/raw/exp88_manifold_main_results/complex_curve_integrate_lru_seed1.json,14231,daf8dc6fe0304cccea459742a521be06f6f11e76383c053253970d495c3859a0,exp88_manifold_main_results/complex_curve_integrate_lru_seed1.json
paper/evidence/raw/exp88_manifold_main_results/complex_curve_integrate_lru_seed2.json,14247,60f735ef2183ecdc47403c233081fd3e484b7bebc9f908b6c89c781891983111,exp88_manifold_main_results/complex_curve_integrate_lru_seed2.json
paper/evidence/raw/exp88_manifold_main_results/complex_curve_integrate_lstm_seed0.json,14142,e9dfd691e033a328a0b1811bcaf7087f3977cb87ae8b47518f76bbb6af61bf86,exp88_manifold_main_results/complex_curve_integrate_lstm_seed0.json
paper/evidence/raw/exp88_manifold_main_results/complex_curve_integrate_lstm_seed1.json,14184,1669b2f9012cb6cd8281aba273d633fc477c33154046319ebe7b9fd287841642,exp88_manifold_main_results/complex_curve_integrate_lstm_seed1.json
paper/evidence/raw/exp88_manifold_main_results/complex_curve_integrate_lstm_seed2.json,14170,45d392006e0b64a850443ea60718679f27badc6473efb42f157c94568c5b1fde,exp88_manifold_main_results/complex_curve_integrate_lstm_seed2.json
paper/evidence/raw/exp88_manifold_main_results/complex_curve_integrate_rnn_seed0.json,14143,436b278a4b6771414ff868e8d7c22031e0626812076b550090f22917d87a0bc6,exp88_manifold_main_results/complex_curve_integrate_rnn_seed0.json
paper/evidence/raw/exp88_manifold_main_results/complex_curve_integrate_rnn_seed1.json,14124,112f85b0983fbcdea7a16f95c5797be544d33ba97a59708761a4a8d7619fc9db,exp88_manifold_main_results/complex_curve_integrate_rnn_seed1.json
paper/evidence/raw/exp88_manifold_main_results/complex_curve_integrate_rnn_seed2.json,14150,837245bf6bbd65bec1b7c94b9aa5f27818885fa1d21fff76371a1029ba805341,exp88_manifold_main_results/complex_curve_integrate_rnn_seed2.json
paper/evidence/raw/exp88_manifold_main_results/complex_curve_integrate_ssm_seed0.json,14264,60d03fbf101c8b0d1813809426e740b219bee6b95c042746294a567c7264001a,exp88_manifold_main_results/complex_curve_integrate_ssm_seed0.json
paper/evidence/raw/exp88_manifold_main_results/complex_curve_integrate_ssm_seed1.json,14260,704fcbd12e49b410b043e50752504eb9862bc08584f6bca0f5e12601007d1ef9,exp88_manifold_main_results/complex_curve_integrate_ssm_seed1.json
paper/evidence/raw/exp88_manifold_main_results/complex_curve_integrate_ssm_seed2.json,14266,865b702c0f22c69a616ebb9a90be6b6dc3b189b2732128af6e40fa36154e1daa,exp88_manifold_main_results/complex_curve_integrate_ssm_seed2.json
paper/evidence/raw/exp88_manifold_main_results/ring_hold_am_lru_allslow_seed0.json,11283,90bea3939a0eb7ff9cef2344a52e3aa15839061b43eeafc10b93d29a96c2d30c,exp88_manifold_main_results/ring_hold_am_lru_allslow_seed0.json
paper/evidence/raw/exp88_manifold_main_results/ring_hold_am_lru_allslow_seed1.json,11281,c9599be18c05a35bcf0d98a88b4bbd35978c10c4db984fcd23ed01bef82ff67d,exp88_manifold_main_results/ring_hold_am_lru_allslow_seed1.json
paper/evidence/raw/exp88_manifold_main_results/ring_hold_am_lru_allslow_seed2.json,11291,d63b6b7f99d06023497a68c7f651cc7579ab8643cba53cb108f9681019ee7ffd,exp88_manifold_main_results/ring_hold_am_lru_allslow_seed2.json
paper/evidence/raw/exp88_manifold_main_results/ring_hold_am_lru_eps0_seed0.json,11390,763a132d7a48ae88480f9f445b8ceeea4b3471e413600cdcdf61e6e83962b705,exp88_manifold_main_results/ring_hold_am_lru_eps0_seed0.json
paper/evidence/raw/exp88_manifold_main_results/ring_hold_am_lru_eps0_seed1.json,11364,e8157462471cee017f85acd3f8339ada8f24f38cf041914cacb73cef92cdcbea,exp88_manifold_main_results/ring_hold_am_lru_eps0_seed1.json
paper/evidence/raw/exp88_manifold_main_results/ring_hold_am_lru_eps0_seed2.json,11369,9453df219bb58aba794d6f88ffa333e75d4da4182560e0d1d46414b15fc3b536,exp88_manifold_main_results/ring_hold_am_lru_eps0_seed2.json
paper/evidence/raw/exp88_manifold_main_results/ring_hold_am_lru_eps1e-4_seed0.json,11391,d76bc676947b43f3eb2c19a57e8cb974e9d817f1f3caa2c0bbd0c885e2b74f28,exp88_manifold_main_results/ring_hold_am_lru_eps1e-4_seed0.json
paper/evidence/raw/exp88_manifold_main_results/ring_hold_am_lru_eps1e-4_seed1.json,11367,e5457ab71bf475b275d07fed722ce38d94f482e2ec4673fbc6cf9e8faadb3536,exp88_manifold_main_results/ring_hold_am_lru_eps1e-4_seed1.json
paper/evidence/raw/exp88_manifold_main_results/ring_hold_am_lru_eps1e-4_seed2.json,11395,a7bb8500ebc46b7d1b1883dcc64a74ca059aeb9049557998fd390e729932fcbd,exp88_manifold_main_results/ring_hold_am_lru_eps1e-4_seed2.json
paper/evidence/raw/exp88_manifold_main_results/ring_hold_am_lru_eps3e-5_seed0.json,11418,beb768eb22ef9d592b4579b8293f61408b2c2bb3a4feb66b9e7cdb26414aaad4,exp88_manifold_main_results/ring_hold_am_lru_eps3e-5_seed0.json
paper/evidence/raw/exp88_manifold_main_results/ring_hold_am_lru_eps3e-5_seed1.json,11401,435ce3530356278f41a670a94b4d0a1b4850a8032704cc327f039154a51abc9f,exp88_manifold_main_results/ring_hold_am_lru_eps3e-5_seed1.json
paper/evidence/raw/exp88_manifold_main_results/ring_hold_am_lru_eps3e-5_seed2.json,11384,c513b5dd2b4ea8fa9b84146cbe88c1efa90d622e9fafb2b76e39b5f1597f363d,exp88_manifold_main_results/ring_hold_am_lru_eps3e-5_seed2.json
paper/evidence/raw/exp88_manifold_main_results/ring_hold_am_lru_eta0_seed0.json,11228,4d793990e5f83828fdf4f68c4ab00fc7178e25c7a9e84729d9dba54f298aa504,exp88_manifold_main_results/ring_hold_am_lru_eta0_seed0.json
paper/evidence/raw/exp88_manifold_main_results/ring_hold_am_lru_eta0_seed1.json,11211,d7886669a380c590b76db8e857d17933e087ef359aa3124cf60429e826cbd0d2,exp88_manifold_main_results/ring_hold_am_lru_eta0_seed1.json
paper/evidence/raw/exp88_manifold_main_results/ring_hold_am_lru_eta0_seed2.json,11232,1413304310e43e1dbc00696f7477c74780023e1e21ea3c19cd85f1b8819624a2,exp88_manifold_main_results/ring_hold_am_lru_eta0_seed2.json
paper/evidence/raw/exp88_manifold_main_results/ring_hold_gru_seed0.json,11193,9883b50c29042acb448d7a71a5c6d1429682ea5845b7ce924d59a867607394f1,exp88_manifold_main_results/ring_hold_gru_seed0.json
paper/evidence/raw/exp88_manifold_main_results/ring_hold_gru_seed1.json,11215,b296e17e673f26d0df6ec5ec35074cae3386355987d075d5b81a1adcf47dc4be,exp88_manifold_main_results/ring_hold_gru_seed1.json
paper/evidence/raw/exp88_manifold_main_results/ring_hold_gru_seed2.json,11193,20ebf06dad000492632769edb23b19891952f4544a57515695a446399edad8f6,exp88_manifold_main_results/ring_hold_gru_seed2.json
paper/evidence/raw/exp88_manifold_main_results/ring_hold_lru_seed0.json,11157,b84ea7b28d08a2551dc898477d46f42aa3c5de26583bb29b0c0fed23806f11e3,exp88_manifold_main_results/ring_hold_lru_seed0.json
paper/evidence/raw/exp88_manifold_main_results/ring_hold_lru_seed1.json,11122,207775a9a977fcbf7436a4071bba6b485d72d83ff89380bfdadd2bb22283e2dd,exp88_manifold_main_results/ring_hold_lru_seed1.json
paper/evidence/raw/exp88_manifold_main_results/ring_hold_lru_seed2.json,11144,739be3f7928acb00365bf096aa6d0587078bd1cfbd4c82bbc4cc8bb76ea7facd,exp88_manifold_main_results/ring_hold_lru_seed2.json
paper/evidence/raw/exp88_manifold_main_results/ring_hold_lstm_seed0.json,11080,e6bd860bdcf2597d401eb973453548a77db9739470a1d67f8d3af3f466c201cb,exp88_manifold_main_results/ring_hold_lstm_seed0.json
paper/evidence/raw/exp88_manifold_main_results/ring_hold_lstm_seed1.json,11103,8a02deae2aaa24026e9a0b3d7a15011b3eff458aeecbfa3b7989c340237d22df,exp88_manifold_main_results/ring_hold_lstm_seed1.json
paper/evidence/raw/exp88_manifold_main_results/ring_hold_lstm_seed2.json,11080,a9941b415080aca9f3d00f19335eb6e2f45228c955183a578dba307cabec2637,exp88_manifold_main_results/ring_hold_lstm_seed2.json
paper/evidence/raw/exp88_manifold_main_results/ring_hold_rnn_seed0.json,11163,913a8a48bf33f398e0370449a10fb2b528ca7b5415064194c4f18276db9f3442,exp88_manifold_main_results/ring_hold_rnn_seed0.json
paper/evidence/raw/exp88_manifold_main_results/ring_hold_rnn_seed1.json,11168,09217a020165fe6abdb9049228b1c492a5086d64efb68131a355e18a5fbe7a58,exp88_manifold_main_results/ring_hold_rnn_seed1.json
paper/evidence/raw/exp88_manifold_main_results/ring_hold_rnn_seed2.json,11073,170231ef19502f6532e5cdfc7bd3da0a13da5896aa023fcf0deeb6fd317287fa,exp88_manifold_main_results/ring_hold_rnn_seed2.json
paper/evidence/raw/exp88_manifold_main_results/ring_hold_ssm_seed0.json,11185,99c37a6e81c9d44ab9aad9821c93938efc9ee72fcce4ecff8ea262bbe6d4c201,exp88_manifold_main_results/ring_hold_ssm_seed0.json
paper/evidence/raw/exp88_manifold_main_results/ring_hold_ssm_seed1.json,11201,dc9f79782206988efacd1d09506d3d60420ba21cb2b71aad29b166f94e8e1dad,exp88_manifold_main_results/ring_hold_ssm_seed1.json
paper/evidence/raw/exp88_manifold_main_results/ring_hold_ssm_seed2.json,11179,095bbaba1a7c5955847aec41f6862d62b583b095314045b6896efe28a9a85992,exp88_manifold_main_results/ring_hold_ssm_seed2.json
paper/evidence/raw/exp88_manifold_main_results/ring_integrate_am_lru_allslow_seed0.json,14325,ec0a565fe0c3e2d5b7815f454848c843dca020359347938f7800cd8ea0e92e12,exp88_manifold_main_results/ring_integrate_am_lru_allslow_seed0.json
paper/evidence/raw/exp88_manifold_main_results/ring_integrate_am_lru_allslow_seed1.json,14298,13288cc405ece138d813adf91b82769ad3206ac5287bf8041d61aa018f38c0df,exp88_manifold_main_results/ring_integrate_am_lru_allslow_seed1.json
paper/evidence/raw/exp88_manifold_main_results/ring_integrate_am_lru_allslow_seed2.json,14326,0e40b1f3cf548f5cd9ff29904af55c593b5738c00e3a2428f2c6644d87856481,exp88_manifold_main_results/ring_integrate_am_lru_allslow_seed2.json
paper/evidence/raw/exp88_manifold_main_results/ring_integrate_am_lru_eps0_seed0.json,14464,40bcca2c9f587839b283faa425de60049b1ccfc63874035fca8a4adf79f0f27e,exp88_manifold_main_results/ring_integrate_am_lru_eps0_seed0.json
paper/evidence/raw/exp88_manifold_main_results/ring_integrate_am_lru_eps0_seed1.json,14464,4ca6c51eaccc530a8a6610524251b774e59457333b3cf8862ed3a634ebf11a81,exp88_manifold_main_results/ring_integrate_am_lru_eps0_seed1.json
paper/evidence/raw/exp88_manifold_main_results/ring_integrate_am_lru_eps0_seed2.json,14439,9945fd5fbc2f01bc474627522d4c62d7703bbf3e8d5ce291930f6f690504546d,exp88_manifold_main_results/ring_integrate_am_lru_eps0_seed2.json
paper/evidence/raw/exp88_manifold_main_results/ring_integrate_am_lru_eps1e-4_seed0.json,14483,57937658c7902ad233655d979056dbf1432de1fb006d4ef57be2b59d262b6618,exp88_manifold_main_results/ring_integrate_am_lru_eps1e-4_seed0.json
paper/evidence/raw/exp88_manifold_main_results/ring_integrate_am_lru_eps1e-4_seed1.json,14458,7c6050b9ef33a0d91d6ca9e8e9f61748939f6f2ae70046f404bc5c949f2bda24,exp88_manifold_main_results/ring_integrate_am_lru_eps1e-4_seed1.json
paper/evidence/raw/exp88_manifold_main_results/ring_integrate_am_lru_eps1e-4_seed2.json,14450,9636716d2da4bac4704701ac8b9a3924928c19e7bf462f994d9cb976a0c0d55f,exp88_manifold_main_results/ring_integrate_am_lru_eps1e-4_seed2.json
paper/evidence/raw/exp88_manifold_main_results/ring_integrate_am_lru_eps3e-5_seed0.json,14467,f7ae52ebf571e287377a6febf81aea9062e48469cef37f059dfbc583a72e6d16,exp88_manifold_main_results/ring_integrate_am_lru_eps3e-5_seed0.json
paper/evidence/raw/exp88_manifold_main_results/ring_integrate_am_lru_eps3e-5_seed1.json,14455,827f409a76ed45e736b69c366e4dadd7cb62b1e507342e1ed79c8aaa29f94537,exp88_manifold_main_results/ring_integrate_am_lru_eps3e-5_seed1.json
paper/evidence/raw/exp88_manifold_main_results/ring_integrate_am_lru_eps3e-5_seed2.json,14449,6c721fb2c151fbde727d0572cb150e2747ecc096e7a3f90e0a31fc94d9d14e91,exp88_manifold_main_results/ring_integrate_am_lru_eps3e-5_seed2.json
paper/evidence/raw/exp88_manifold_main_results/ring_integrate_am_lru_eta0_seed0.json,14297,ea8e7c496e0fe3ef9a6d5bd33e48c346064944c136a50d6ff24b89d4bfe4d1ba,exp88_manifold_main_results/ring_integrate_am_lru_eta0_seed0.json
paper/evidence/raw/exp88_manifold_main_results/ring_integrate_am_lru_eta0_seed1.json,14306,6aea6836e3f4e3d504c71393a3bd44ec4ea7f4554d3113febe04c4e9e5fdcb76,exp88_manifold_main_results/ring_integrate_am_lru_eta0_seed1.json
paper/evidence/raw/exp88_manifold_main_results/ring_integrate_am_lru_eta0_seed2.json,14297,a8ad46f6fc1b085263ef722a2d98ebb971880f866a066d6989c31074429fcd64,exp88_manifold_main_results/ring_integrate_am_lru_eta0_seed2.json
paper/evidence/raw/exp88_manifold_main_results/ring_integrate_gru_seed0.json,14170,36c514e242ebb100fa9f83e9e06e1ff3058004c12672ddf124fdc4ff4667da63,exp88_manifold_main_results/ring_integrate_gru_seed0.json
paper/evidence/raw/exp88_manifold_main_results/ring_integrate_gru_seed1.json,14192,504ee521f1b2b2e792872d4ef993fd43c8fcfb942632056b7a262afafaa1d1af,exp88_manifold_main_results/ring_integrate_gru_seed1.json
paper/evidence/raw/exp88_manifold_main_results/ring_integrate_gru_seed2.json,14193,f14f6781784505c8075959b29fe1992027827f211994db88c237197d39726129,exp88_manifold_main_results/ring_integrate_gru_seed2.json
paper/evidence/raw/exp88_manifold_main_results/ring_integrate_lru_seed0.json,14216,57631ba8656fd3602dc8139e37b39c17ae9da1d50b7e74e89f7aed5b3a1ac4e9,exp88_manifold_main_results/ring_integrate_lru_seed0.json
paper/evidence/raw/exp88_manifold_main_results/ring_integrate_lru_seed1.json,14222,78903fdeb1aeb1dbc59808e20bb9b5eedb10017951e1aeca4d29dbb2eb067ccd,exp88_manifold_main_results/ring_integrate_lru_seed1.json
paper/evidence/raw/exp88_manifold_main_results/ring_integrate_lru_seed2.json,14204,3cbf53920d20ca6aa1bae5687955d0c759d176507e83a013215f5bdcaec855dc,exp88_manifold_main_results/ring_integrate_lru_seed2.json
paper/evidence/raw/exp88_manifold_main_results/ring_integrate_lstm_seed0.json,14131,28a21d7a4481f0d96da7a459b1e44a72a694c2937e4378416ad4222aee9024a4,exp88_manifold_main_results/ring_integrate_lstm_seed0.json
paper/evidence/raw/exp88_manifold_main_results/ring_integrate_lstm_seed1.json,14186,96e3b26a4f050e2828494d6febd6bc21b57d385bb924ed154b97e288c04d76cf,exp88_manifold_main_results/ring_integrate_lstm_seed1.json
paper/evidence/raw/exp88_manifold_main_results/ring_integrate_lstm_seed2.json,14157,47374399aec7e661d81799eadfd261ad0dde77f1697af987a9d552d2aa0f4e65,exp88_manifold_main_results/ring_integrate_lstm_seed2.json
paper/evidence/raw/exp88_manifold_main_results/ring_integrate_rnn_seed0.json,14103,116a548dad044bc7769e3f128498ca5c0e3aa1606363004345c934d848a9dd96,exp88_manifold_main_results/ring_integrate_rnn_seed0.json
paper/evidence/raw/exp88_manifold_main_results/ring_integrate_rnn_seed1.json,14100,369a373583978f1b8803e26beee2bd48066f886116f8555c24aa491bd6d441ce,exp88_manifold_main_results/ring_integrate_rnn_seed1.json
paper/evidence/raw/exp88_manifold_main_results/ring_integrate_rnn_seed2.json,14102,197ab2e2ad505693df4546e6d8ac6f4b3be9c7c79d12f4b7c640d4d26eccd778,exp88_manifold_main_results/ring_integrate_rnn_seed2.json
paper/evidence/raw/exp88_manifold_main_results/ring_integrate_ssm_seed0.json,14238,ee7f322010d70529311826e9af2bc7bac55ec50a18953fb05cd77a288d295fdb,exp88_manifold_main_results/ring_integrate_ssm_seed0.json
paper/evidence/raw/exp88_manifold_main_results/ring_integrate_ssm_seed1.json,14254,a5b0ce10c6b1e0cc94a1f6db1d42e342d36b40e455ca9f2e8b1cdf92808f58ff,exp88_manifold_main_results/ring_integrate_ssm_seed1.json
paper/evidence/raw/exp88_manifold_main_results/ring_integrate_ssm_seed2.json,14229,5eeb7365d8f28d7ecc07a74dab2ab886911a5890c32ca3886f2e381ee3afd4bf,exp88_manifold_main_results/ring_integrate_ssm_seed2.json
paper/evidence/raw/exp88_manifold_main_results/surface_hold_am_lru_allslow_seed0.json,11317,ed35676209cc0faba8048bba2c5df2dd0b7591bd0aa19879741e05ff9e8855e2,exp88_manifold_main_results/surface_hold_am_lru_allslow_seed0.json
paper/evidence/raw/exp88_manifold_main_results/surface_hold_am_lru_allslow_seed1.json,11302,15fd700abb52cac19d79636a6db149281288b34c816e9512b24aa2faa546692a,exp88_manifold_main_results/surface_hold_am_lru_allslow_seed1.json
paper/evidence/raw/exp88_manifold_main_results/surface_hold_am_lru_allslow_seed2.json,11296,1d0d31d50ff8a6ad6fd6a7cb1ce1991a9ccd40fb5f324d2d541e05d04f767add,exp88_manifold_main_results/surface_hold_am_lru_allslow_seed2.json
paper/evidence/raw/exp88_manifold_main_results/surface_hold_am_lru_eps0_seed0.json,11415,fe4e91e629e8f886135fa6672996d47859198ea930ddf75344791a73be17ccf8,exp88_manifold_main_results/surface_hold_am_lru_eps0_seed0.json
paper/evidence/raw/exp88_manifold_main_results/surface_hold_am_lru_eps0_seed1.json,11432,cf613dcaa82cf41eb10593d958ba22bbdc1d552ebacb8f4961db8bd35c947b8f,exp88_manifold_main_results/surface_hold_am_lru_eps0_seed1.json
paper/evidence/raw/exp88_manifold_main_results/surface_hold_am_lru_eps0_seed2.json,11427,a0d52739a980aa34ebba2a3fffd58db7928470ab27e33364b5f21974ff1273f7,exp88_manifold_main_results/surface_hold_am_lru_eps0_seed2.json
paper/evidence/raw/exp88_manifold_main_results/surface_hold_am_lru_eps1e-4_seed0.json,11421,7654ca0104bd1f08327f79ce4c5b87f0942a540cdf5420592156be24088a5863,exp88_manifold_main_results/surface_hold_am_lru_eps1e-4_seed0.json
paper/evidence/raw/exp88_manifold_main_results/surface_hold_am_lru_eps1e-4_seed1.json,11454,b1072247954feefb4fcc1716aa6f95afa524294a264a4f809b2f66c7449ad548,exp88_manifold_main_results/surface_hold_am_lru_eps1e-4_seed1.json
paper/evidence/raw/exp88_manifold_main_results/surface_hold_am_lru_eps1e-4_seed2.json,11407,06cf6f97fa0367c56a4733f3366c5b9051ad227b539a32a3029671cb3f0995d2,exp88_manifold_main_results/surface_hold_am_lru_eps1e-4_seed2.json
paper/evidence/raw/exp88_manifold_main_results/surface_hold_am_lru_eps3e-5_seed0.json,11419,ffa1ee48548003c1b056ee447bf876ab3d0637b778a752cc78da30c53e10d874,exp88_manifold_main_results/surface_hold_am_lru_eps3e-5_seed0.json
paper/evidence/raw/exp88_manifold_main_results/surface_hold_am_lru_eps3e-5_seed1.json,11417,6e34c5aaaa5cb289cd50d95f04ed813412760df7d440c2ad2197f4f83c09167d,exp88_manifold_main_results/surface_hold_am_lru_eps3e-5_seed1.json
paper/evidence/raw/exp88_manifold_main_results/surface_hold_am_lru_eps3e-5_seed2.json,11407,c38e079547db051307858fa324c0990ca6d0b83565fe88a768e6fd3eeccb78fc,exp88_manifold_main_results/surface_hold_am_lru_eps3e-5_seed2.json
paper/evidence/raw/exp88_manifold_main_results/surface_hold_am_lru_eta0_seed0.json,11262,bdafcd12fa324e70cdd740e043d8967f02ba6050ab17381d647222be00726249,exp88_manifold_main_results/surface_hold_am_lru_eta0_seed0.json
paper/evidence/raw/exp88_manifold_main_results/surface_hold_am_lru_eta0_seed1.json,11260,5b98267c958dae3cd8424ae6bf5e1e84cbe652e06430aeb8bda28ca86d1fe96e,exp88_manifold_main_results/surface_hold_am_lru_eta0_seed1.json
paper/evidence/raw/exp88_manifold_main_results/surface_hold_am_lru_eta0_seed2.json,11279,7d191f619a5a449b7d9b65b48d68af04a81740559272d4a19bca43a99528824c,exp88_manifold_main_results/surface_hold_am_lru_eta0_seed2.json
paper/evidence/raw/exp88_manifold_main_results/surface_hold_gru_seed0.json,11193,3a8f7b3749f0de49d8deecbd002100be1751ce23c76f557e72ee87b7988ef2d1,exp88_manifold_main_results/surface_hold_gru_seed0.json
paper/evidence/raw/exp88_manifold_main_results/surface_hold_gru_seed1.json,11176,c03bf2300ef8bf5230e9369d6805f51c5917d04f644a6bb4b85263858d6515ed,exp88_manifold_main_results/surface_hold_gru_seed1.json
paper/evidence/raw/exp88_manifold_main_results/surface_hold_gru_seed2.json,11197,9cf0204807c5bd7f723cd0fb17c3710600ff1e87bbbc2e02afd13748c2821618,exp88_manifold_main_results/surface_hold_gru_seed2.json
paper/evidence/raw/exp88_manifold_main_results/surface_hold_lru_seed0.json,11179,9ebc4a38bdb75c91503f43e5ab9c815fbe5cb3ccb733d24e530be7d8d3b130bd,exp88_manifold_main_results/surface_hold_lru_seed0.json
paper/evidence/raw/exp88_manifold_main_results/surface_hold_lru_seed1.json,11151,3cdd64a4733564b83f89b1cb3c21b4dc6e2ebf4e5ee3a42569ac2360cc851673,exp88_manifold_main_results/surface_hold_lru_seed1.json
paper/evidence/raw/exp88_manifold_main_results/surface_hold_lru_seed2.json,11159,2e293deaad795beba6639f9480860560a1a69686f407c37dd8e9158b957b1d1d,exp88_manifold_main_results/surface_hold_lru_seed2.json
paper/evidence/raw/exp88_manifold_main_results/surface_hold_lstm_seed0.json,11104,331e2bdbc66a84692d16aa3c6cd3d6d4687749d4a27e440039721ec2540d1c1d,exp88_manifold_main_results/surface_hold_lstm_seed0.json
paper/evidence/raw/exp88_manifold_main_results/surface_hold_lstm_seed1.json,11114,ff02d025b6d30d24703e1935219b03a34633cbf2cda65495d3fe455a5784ce74,exp88_manifold_main_results/surface_hold_lstm_seed1.json
paper/evidence/raw/exp88_manifold_main_results/surface_hold_lstm_seed2.json,11064,9bda7a755146d5b6021a7db36906e71dc88eba817b54984f4e920ff1149f54f4,exp88_manifold_main_results/surface_hold_lstm_seed2.json
paper/evidence/raw/exp88_manifold_main_results/surface_hold_rnn_seed0.json,11051,795769164575270878353a99c21d661f9049e5a77984efaeee8151ca90efeb5f,exp88_manifold_main_results/surface_hold_rnn_seed0.json
paper/evidence/raw/exp88_manifold_main_results/surface_hold_rnn_seed1.json,11103,123826e36902fc4db038a23056e56f8d17ea0eb5f1b20a98799d149ca6fcc3f3,exp88_manifold_main_results/surface_hold_rnn_seed1.json
paper/evidence/raw/exp88_manifold_main_results/surface_hold_rnn_seed2.json,11105,fad64334f67006b54063044aaddd2da728a7fd08c4769afd18e28c89a60aea15,exp88_manifold_main_results/surface_hold_rnn_seed2.json
paper/evidence/raw/exp88_manifold_main_results/surface_hold_ssm_seed0.json,11224,62225f3a99c54e5b9f8503cf13bebe21aaf44ccc88a4dabfb3ba43300bb20a53,exp88_manifold_main_results/surface_hold_ssm_seed0.json
paper/evidence/raw/exp88_manifold_main_results/surface_hold_ssm_seed1.json,11208,fffd959bded9ec86673173bfe4adc68688b52580130550b8f93843b3f590148a,exp88_manifold_main_results/surface_hold_ssm_seed1.json
paper/evidence/raw/exp88_manifold_main_results/surface_hold_ssm_seed2.json,11210,b45ee6a5de2655e92f2949369811a9ec80c6f9d2c0af933ceba3f005d42ddbba,exp88_manifold_main_results/surface_hold_ssm_seed2.json
paper/evidence/raw/exp88_manifold_main_results/surface_integrate_am_lru_allslow_seed0.json,14391,3838bc6495e6839f0aac422d4a63af40037920c0f6c24d033ef9f89f838022a3,exp88_manifold_main_results/surface_integrate_am_lru_allslow_seed0.json
paper/evidence/raw/exp88_manifold_main_results/surface_integrate_am_lru_allslow_seed1.json,14386,034afa3ab505be818007ffcc07b904daa863f4c8b2bf3aaf3e4407ca65e9f121,exp88_manifold_main_results/surface_integrate_am_lru_allslow_seed1.json
paper/evidence/raw/exp88_manifold_main_results/surface_integrate_am_lru_allslow_seed2.json,14388,6415697c6bfca154acd472c3484df29e75bb8fc28792f38f7931f696f68f4a88,exp88_manifold_main_results/surface_integrate_am_lru_allslow_seed2.json
paper/evidence/raw/exp88_manifold_main_results/surface_integrate_am_lru_eps0_seed0.json,14474,6a6baad832ddab0439c7821b55d346cb0fe9a4c9af1b66c26e509d3f4548d9a9,exp88_manifold_main_results/surface_integrate_am_lru_eps0_seed0.json
paper/evidence/raw/exp88_manifold_main_results/surface_integrate_am_lru_eps0_seed1.json,14496,b70f7ac4b7c35a695f28dff9994af8927de17a7cfe504c63f2f73759f329fd1d,exp88_manifold_main_results/surface_integrate_am_lru_eps0_seed1.json
paper/evidence/raw/exp88_manifold_main_results/surface_integrate_am_lru_eps0_seed2.json,14477,d7a4b319151ada428e0d9e0d8426f110a7765a9346a69194d6b74b69b11dcdea,exp88_manifold_main_results/surface_integrate_am_lru_eps0_seed2.json
paper/evidence/raw/exp88_manifold_main_results/surface_integrate_am_lru_eps1e-4_seed0.json,14485,9cd1cac73453900e1beee1813c7f6e557385156afb0dcb4090b4219baa4e04d0,exp88_manifold_main_results/surface_integrate_am_lru_eps1e-4_seed0.json
paper/evidence/raw/exp88_manifold_main_results/surface_integrate_am_lru_eps1e-4_seed1.json,14484,a903d83281fb9f64aff356494876c58fc59ab1718a0c598fb4ca722464c7a077,exp88_manifold_main_results/surface_integrate_am_lru_eps1e-4_seed1.json
paper/evidence/raw/exp88_manifold_main_results/surface_integrate_am_lru_eps1e-4_seed2.json,14475,92c07f32f1bf570c238b1278dd8cadc588cba4e0d953f271fb66265d91896149,exp88_manifold_main_results/surface_integrate_am_lru_eps1e-4_seed2.json
paper/evidence/raw/exp88_manifold_main_results/surface_integrate_am_lru_eps3e-5_seed0.json,14484,229d368a41b04738871ebf34899803454e17d8470b1159dfe15f67976b10e4b6,exp88_manifold_main_results/surface_integrate_am_lru_eps3e-5_seed0.json
paper/evidence/raw/exp88_manifold_main_results/surface_integrate_am_lru_eps3e-5_seed1.json,14499,0529eb48b5e0fbf669e25b9cce9806ec2e2bbf93ee505c02e01ed9f68bf4df07,exp88_manifold_main_results/surface_integrate_am_lru_eps3e-5_seed1.json
paper/evidence/raw/exp88_manifold_main_results/surface_integrate_am_lru_eps3e-5_seed2.json,14480,670174447fe6d6fb0307dd08f50fec1d189ff99aa29bd044102a2b510d878285,exp88_manifold_main_results/surface_integrate_am_lru_eps3e-5_seed2.json
paper/evidence/raw/exp88_manifold_main_results/surface_integrate_am_lru_eta0_seed0.json,14353,b13f7f812d1a143d891558fb2baac9a6748e4cd530af135bf10faa0060152a89,exp88_manifold_main_results/surface_integrate_am_lru_eta0_seed0.json
paper/evidence/raw/exp88_manifold_main_results/surface_integrate_am_lru_eta0_seed1.json,14346,86957020c4fc9e7d94a3e8c080d5e1caac22f4419b988e5e303914a8d390a04a,exp88_manifold_main_results/surface_integrate_am_lru_eta0_seed1.json
paper/evidence/raw/exp88_manifold_main_results/surface_integrate_am_lru_eta0_seed2.json,14360,a34166cb433069fbf9183ab52ecf9a8d3ef74b5761204524688a913e1f2afa43,exp88_manifold_main_results/surface_integrate_am_lru_eta0_seed2.json
paper/evidence/raw/exp88_manifold_main_results/surface_integrate_gru_seed0.json,14275,e01fade2569c19d2ea00ac7c4dcbcaf02868f44fa1136396efa7d6dc732bccbf,exp88_manifold_main_results/surface_integrate_gru_seed0.json
paper/evidence/raw/exp88_manifold_main_results/surface_integrate_gru_seed1.json,14268,ec3d2019fbe75c0c7caadd89109e9c360cef0e95d8085a1d1fa2d259cccce38b,exp88_manifold_main_results/surface_integrate_gru_seed1.json
paper/evidence/raw/exp88_manifold_main_results/surface_integrate_gru_seed2.json,14235,a2a8d277e4dfbfe2c339b4f9c73edd7d95ff9a1b6ec23c8a95aab356db305f43,exp88_manifold_main_results/surface_integrate_gru_seed2.json
paper/evidence/raw/exp88_manifold_main_results/surface_integrate_lru_seed0.json,14259,37e20c48187539acd76735f8074a3d8111b58a33307e01c6a004d249e9528758,exp88_manifold_main_results/surface_integrate_lru_seed0.json
paper/evidence/raw/exp88_manifold_main_results/surface_integrate_lru_seed1.json,14211,6527331950b68949f580d30b8f8828de66aa49e213ec9a2c13f9e0ab7216b12c,exp88_manifold_main_results/surface_integrate_lru_seed1.json
paper/evidence/raw/exp88_manifold_main_results/surface_integrate_lru_seed2.json,14210,468133c5dc8c8ddc18c45d02734365d1174a844813a69677d095fe9b34654453,exp88_manifold_main_results/surface_integrate_lru_seed2.json
paper/evidence/raw/exp88_manifold_main_results/surface_integrate_lstm_seed0.json,14225,674b7bcd0f063cef4f9a07143b16b892fe203a818873a56c371f6ab3cfe70158,exp88_manifold_main_results/surface_integrate_lstm_seed0.json
paper/evidence/raw/exp88_manifold_main_results/surface_integrate_lstm_seed1.json,14168,3d9a40c248c145f5b15e46e142eec2b06aaaa5d2f3d58f83ab961e341c59df18,exp88_manifold_main_results/surface_integrate_lstm_seed1.json
paper/evidence/raw/exp88_manifold_main_results/surface_integrate_lstm_seed2.json,14205,8dab565db394aad420a3deff4cc90e13c85c595ab67988d6a43ce1ef84e1e6a1,exp88_manifold_main_results/surface_integrate_lstm_seed2.json
paper/evidence/raw/exp88_manifold_main_results/surface_integrate_rnn_seed0.json,14170,5395008b9a00a2822ba7d3c230d6d1bfd6a7d2ffe43471cd21e78ab18968d918,exp88_manifold_main_results/surface_integrate_rnn_seed0.json
paper/evidence/raw/exp88_manifold_main_results/surface_integrate_rnn_seed1.json,14160,33a30985a2b38929a8c127a60968f4c3a63919fa1f7ebf44491ba8125c9074b6,exp88_manifold_main_results/surface_integrate_rnn_seed1.json
paper/evidence/raw/exp88_manifold_main_results/surface_integrate_rnn_seed2.json,14174,c7b019f48cbf35a7f21e43f7800a5d1a43e2a0ba4ddb9bdaac618fe44088b34f,exp88_manifold_main_results/surface_integrate_rnn_seed2.json
paper/evidence/raw/exp88_manifold_main_results/surface_integrate_ssm_seed0.json,14280,e669df307cab132ffe4933678d7bfccd240347ecea05b1dffdafcec50f53b210,exp88_manifold_main_results/surface_integrate_ssm_seed0.json
paper/evidence/raw/exp88_manifold_main_results/surface_integrate_ssm_seed1.json,14278,620e385e0f4cdaad83d04b54df8c8bd4216c888bde9e752600018f81ff06fe9b,exp88_manifold_main_results/surface_integrate_ssm_seed1.json
paper/evidence/raw/exp88_manifold_main_results/surface_integrate_ssm_seed2.json,14256,f2d0d141fb6b4eb31f22e93cfc82776e3e84f50e3f7c7ebe89247c0e42bee476,exp88_manifold_main_results/surface_integrate_ssm_seed2.json
paper/evidence/raw/exp88_manifold_main_results/torus_hold_am_lru_allslow_seed0.json,11281,dcd6de554ca6d1076dccfb771621b5c155072e4fe7e0f663882eb8b7a28f1eb8,exp88_manifold_main_results/torus_hold_am_lru_allslow_seed0.json
paper/evidence/raw/exp88_manifold_main_results/torus_hold_am_lru_allslow_seed1.json,11284,26f1a247c49c332eedde37c35930fdc3e543ffeb43c37aa1bc9aecd687d7c34a,exp88_manifold_main_results/torus_hold_am_lru_allslow_seed1.json
paper/evidence/raw/exp88_manifold_main_results/torus_hold_am_lru_allslow_seed2.json,11296,c15cea7f53b8ad935979b125b8ccd13b3ec9cd292f9cdad8d18e032fae47bf79,exp88_manifold_main_results/torus_hold_am_lru_allslow_seed2.json
paper/evidence/raw/exp88_manifold_main_results/torus_hold_am_lru_eps0_seed0.json,11383,cf8dcd80dffdaa34542fabbf7228e2d1a2d51c85c73bbe21297e64d9bd06c105,exp88_manifold_main_results/torus_hold_am_lru_eps0_seed0.json
paper/evidence/raw/exp88_manifold_main_results/torus_hold_am_lru_eps0_seed1.json,11391,e2d7bde9380fbcd0cc5ba826bbbb0aafe80ca65979140f0c3d339067c79fcad1,exp88_manifold_main_results/torus_hold_am_lru_eps0_seed1.json
paper/evidence/raw/exp88_manifold_main_results/torus_hold_am_lru_eps0_seed2.json,11380,67d2704985779762b676cc994ef37c821d6de094d278b2f3aebefc045491034c,exp88_manifold_main_results/torus_hold_am_lru_eps0_seed2.json
paper/evidence/raw/exp88_manifold_main_results/torus_hold_am_lru_eps1e-4_seed0.json,11417,65932792c89dc0de267ec5a913dbafc517a13e459405367f98104bb21728fa63,exp88_manifold_main_results/torus_hold_am_lru_eps1e-4_seed0.json
paper/evidence/raw/exp88_manifold_main_results/torus_hold_am_lru_eps1e-4_seed1.json,11446,238d40990f39c0a1fb40916326fbd561d8479eb84a939aa3ea0beb5977101725,exp88_manifold_main_results/torus_hold_am_lru_eps1e-4_seed1.json
paper/evidence/raw/exp88_manifold_main_results/torus_hold_am_lru_eps1e-4_seed2.json,11397,2ea22b010a7de136a163d1868a14c05e5d1c522e6d2c371c219528aa4feb70eb,exp88_manifold_main_results/torus_hold_am_lru_eps1e-4_seed2.json
paper/evidence/raw/exp88_manifold_main_results/torus_hold_am_lru_eps3e-5_seed0.json,11424,3c45772b62862ac4a6df1f3cd50558bfa99a2b316c987c8b845a8f59dcccc5c5,exp88_manifold_main_results/torus_hold_am_lru_eps3e-5_seed0.json
paper/evidence/raw/exp88_manifold_main_results/torus_hold_am_lru_eps3e-5_seed1.json,11392,08f4b2b798a4d27c0d2448010a6dedab2d543e0614d8e48a83dd1c43bc2f1093,exp88_manifold_main_results/torus_hold_am_lru_eps3e-5_seed1.json
paper/evidence/raw/exp88_manifold_main_results/torus_hold_am_lru_eps3e-5_seed2.json,11409,653d7723190125c767c59407b27cc9b580bb5d4a852a65df3ff2d489926070b6,exp88_manifold_main_results/torus_hold_am_lru_eps3e-5_seed2.json
paper/evidence/raw/exp88_manifold_main_results/torus_hold_am_lru_eta0_seed0.json,11236,6b79234b1b62dc5d4e0ed868b294866750033caa43f71593f79ac6a87cc3efc6,exp88_manifold_main_results/torus_hold_am_lru_eta0_seed0.json
paper/evidence/raw/exp88_manifold_main_results/torus_hold_am_lru_eta0_seed1.json,11236,b66ef2b35064d3ec619f7ca59f084743869190e271227b43be5c08b7044164ad,exp88_manifold_main_results/torus_hold_am_lru_eta0_seed1.json
paper/evidence/raw/exp88_manifold_main_results/torus_hold_am_lru_eta0_seed2.json,11229,ba66ed8d5eee6672628a7d227940bcd52b42e0744f24227f5767f6eaf4278e34,exp88_manifold_main_results/torus_hold_am_lru_eta0_seed2.json
paper/evidence/raw/exp88_manifold_main_results/torus_hold_gru_seed0.json,11187,e8e4200c2a0498933b6338c47aab27bf08bd6c9798b8b1e1d31a5e96863f654a,exp88_manifold_main_results/torus_hold_gru_seed0.json
paper/evidence/raw/exp88_manifold_main_results/torus_hold_gru_seed1.json,11186,f0420f803857eb87987def878d7a562e978c9edd3f0ccebdca9722f523b7fcde,exp88_manifold_main_results/torus_hold_gru_seed1.json
paper/evidence/raw/exp88_manifold_main_results/torus_hold_gru_seed2.json,11179,ca12f8a745bd7febff67309c77eea329e8c0e8b498d041aaa9cb345e3b1f9efb,exp88_manifold_main_results/torus_hold_gru_seed2.json
paper/evidence/raw/exp88_manifold_main_results/torus_hold_lru_seed0.json,11174,ad0d65da36d98c8cf77b96f97661c1675a3ec207834042162b79eab89d94ce9c,exp88_manifold_main_results/torus_hold_lru_seed0.json
paper/evidence/raw/exp88_manifold_main_results/torus_hold_lru_seed1.json,11142,30266ea72678b2862d3616ebbf458e9e84704813644491665585fd000e7fbe23,exp88_manifold_main_results/torus_hold_lru_seed1.json
paper/evidence/raw/exp88_manifold_main_results/torus_hold_lru_seed2.json,11197,0e37bac62279101ba3745a5dca3161baa9ffd07b2f6ad6bf558bcfaac63b50b3,exp88_manifold_main_results/torus_hold_lru_seed2.json
paper/evidence/raw/exp88_manifold_main_results/torus_hold_lstm_seed0.json,11093,ffbed4914fef3eb1e1a7bb26ac6a7051a50d507c26bf98e83c2b9142de60355d,exp88_manifold_main_results/torus_hold_lstm_seed0.json
paper/evidence/raw/exp88_manifold_main_results/torus_hold_lstm_seed1.json,11092,254d4109f944e4faa338e1407a5aa8b70b1183893e06d993ddce437cab2ac6a6,exp88_manifold_main_results/torus_hold_lstm_seed1.json
paper/evidence/raw/exp88_manifold_main_results/torus_hold_lstm_seed2.json,11095,f0863e74f08e56cf08185a696d0dacc5afc468ac4248a027ee20de600a80948f,exp88_manifold_main_results/torus_hold_lstm_seed2.json
paper/evidence/raw/exp88_manifold_main_results/torus_hold_rnn_seed0.json,11178,d672e562636832e1d6b93413c8d31b03908bb63da3bd2acc14224cf56e8e65dd,exp88_manifold_main_results/torus_hold_rnn_seed0.json
paper/evidence/raw/exp88_manifold_main_results/torus_hold_rnn_seed1.json,11157,1a7bcb5d0f1e535f037af4c55bab1b71fc4bb08e8deea23cea17c657851649fe,exp88_manifold_main_results/torus_hold_rnn_seed1.json
paper/evidence/raw/exp88_manifold_main_results/torus_hold_rnn_seed2.json,11121,f10e871e6109a47062f0e001f3119abe5666d6137133b8cb9224ebcb7b97971d,exp88_manifold_main_results/torus_hold_rnn_seed2.json
paper/evidence/raw/exp88_manifold_main_results/torus_hold_ssm_seed0.json,11202,c932a2c7eda318d5a84bc440ab30e8497546f3f0d6f0a925e71983abbdcae484,exp88_manifold_main_results/torus_hold_ssm_seed0.json
paper/evidence/raw/exp88_manifold_main_results/torus_hold_ssm_seed1.json,11202,b3922aecdcebd9d4dc55a3f4f09a1b9d2571a5641136412008e3129c4e2d235b,exp88_manifold_main_results/torus_hold_ssm_seed1.json
paper/evidence/raw/exp88_manifold_main_results/torus_hold_ssm_seed2.json,11183,741a7eac1f156b7c3394267cfc5c38d31037495d82db8814136b2ecbd012421b,exp88_manifold_main_results/torus_hold_ssm_seed2.json
paper/evidence/raw/exp88_manifold_main_results/torus_integrate_am_lru_allslow_seed0.json,14336,71b2bda254093266314dc28f4cc664db6ce1393b9b52eac96dc646d7152346ae,exp88_manifold_main_results/torus_integrate_am_lru_allslow_seed0.json
paper/evidence/raw/exp88_manifold_main_results/torus_integrate_am_lru_allslow_seed1.json,14352,368b2a40e2e2c053942cc6ddaf4bfb451619e23cfcdfd551f2884503e2889ec0,exp88_manifold_main_results/torus_integrate_am_lru_allslow_seed1.json
paper/evidence/raw/exp88_manifold_main_results/torus_integrate_am_lru_allslow_seed2.json,14349,73b9c01b29c02eb7e0679fa28fd1aadbe84f39ce4aad6ab2fa5f5738d2b7b2cd,exp88_manifold_main_results/torus_integrate_am_lru_allslow_seed2.json
paper/evidence/raw/exp88_manifold_main_results/torus_integrate_am_lru_eps0_seed0.json,14418,66b61543f372d0519abb7cbb44d80ab9ca69781fa96aa386c70be88b597cf902,exp88_manifold_main_results/torus_integrate_am_lru_eps0_seed0.json
paper/evidence/raw/exp88_manifold_main_results/torus_integrate_am_lru_eps0_seed1.json,14431,9e2c3d3f49c4a86ae18a07575e67efb25226d136eaaf4b08becd2951091600d7,exp88_manifold_main_results/torus_integrate_am_lru_eps0_seed1.json
paper/evidence/raw/exp88_manifold_main_results/torus_integrate_am_lru_eps0_seed2.json,14430,d30d142a07a25be0abda166787809ef0bad55ea9e980cade192119b01e3d1700,exp88_manifold_main_results/torus_integrate_am_lru_eps0_seed2.json
paper/evidence/raw/exp88_manifold_main_results/torus_integrate_am_lru_eps1e-4_seed0.json,14419,93f3ad7d19c3b689b7eecf135e3e8911f345e5e631e921ec81620d2fbd925385,exp88_manifold_main_results/torus_integrate_am_lru_eps1e-4_seed0.json
paper/evidence/raw/exp88_manifold_main_results/torus_integrate_am_lru_eps1e-4_seed1.json,14441,598657d138e008719c70f91d8a5caeead6c171894cc11f68230335ee100b5811,exp88_manifold_main_results/torus_integrate_am_lru_eps1e-4_seed1.json
paper/evidence/raw/exp88_manifold_main_results/torus_integrate_am_lru_eps1e-4_seed2.json,14442,32002d4f971d240f2e74306eb92fa5d3c6900157a9ba31c84b18793feae9348f,exp88_manifold_main_results/torus_integrate_am_lru_eps1e-4_seed2.json
paper/evidence/raw/exp88_manifold_main_results/torus_integrate_am_lru_eps3e-5_seed0.json,14448,3d9f4faf2e04535a043cbf7cd97dc9be2ceb6280abbb26ad4086f74584e3f5c3,exp88_manifold_main_results/torus_integrate_am_lru_eps3e-5_seed0.json
paper/evidence/raw/exp88_manifold_main_results/torus_integrate_am_lru_eps3e-5_seed1.json,14429,5695dd13b006b812e56cd6a02c19ddf3d42a3f0c4d7042492a9eabfbeb8a6094,exp88_manifold_main_results/torus_integrate_am_lru_eps3e-5_seed1.json
paper/evidence/raw/exp88_manifold_main_results/torus_integrate_am_lru_eps3e-5_seed2.json,14426,d52185ff217da5830fdb6b1bddbb7e9eb877f92957872d4aebca2a02618797bc,exp88_manifold_main_results/torus_integrate_am_lru_eps3e-5_seed2.json
paper/evidence/raw/exp88_manifold_main_results/torus_integrate_am_lru_eta0_seed0.json,14295,2f8886eb66f4996ce87ecdfb9b56d731ed1701e2a30c45658a3af2245bf49b1d,exp88_manifold_main_results/torus_integrate_am_lru_eta0_seed0.json
paper/evidence/raw/exp88_manifold_main_results/torus_integrate_am_lru_eta0_seed1.json,14288,128344e208b9b2226149e23751eed097fbf36fca5752031bc29d427055bb218d,exp88_manifold_main_results/torus_integrate_am_lru_eta0_seed1.json
paper/evidence/raw/exp88_manifold_main_results/torus_integrate_am_lru_eta0_seed2.json,14279,7bdd3f9823b2cb77289700db20f27b51e9b72c6b536f09f04bf1e66737a32ffd,exp88_manifold_main_results/torus_integrate_am_lru_eta0_seed2.json
paper/evidence/raw/exp88_manifold_main_results/torus_integrate_gru_seed0.json,14156,c5e655b3418ce4428bb07609811ad1c1c12f526918950f40d936d14fd81c305c,exp88_manifold_main_results/torus_integrate_gru_seed0.json
paper/evidence/raw/exp88_manifold_main_results/torus_integrate_gru_seed1.json,14162,a9989ff14d42ebeb596ef810ec986c168bcfea253cca00e9645456b08dd55526,exp88_manifold_main_results/torus_integrate_gru_seed1.json
paper/evidence/raw/exp88_manifold_main_results/torus_integrate_gru_seed2.json,14136,6f574644fbf4e274fd897997e7e4963766066570739efa37772616094698232b,exp88_manifold_main_results/torus_integrate_gru_seed2.json
paper/evidence/raw/exp88_manifold_main_results/torus_integrate_lru_seed0.json,14220,0233dca870144bddf158bbb4201c85377055b8d73961c5490ba4afe8e5d5c1a6,exp88_manifold_main_results/torus_integrate_lru_seed0.json
paper/evidence/raw/exp88_manifold_main_results/torus_integrate_lru_seed1.json,14185,5cbae06c37cc36cd4b052ecf6fbd35ceb665a8c3959e7d51b58aad51237dbe89,exp88_manifold_main_results/torus_integrate_lru_seed1.json
paper/evidence/raw/exp88_manifold_main_results/torus_integrate_lru_seed2.json,14226,8591e013b50ace224fc65a46dd97964845379217c3f52749823219721c427700,exp88_manifold_main_results/torus_integrate_lru_seed2.json
paper/evidence/raw/exp88_manifold_main_results/torus_integrate_lstm_seed0.json,14132,ac6da753d30f3430a7715b777e76f397e80c938320cb602a09169fae1969890b,exp88_manifold_main_results/torus_integrate_lstm_seed0.json
paper/evidence/raw/exp88_manifold_main_results/torus_integrate_lstm_seed1.json,14154,afc96212cead8ba42f367af5d2c7fd538dffe8fa5734b6207fd57b68c753a35a,exp88_manifold_main_results/torus_integrate_lstm_seed1.json
paper/evidence/raw/exp88_manifold_main_results/torus_integrate_lstm_seed2.json,14132,95e51866953573a96f86a6d040e5c21de03c42e5c8cde30ea2bad614b9e84dd7,exp88_manifold_main_results/torus_integrate_lstm_seed2.json
paper/evidence/raw/exp88_manifold_main_results/torus_integrate_rnn_seed0.json,14112,e25c8e0a160fde6c8ea03b32a85ca430cffd68de1d1f766ea7bad65df43360d5,exp88_manifold_main_results/torus_integrate_rnn_seed0.json
paper/evidence/raw/exp88_manifold_main_results/torus_integrate_rnn_seed1.json,14122,917c922e22753012c327fc4c0908b570a9e03db2dbcfaeea4ff3c481a249b1f2,exp88_manifold_main_results/torus_integrate_rnn_seed1.json
paper/evidence/raw/exp88_manifold_main_results/torus_integrate_rnn_seed2.json,14082,dead3beccef70234c38f3c5db86ffb76d9c62c3b8444fb328e901e83cd31851c,exp88_manifold_main_results/torus_integrate_rnn_seed2.json
paper/evidence/raw/exp88_manifold_main_results/torus_integrate_ssm_seed0.json,14248,23e239c43c384dba4aeb31948857820356222639a919ccf07798cc33bbe5220b,exp88_manifold_main_results/torus_integrate_ssm_seed0.json
paper/evidence/raw/exp88_manifold_main_results/torus_integrate_ssm_seed1.json,14233,cac588813c718bfc5a186fbe2f744b2dc8a43300c58112d6e20d50c0b0b96ded,exp88_manifold_main_results/torus_integrate_ssm_seed1.json
paper/evidence/raw/exp88_manifold_main_results/torus_integrate_ssm_seed2.json,14230,0e1a595d194f0e3b8b2ef337e2793c550ce187135bf093a1506db875453a707d,exp88_manifold_main_results/torus_integrate_ssm_seed2.json
paper/evidence/raw/exp88_writer_sweep_results/complex_curve_hold_am_lru_nw_eps0_seed0.json,11416,5cbcd6523565926271d6642b330660eb38c1423b5bc64d77149efbe67bb1bae5,exp88_writer_sweep_results/complex_curve_hold_am_lru_nw_eps0_seed0.json
paper/evidence/raw/exp88_writer_sweep_results/complex_curve_hold_am_lru_nw_eps0_seed1.json,11398,067011ab9d653affddcdbbf13a7324786dcf0563563b023f5c749e06b6ad633f,exp88_writer_sweep_results/complex_curve_hold_am_lru_nw_eps0_seed1.json
paper/evidence/raw/exp88_writer_sweep_results/complex_curve_hold_am_lru_nw_eps0_seed2.json,11381,7a1c13d00f4ee3d731c7416661c62f7a3fa6e7a5d7bdd73befbf2be3c9d896bc,exp88_writer_sweep_results/complex_curve_hold_am_lru_nw_eps0_seed2.json
paper/evidence/raw/exp88_writer_sweep_results/complex_curve_hold_am_lru_nw_eps1e-4_seed0.json,11394,5bc91bc41efc5df5bdff1d8ce8fd2bdf1ecd356a0412d1fffa48143147c0aad9,exp88_writer_sweep_results/complex_curve_hold_am_lru_nw_eps1e-4_seed0.json
paper/evidence/raw/exp88_writer_sweep_results/complex_curve_hold_am_lru_nw_eps1e-4_seed1.json,11425,e870bea60c962daeb4c2a3a4d8928623f1b0ea40fdb1ca965f5f72938306ceae,exp88_writer_sweep_results/complex_curve_hold_am_lru_nw_eps1e-4_seed1.json
paper/evidence/raw/exp88_writer_sweep_results/complex_curve_hold_am_lru_nw_eps1e-4_seed2.json,11418,d37baae1e13eb47a39920ff4564bb1c89b604cd46d4f41d7c041ca32503d37fb,exp88_writer_sweep_results/complex_curve_hold_am_lru_nw_eps1e-4_seed2.json
paper/evidence/raw/exp88_writer_sweep_results/complex_curve_hold_am_lru_nw_eps3e-5_seed0.json,11411,c0b6262e07daa493c91bc8cd351afd2f3b33636daea26e7a002bba0ff03669f4,exp88_writer_sweep_results/complex_curve_hold_am_lru_nw_eps3e-5_seed0.json
paper/evidence/raw/exp88_writer_sweep_results/complex_curve_hold_am_lru_nw_eps3e-5_seed1.json,11411,46f98edb2cbd804c7bb5366e5f63b31b7eb484a9ab048a9b23816cbffc41e2dd,exp88_writer_sweep_results/complex_curve_hold_am_lru_nw_eps3e-5_seed1.json
paper/evidence/raw/exp88_writer_sweep_results/complex_curve_hold_am_lru_nw_eps3e-5_seed2.json,11415,2fd6d5c75f3c4e914e1c70226d1f0613ea11ea31257e176ee8afd1af7acf69fb,exp88_writer_sweep_results/complex_curve_hold_am_lru_nw_eps3e-5_seed2.json
paper/evidence/raw/exp88_writer_sweep_results/complex_curve_hold_am_lru_rnw_eps0_seed0.json,11409,fd7272bcf6317332f1794c6044a6a1717811a7eec720eff54ce7ba734691aef8,exp88_writer_sweep_results/complex_curve_hold_am_lru_rnw_eps0_seed0.json
paper/evidence/raw/exp88_writer_sweep_results/complex_curve_hold_am_lru_rnw_eps0_seed1.json,11404,9d85a61d20b876146069d24c716643f4aa79d85ae455ec4804223df25475410c,exp88_writer_sweep_results/complex_curve_hold_am_lru_rnw_eps0_seed1.json
paper/evidence/raw/exp88_writer_sweep_results/complex_curve_hold_am_lru_rnw_eps0_seed2.json,11391,ddf12c103634c305e71fc3cffeca51644bf838b4bd8c42e0888c4805b1a0506b,exp88_writer_sweep_results/complex_curve_hold_am_lru_rnw_eps0_seed2.json
paper/evidence/raw/exp88_writer_sweep_results/complex_curve_hold_am_lru_rnw_eps1e-4_seed0.json,11427,175a09d76679180f00dfa1395234eccd781c47fa5ce6cf0452d4afb66ccbad3a,exp88_writer_sweep_results/complex_curve_hold_am_lru_rnw_eps1e-4_seed0.json
paper/evidence/raw/exp88_writer_sweep_results/complex_curve_hold_am_lru_rnw_eps1e-4_seed1.json,11397,d98e2fc3129ef2c7940b00fb10c34c6880228fb9500843e54126cc060e9bd0c9,exp88_writer_sweep_results/complex_curve_hold_am_lru_rnw_eps1e-4_seed1.json
paper/evidence/raw/exp88_writer_sweep_results/complex_curve_hold_am_lru_rnw_eps1e-4_seed2.json,11395,9763a361f78d8c1c4b69a597284fd8965a5638755c8d40e483c41821e66e46e9,exp88_writer_sweep_results/complex_curve_hold_am_lru_rnw_eps1e-4_seed2.json
paper/evidence/raw/exp88_writer_sweep_results/complex_curve_hold_am_lru_rnw_eps3e-5_seed0.json,11418,368771696b2d293df3a7a25d14233147b05c2ad201d86f315913de27aaeb27b2,exp88_writer_sweep_results/complex_curve_hold_am_lru_rnw_eps3e-5_seed0.json
paper/evidence/raw/exp88_writer_sweep_results/complex_curve_hold_am_lru_rnw_eps3e-5_seed1.json,11429,190d9406b8e6f510dae9b0cf89b1b1e6c86ed423301f2bcb4220bf0032c2d409,exp88_writer_sweep_results/complex_curve_hold_am_lru_rnw_eps3e-5_seed1.json
paper/evidence/raw/exp88_writer_sweep_results/complex_curve_hold_am_lru_rnw_eps3e-5_seed2.json,11406,661f472e2c9a2d8e405fba9950756b0ff7cc3c43ce3568b1d5b033b01b855577,exp88_writer_sweep_results/complex_curve_hold_am_lru_rnw_eps3e-5_seed2.json
paper/evidence/raw/exp88_writer_sweep_results/complex_curve_integrate_am_lru_nw_eps0_seed0.json,14462,3dd8ba19711eedcc158a21710ab42e651ef040fb5ed2fd5fc87da99a25c21113,exp88_writer_sweep_results/complex_curve_integrate_am_lru_nw_eps0_seed0.json
paper/evidence/raw/exp88_writer_sweep_results/complex_curve_integrate_am_lru_nw_eps0_seed1.json,14466,f07625f233112e295fb8b3f54dffd96408ba9f7929e96c72c35ffb196b637be9,exp88_writer_sweep_results/complex_curve_integrate_am_lru_nw_eps0_seed1.json
paper/evidence/raw/exp88_writer_sweep_results/complex_curve_integrate_am_lru_nw_eps0_seed2.json,14459,fd92103b5b0c87ad7a23f7e6452651917a066b4255b1a19688125c99573dc781,exp88_writer_sweep_results/complex_curve_integrate_am_lru_nw_eps0_seed2.json
paper/evidence/raw/exp88_writer_sweep_results/complex_curve_integrate_am_lru_nw_eps1e-4_seed0.json,14469,c1d7774f1824aeeabea665f9be3c4bd32f186e35e9985037558348c1c6b37f8d,exp88_writer_sweep_results/complex_curve_integrate_am_lru_nw_eps1e-4_seed0.json
paper/evidence/raw/exp88_writer_sweep_results/complex_curve_integrate_am_lru_nw_eps1e-4_seed1.json,14478,94ca1df2fecb3c808451c0f638cf23abd0df2c4af7e8d6b8b1a31842e37b56da,exp88_writer_sweep_results/complex_curve_integrate_am_lru_nw_eps1e-4_seed1.json
paper/evidence/raw/exp88_writer_sweep_results/complex_curve_integrate_am_lru_nw_eps1e-4_seed2.json,14471,999c04bb01276c709e8e91ff91e003df3f2d42b894d578cbfbc5ce37d400f788,exp88_writer_sweep_results/complex_curve_integrate_am_lru_nw_eps1e-4_seed2.json
paper/evidence/raw/exp88_writer_sweep_results/complex_curve_integrate_am_lru_nw_eps3e-5_seed0.json,14497,fc164c29027bd2d65ac1d74c00e6c82ba2330dcce78857e2bb1d7ceb2a36b944,exp88_writer_sweep_results/complex_curve_integrate_am_lru_nw_eps3e-5_seed0.json
paper/evidence/raw/exp88_writer_sweep_results/complex_curve_integrate_am_lru_nw_eps3e-5_seed1.json,14485,86a0281ff83b6fefce91d7d8d22bbb5bf562cca454507dc7f13cf65aecaa5eff,exp88_writer_sweep_results/complex_curve_integrate_am_lru_nw_eps3e-5_seed1.json
paper/evidence/raw/exp88_writer_sweep_results/complex_curve_integrate_am_lru_nw_eps3e-5_seed2.json,14465,2c9189f18ce7d13dfa2637ac270fa5d25843d270e9e17a523f0ad936ce5996dc,exp88_writer_sweep_results/complex_curve_integrate_am_lru_nw_eps3e-5_seed2.json
paper/evidence/raw/exp88_writer_sweep_results/complex_curve_integrate_am_lru_rnw_eps0_seed0.json,14539,bfdd6097ca00a6b5a80cc563d276a0ecd9a1b059dad4c3f4347e94bf66269163,exp88_writer_sweep_results/complex_curve_integrate_am_lru_rnw_eps0_seed0.json
paper/evidence/raw/exp88_writer_sweep_results/complex_curve_integrate_am_lru_rnw_eps0_seed1.json,14518,dfdb6d17228ff6ad8de3a2bd77d802cccc48049d1cc499d8008838f8be4a036a,exp88_writer_sweep_results/complex_curve_integrate_am_lru_rnw_eps0_seed1.json
paper/evidence/raw/exp88_writer_sweep_results/complex_curve_integrate_am_lru_rnw_eps0_seed2.json,14514,f59efbc60fc06f221bb487ba60ce467fffefe217705229987bf69d28fa8e9fa6,exp88_writer_sweep_results/complex_curve_integrate_am_lru_rnw_eps0_seed2.json
paper/evidence/raw/exp88_writer_sweep_results/complex_curve_integrate_am_lru_rnw_eps1e-4_seed0.json,14563,f58b2bbe0bc67a319eedf36f0c7838a9ae1fb415a72c44b0a5901876647d161d,exp88_writer_sweep_results/complex_curve_integrate_am_lru_rnw_eps1e-4_seed0.json
paper/evidence/raw/exp88_writer_sweep_results/complex_curve_integrate_am_lru_rnw_eps1e-4_seed1.json,14557,edb3200d10141c1003720cd8aeb42286dff7d5e04dcffbbd0d4950d8b457b2e5,exp88_writer_sweep_results/complex_curve_integrate_am_lru_rnw_eps1e-4_seed1.json
paper/evidence/raw/exp88_writer_sweep_results/complex_curve_integrate_am_lru_rnw_eps1e-4_seed2.json,14565,30514e8f8b5c4ae8a513b3912f8f819c0443573256601dcc7d7dbe3509e74e07,exp88_writer_sweep_results/complex_curve_integrate_am_lru_rnw_eps1e-4_seed2.json
paper/evidence/raw/exp88_writer_sweep_results/complex_curve_integrate_am_lru_rnw_eps3e-5_seed0.json,14551,7e92c5de5fa20a9925f28a9bf60552f0b1a8fc5aac0619d19ae249de81bde8cb,exp88_writer_sweep_results/complex_curve_integrate_am_lru_rnw_eps3e-5_seed0.json
paper/evidence/raw/exp88_writer_sweep_results/complex_curve_integrate_am_lru_rnw_eps3e-5_seed1.json,14527,f0f90cb8836f344b8a6b14cbdaff54525731cf1800f3bd4afdcace718bc0ded4,exp88_writer_sweep_results/complex_curve_integrate_am_lru_rnw_eps3e-5_seed1.json
paper/evidence/raw/exp88_writer_sweep_results/complex_curve_integrate_am_lru_rnw_eps3e-5_seed2.json,14547,e6f13c5d5b9868d107ce0a944b73cec4c83f61fe2f706bf7ac392604df79c78f,exp88_writer_sweep_results/complex_curve_integrate_am_lru_rnw_eps3e-5_seed2.json
paper/evidence/raw/exp88_writer_sweep_results/ring_hold_am_lru_nw_eps0_seed0.json,11387,36d5e9e9bb4cbdfcd78ee053ba711f8f5278a85b21eefab6b77b0a1f2346df78,exp88_writer_sweep_results/ring_hold_am_lru_nw_eps0_seed0.json
paper/evidence/raw/exp88_writer_sweep_results/ring_hold_am_lru_nw_eps0_seed1.json,11378,defdd5c38bf6762fce1ea1f7977b4e67e6d43fc4bbd5954c6bcc994da9791f0d,exp88_writer_sweep_results/ring_hold_am_lru_nw_eps0_seed1.json
paper/evidence/raw/exp88_writer_sweep_results/ring_hold_am_lru_nw_eps0_seed2.json,11395,0c51688e31b875ea56dadeb394f54b83ef0fdea0aac88d4d11ce116bf6483db6,exp88_writer_sweep_results/ring_hold_am_lru_nw_eps0_seed2.json
paper/evidence/raw/exp88_writer_sweep_results/ring_hold_am_lru_nw_eps1e-4_seed0.json,11414,60ce2dcbee23977f5985d5bf54cc745dbca51b7682c3ca29e6185a0531777181,exp88_writer_sweep_results/ring_hold_am_lru_nw_eps1e-4_seed0.json
paper/evidence/raw/exp88_writer_sweep_results/ring_hold_am_lru_nw_eps1e-4_seed1.json,11375,3c9d6ab72a09719cab501edad139d898427dab9640f1ac3fada7a37281826ad6,exp88_writer_sweep_results/ring_hold_am_lru_nw_eps1e-4_seed1.json
paper/evidence/raw/exp88_writer_sweep_results/ring_hold_am_lru_nw_eps1e-4_seed2.json,11399,e10489a2c41c2bd5266decf802f6edb1efd828a0aeee1568c46b715427ecc2f9,exp88_writer_sweep_results/ring_hold_am_lru_nw_eps1e-4_seed2.json
paper/evidence/raw/exp88_writer_sweep_results/ring_hold_am_lru_nw_eps3e-5_seed0.json,11408,193938dbf981a3cb7f97d69594c60f0a737950e39219d705a70d88fe4f08316e,exp88_writer_sweep_results/ring_hold_am_lru_nw_eps3e-5_seed0.json
paper/evidence/raw/exp88_writer_sweep_results/ring_hold_am_lru_nw_eps3e-5_seed1.json,11393,fdaf1d8243f959a6340664a78d6cc0a1d477b2eb1e309165f7a7ffdfe09496d5,exp88_writer_sweep_results/ring_hold_am_lru_nw_eps3e-5_seed1.json
paper/evidence/raw/exp88_writer_sweep_results/ring_hold_am_lru_nw_eps3e-5_seed2.json,11381,3e14f528b5d57692937d748b3a0f6afdc3611dbd7cfd5ca9d1e64e6ba551a177,exp88_writer_sweep_results/ring_hold_am_lru_nw_eps3e-5_seed2.json
paper/evidence/raw/exp88_writer_sweep_results/ring_hold_am_lru_rnw_eps0_seed0.json,11395,df742cb1e99657c5aa82383e78c4dd8fe577e1bf337ff42cfeaa4b8d051de574,exp88_writer_sweep_results/ring_hold_am_lru_rnw_eps0_seed0.json
paper/evidence/raw/exp88_writer_sweep_results/ring_hold_am_lru_rnw_eps0_seed1.json,11389,3b041c80e2d443124edc999049a78759871c076b31c9892e7ab11461d8f427af,exp88_writer_sweep_results/ring_hold_am_lru_rnw_eps0_seed1.json
paper/evidence/raw/exp88_writer_sweep_results/ring_hold_am_lru_rnw_eps0_seed2.json,11407,c14af116e38e0d594829f2a2227f5d0560b22d5ba1c3bcee61a6655e547efffc,exp88_writer_sweep_results/ring_hold_am_lru_rnw_eps0_seed2.json
paper/evidence/raw/exp88_writer_sweep_results/ring_hold_am_lru_rnw_eps1e-4_seed0.json,11423,222e46bf121d13a1d9c01f23a1796f511509a73f01557a6df5ce7870aa27d00b,exp88_writer_sweep_results/ring_hold_am_lru_rnw_eps1e-4_seed0.json
paper/evidence/raw/exp88_writer_sweep_results/ring_hold_am_lru_rnw_eps1e-4_seed1.json,11409,51cffa1bb3137ee08693bda96b7d99d815c06cb7894bf120e4ea4e56d5e7c828,exp88_writer_sweep_results/ring_hold_am_lru_rnw_eps1e-4_seed1.json
paper/evidence/raw/exp88_writer_sweep_results/ring_hold_am_lru_rnw_eps1e-4_seed2.json,11433,bae531d24c1c6cebbfcf90b57ad98c7850a0a9536fd647bd11d6217a5fcb3346,exp88_writer_sweep_results/ring_hold_am_lru_rnw_eps1e-4_seed2.json
paper/evidence/raw/exp88_writer_sweep_results/ring_hold_am_lru_rnw_eps3e-5_seed0.json,11395,c3041ec9447bc2e5633e74330149af746ca6431be4b0747b74370da5fe3aa1fc,exp88_writer_sweep_results/ring_hold_am_lru_rnw_eps3e-5_seed0.json
paper/evidence/raw/exp88_writer_sweep_results/ring_hold_am_lru_rnw_eps3e-5_seed1.json,11406,cd6b3c81c5f0bbc2c1ab71abcb838f562fe0419c6130c1ba54ccde95e4cd4214,exp88_writer_sweep_results/ring_hold_am_lru_rnw_eps3e-5_seed1.json
paper/evidence/raw/exp88_writer_sweep_results/ring_hold_am_lru_rnw_eps3e-5_seed2.json,11418,32d518361289fd5aceda907d58b0014168a7cfb7d5f7713b12ad7fc2ef9b6e5d,exp88_writer_sweep_results/ring_hold_am_lru_rnw_eps3e-5_seed2.json
paper/evidence/raw/exp88_writer_sweep_results/ring_hold_camn_shuffle_eps3e-5_seed0.json,11388,50b31c2a48970436d2177642ce063f31a323e6b770f98fe295c9453e3870787f,exp88_writer_sweep_results/ring_hold_camn_shuffle_eps3e-5_seed0.json
paper/evidence/raw/exp88_writer_sweep_results/ring_hold_camn_shuffle_eps3e-5_seed1.json,11435,a80e179b6016b22ebad6b6832e0b32126e84312ad897a1747ab60d50eef9ce9a,exp88_writer_sweep_results/ring_hold_camn_shuffle_eps3e-5_seed1.json
paper/evidence/raw/exp88_writer_sweep_results/ring_hold_camn_shuffle_eps3e-5_seed2.json,11367,e582ac5868ffed8edc07c49bfd775fe66a107ee243c40d8b19c03311f7d94d32,exp88_writer_sweep_results/ring_hold_camn_shuffle_eps3e-5_seed2.json
paper/evidence/raw/exp88_writer_sweep_results/ring_hold_camn_shufmatch_eps3e-5_seed0.json,11441,07f1141b393712778dfe7c59cb0e1996044c8be8b247ff9fcefbab15dea26c5e,exp88_writer_sweep_results/ring_hold_camn_shufmatch_eps3e-5_seed0.json
paper/evidence/raw/exp88_writer_sweep_results/ring_hold_camn_shufmatch_eps3e-5_seed1.json,11418,7cc53ee40268ada0b80775ad9f5cfe35490ed802474a174ce98f4f7356faf5ea,exp88_writer_sweep_results/ring_hold_camn_shufmatch_eps3e-5_seed1.json
paper/evidence/raw/exp88_writer_sweep_results/ring_hold_camn_shufmatch_eps3e-5_seed2.json,11380,e9fa6888a1fd29edf89b0f74f6070e3fbd88aac03c859d24ed1bf9a848939ea6,exp88_writer_sweep_results/ring_hold_camn_shufmatch_eps3e-5_seed2.json
paper/evidence/raw/exp88_writer_sweep_results/ring_integrate_am_lru_nw_eps0_seed0.json,14483,a071699ff30ef294c5a40c107062767247bcbeff0bf50e6b5212f618369a3b8f,exp88_writer_sweep_results/ring_integrate_am_lru_nw_eps0_seed0.json
paper/evidence/raw/exp88_writer_sweep_results/ring_integrate_am_lru_nw_eps0_seed1.json,14480,f734ff2e1df48c6d4c318a75f21d4971505588aee332cdf8e54cde6075be7204,exp88_writer_sweep_results/ring_integrate_am_lru_nw_eps0_seed1.json
paper/evidence/raw/exp88_writer_sweep_results/ring_integrate_am_lru_nw_eps0_seed2.json,14459,820ace4a85b43b072ad43386872dc9b991074b4db1972b0ee4362ed353568bba,exp88_writer_sweep_results/ring_integrate_am_lru_nw_eps0_seed2.json
paper/evidence/raw/exp88_writer_sweep_results/ring_integrate_am_lru_nw_eps1e-4_seed0.json,14493,ceab32ffa343489bcb29d86747cc67cee8373891bb18836b1638f7b2e33f5188,exp88_writer_sweep_results/ring_integrate_am_lru_nw_eps1e-4_seed0.json
paper/evidence/raw/exp88_writer_sweep_results/ring_integrate_am_lru_nw_eps1e-4_seed1.json,14497,c094a6b56abb5ec68c59719c4914417ef582e2b6b5412d2ef29474752f0a4b73,exp88_writer_sweep_results/ring_integrate_am_lru_nw_eps1e-4_seed1.json
paper/evidence/raw/exp88_writer_sweep_results/ring_integrate_am_lru_nw_eps1e-4_seed2.json,14484,4eba8fc999072ceaf837016c62a261b93549b669e5d689f90f8432200be67ca7,exp88_writer_sweep_results/ring_integrate_am_lru_nw_eps1e-4_seed2.json
paper/evidence/raw/exp88_writer_sweep_results/ring_integrate_am_lru_nw_eps3e-5_seed0.json,14479,2ff15a3d2b6ee7392f9cb3e64284d3a1c8e3db423b808c45631d2351d2dd46df,exp88_writer_sweep_results/ring_integrate_am_lru_nw_eps3e-5_seed0.json
paper/evidence/raw/exp88_writer_sweep_results/ring_integrate_am_lru_nw_eps3e-5_seed1.json,14485,06a5f7678abd31ed14d7170ef26c4abf374ac87bc7d5377191ef6b36262e4216,exp88_writer_sweep_results/ring_integrate_am_lru_nw_eps3e-5_seed1.json
paper/evidence/raw/exp88_writer_sweep_results/ring_integrate_am_lru_nw_eps3e-5_seed2.json,14479,add017aa62fac57c5454046e9d5c715840a074f5315e54fe45adaf2a22c11628,exp88_writer_sweep_results/ring_integrate_am_lru_nw_eps3e-5_seed2.json
paper/evidence/raw/exp88_writer_sweep_results/ring_integrate_am_lru_rnw_eps0_seed0.json,14520,9129d76a3c4035757c9f518c0e1d254d1a6364116a015ada3baba080c40f2cea,exp88_writer_sweep_results/ring_integrate_am_lru_rnw_eps0_seed0.json
paper/evidence/raw/exp88_writer_sweep_results/ring_integrate_am_lru_rnw_eps0_seed1.json,14493,573554bc8ced0d8951c9e79ddd2b4dad485beccc0c02f7827594ae6dce0e2094,exp88_writer_sweep_results/ring_integrate_am_lru_rnw_eps0_seed1.json
paper/evidence/raw/exp88_writer_sweep_results/ring_integrate_am_lru_rnw_eps0_seed2.json,14519,8c8f078d488366ce0246fbcb0f55bf3af1d216ab1f1e7c548daaba54f1cc489f,exp88_writer_sweep_results/ring_integrate_am_lru_rnw_eps0_seed2.json
paper/evidence/raw/exp88_writer_sweep_results/ring_integrate_am_lru_rnw_eps1e-4_seed0.json,14581,567bb75c9376d243863959dcdeb5f8236b7608c11c67fb9048e5b6a7c4bcb49c,exp88_writer_sweep_results/ring_integrate_am_lru_rnw_eps1e-4_seed0.json
paper/evidence/raw/exp88_writer_sweep_results/ring_integrate_am_lru_rnw_eps1e-4_seed1.json,14536,435e858baeef58a2a12938f466f4acd552ce7f4da0c989e56a1af5df45e7bd96,exp88_writer_sweep_results/ring_integrate_am_lru_rnw_eps1e-4_seed1.json
paper/evidence/raw/exp88_writer_sweep_results/ring_integrate_am_lru_rnw_eps1e-4_seed2.json,14582,ef820c7a02dc649cfcb9d8422281d495ca07d701bfe6ed21b95d0200b48708e3,exp88_writer_sweep_results/ring_integrate_am_lru_rnw_eps1e-4_seed2.json
paper/evidence/raw/exp88_writer_sweep_results/ring_integrate_am_lru_rnw_eps3e-5_seed0.json,14603,c36750a23162b9487ac6079eed7cfd4bed5bcfb5de86b06e660fc07aff9a39ec,exp88_writer_sweep_results/ring_integrate_am_lru_rnw_eps3e-5_seed0.json
paper/evidence/raw/exp88_writer_sweep_results/ring_integrate_am_lru_rnw_eps3e-5_seed1.json,14559,d18016833510c50f1463d67ded75fed5c13b62d87c30617a7dd5aa6768d0c1e4,exp88_writer_sweep_results/ring_integrate_am_lru_rnw_eps3e-5_seed1.json
paper/evidence/raw/exp88_writer_sweep_results/ring_integrate_am_lru_rnw_eps3e-5_seed2.json,14532,4770742d067c03f4c7881c96e17f0d88ebc20481e2c3e8f98f1da727093f4630,exp88_writer_sweep_results/ring_integrate_am_lru_rnw_eps3e-5_seed2.json
paper/evidence/raw/exp88_writer_sweep_results/ring_integrate_camn_shuffle_eps3e-5_seed0.json,14501,08ba3689e360f9b9b711e0f4145acc86ced7ac9d63d658b6bd77941cd91be3e6,exp88_writer_sweep_results/ring_integrate_camn_shuffle_eps3e-5_seed0.json
paper/evidence/raw/exp88_writer_sweep_results/ring_integrate_camn_shuffle_eps3e-5_seed1.json,14479,b492908ffe490b2e1eaebf4779d2c1aef6e1d0581f7899002e2b191c4dc9127b,exp88_writer_sweep_results/ring_integrate_camn_shuffle_eps3e-5_seed1.json
paper/evidence/raw/exp88_writer_sweep_results/ring_integrate_camn_shuffle_eps3e-5_seed2.json,14464,56f6977500c10a00b4794e4eaa273305f001986eabf2a8ff4dddf6385c4e367a,exp88_writer_sweep_results/ring_integrate_camn_shuffle_eps3e-5_seed2.json
paper/evidence/raw/exp88_writer_sweep_results/ring_integrate_camn_shufmatch_eps3e-5_seed0.json,14451,7d9e87725979ea51f82ceb035fda068f96ee17f021fbbfd4a35e1245ff2b2aaf,exp88_writer_sweep_results/ring_integrate_camn_shufmatch_eps3e-5_seed0.json
paper/evidence/raw/exp88_writer_sweep_results/ring_integrate_camn_shufmatch_eps3e-5_seed1.json,14551,a2756d666e9188746f9bc171c4922d05d07abc5968071f1996f3b1e49a23fb31,exp88_writer_sweep_results/ring_integrate_camn_shufmatch_eps3e-5_seed1.json
paper/evidence/raw/exp88_writer_sweep_results/ring_integrate_camn_shufmatch_eps3e-5_seed2.json,14499,7a6865157b622908df99708ce03035ef0fec9444bd40ca90ae40a819dd04d92f,exp88_writer_sweep_results/ring_integrate_camn_shufmatch_eps3e-5_seed2.json
paper/evidence/raw/exp88_writer_sweep_results/surface_hold_am_lru_nw_eps0_seed0.json,11390,252fc6ded04073d3e5ee123734bf49998bb61be44882df3807ae69cae79726a9,exp88_writer_sweep_results/surface_hold_am_lru_nw_eps0_seed0.json
paper/evidence/raw/exp88_writer_sweep_results/surface_hold_am_lru_nw_eps0_seed1.json,11432,5ffba043ec1a37be1db306ead9e613c6b9bff3f34f8622283be3446437dc5064,exp88_writer_sweep_results/surface_hold_am_lru_nw_eps0_seed1.json
paper/evidence/raw/exp88_writer_sweep_results/surface_hold_am_lru_nw_eps0_seed2.json,11420,128dbb8f1913b75465a25f8ed0436be2fcc1c73559424a073c40d0d3ea7869bd,exp88_writer_sweep_results/surface_hold_am_lru_nw_eps0_seed2.json
paper/evidence/raw/exp88_writer_sweep_results/surface_hold_am_lru_nw_eps1e-4_seed0.json,11426,28bcb52754a199c572cbbda13d2193f6cf27762fee9c1204b57c3ab2719c8591,exp88_writer_sweep_results/surface_hold_am_lru_nw_eps1e-4_seed0.json
paper/evidence/raw/exp88_writer_sweep_results/surface_hold_am_lru_nw_eps1e-4_seed1.json,11423,363ac02aae22ece682cdab16862487282786f57e090be057b0a39181eedab90a,exp88_writer_sweep_results/surface_hold_am_lru_nw_eps1e-4_seed1.json
paper/evidence/raw/exp88_writer_sweep_results/surface_hold_am_lru_nw_eps1e-4_seed2.json,11423,8cc669b529e687b4c134c505471c176bc81d9072c3c2bd71eab52f2f016c8116,exp88_writer_sweep_results/surface_hold_am_lru_nw_eps1e-4_seed2.json
paper/evidence/raw/exp88_writer_sweep_results/surface_hold_am_lru_nw_eps3e-5_seed0.json,11412,b71f4c8feaed0352e5f435b771f0fcf0c652dd99b322040811ce390b0ba207d8,exp88_writer_sweep_results/surface_hold_am_lru_nw_eps3e-5_seed0.json
paper/evidence/raw/exp88_writer_sweep_results/surface_hold_am_lru_nw_eps3e-5_seed1.json,11417,226c9c23de61090f463b3ed527588def1546cee8b26b790fcaffb9cae466a1fa,exp88_writer_sweep_results/surface_hold_am_lru_nw_eps3e-5_seed1.json
paper/evidence/raw/exp88_writer_sweep_results/surface_hold_am_lru_nw_eps3e-5_seed2.json,11410,c4b5aa018668bddf5d6c93d38310f250eb7a392cb64ce2cf6106cdb1625edd29,exp88_writer_sweep_results/surface_hold_am_lru_nw_eps3e-5_seed2.json
paper/evidence/raw/exp88_writer_sweep_results/surface_hold_am_lru_rnw_eps0_seed0.json,11410,f2496e5f432417ed84a1b5f8d1aaa771862f2058b3e295beaf77c08dba1dacb8,exp88_writer_sweep_results/surface_hold_am_lru_rnw_eps0_seed0.json
paper/evidence/raw/exp88_writer_sweep_results/surface_hold_am_lru_rnw_eps0_seed1.json,11426,ef5cff9a4742766d681275bf139eab94692a001a4dd14fcc945341c9a1ff9b47,exp88_writer_sweep_results/surface_hold_am_lru_rnw_eps0_seed1.json
paper/evidence/raw/exp88_writer_sweep_results/surface_hold_am_lru_rnw_eps0_seed2.json,11424,50366fda5511bd14b61e696ca98aabf6d81f5bd903142f1ed82fbf2dd98cfe9e,exp88_writer_sweep_results/surface_hold_am_lru_rnw_eps0_seed2.json
paper/evidence/raw/exp88_writer_sweep_results/surface_hold_am_lru_rnw_eps1e-4_seed0.json,11404,5c250fdb39b50d809ad2969d54caa1ff7bea3c90c9241646c9089c363bea3e5e,exp88_writer_sweep_results/surface_hold_am_lru_rnw_eps1e-4_seed0.json
paper/evidence/raw/exp88_writer_sweep_results/surface_hold_am_lru_rnw_eps1e-4_seed1.json,11427,898b6ad620cd4af3d7e498bb1c4d2da1898c9d62d5b874200ce0342e1544051c,exp88_writer_sweep_results/surface_hold_am_lru_rnw_eps1e-4_seed1.json
paper/evidence/raw/exp88_writer_sweep_results/surface_hold_am_lru_rnw_eps1e-4_seed2.json,11399,a0a8edd449858b95283fe73fdb0afb617392c92bd241e2edd42d6d42e394aed4,exp88_writer_sweep_results/surface_hold_am_lru_rnw_eps1e-4_seed2.json
paper/evidence/raw/exp88_writer_sweep_results/surface_hold_am_lru_rnw_eps3e-5_seed0.json,11406,06a05077b5ebc00010bb1b7750eb3ad2c2a31943d689bc4d644bb98e1ba18ddc,exp88_writer_sweep_results/surface_hold_am_lru_rnw_eps3e-5_seed0.json
paper/evidence/raw/exp88_writer_sweep_results/surface_hold_am_lru_rnw_eps3e-5_seed1.json,11447,b5cc178380e964f9f2eddd48911bdf76c0c8bd50c15f15e750cc33bc55b87525,exp88_writer_sweep_results/surface_hold_am_lru_rnw_eps3e-5_seed1.json
paper/evidence/raw/exp88_writer_sweep_results/surface_hold_am_lru_rnw_eps3e-5_seed2.json,11437,a2403df5190c0a2b2e1d1a67ceee51b1f59e8502f3a5927241bd69aee87249fd,exp88_writer_sweep_results/surface_hold_am_lru_rnw_eps3e-5_seed2.json
paper/evidence/raw/exp88_writer_sweep_results/surface_integrate_am_lru_nw_eps0_seed0.json,14470,f04763b726cf678b60d2ff06cb3f9fafef075c072d1ed9584e2a87d1caa394f8,exp88_writer_sweep_results/surface_integrate_am_lru_nw_eps0_seed0.json
paper/evidence/raw/exp88_writer_sweep_results/surface_integrate_am_lru_nw_eps0_seed1.json,14484,3cc814ad1abc7531af905dfa90b273746a1aaefe7b3f37546dccbc4974803472,exp88_writer_sweep_results/surface_integrate_am_lru_nw_eps0_seed1.json
paper/evidence/raw/exp88_writer_sweep_results/surface_integrate_am_lru_nw_eps0_seed2.json,14492,e5b1efa3d169f10d982fee9198b78abd0787ca906903e8ab802b3b680a4c0410,exp88_writer_sweep_results/surface_integrate_am_lru_nw_eps0_seed2.json
paper/evidence/raw/exp88_writer_sweep_results/surface_integrate_am_lru_nw_eps1e-4_seed0.json,14469,2fbae979ff494b5331e035d0e7dd00baaafa5dfd19d06c2c7c3af0eb9594a4c4,exp88_writer_sweep_results/surface_integrate_am_lru_nw_eps1e-4_seed0.json
paper/evidence/raw/exp88_writer_sweep_results/surface_integrate_am_lru_nw_eps1e-4_seed1.json,14528,57e8c56e81aae61b4905daf407044f927e7961b6c1283d910f3ba1b8fe57c76a,exp88_writer_sweep_results/surface_integrate_am_lru_nw_eps1e-4_seed1.json
paper/evidence/raw/exp88_writer_sweep_results/surface_integrate_am_lru_nw_eps1e-4_seed2.json,14517,feb7c3850fd9236dead8ed8362190327eb2ae5642d35293e210d4a89a5e706f4,exp88_writer_sweep_results/surface_integrate_am_lru_nw_eps1e-4_seed2.json
paper/evidence/raw/exp88_writer_sweep_results/surface_integrate_am_lru_nw_eps3e-5_seed0.json,14453,67afa744b80eb40aa2c62ec8df87bce78df3aa96cb7931f117de852a424ec6cf,exp88_writer_sweep_results/surface_integrate_am_lru_nw_eps3e-5_seed0.json
paper/evidence/raw/exp88_writer_sweep_results/surface_integrate_am_lru_nw_eps3e-5_seed1.json,14519,7ded44f89ba8244a97a68a075b7ca6b3e109111ee6788293a4a8dc4f0d06d9f1,exp88_writer_sweep_results/surface_integrate_am_lru_nw_eps3e-5_seed1.json
paper/evidence/raw/exp88_writer_sweep_results/surface_integrate_am_lru_nw_eps3e-5_seed2.json,14486,f52e09f1201acf428bb7c099c4df7e83cca08beaea017b6b179c59d3d182f213,exp88_writer_sweep_results/surface_integrate_am_lru_nw_eps3e-5_seed2.json
paper/evidence/raw/exp88_writer_sweep_results/surface_integrate_am_lru_rnw_eps0_seed0.json,14491,5e6bc50b8bb9c86a6d60a180f035fb24f7ecaf166eab86bed6fe69b5672f826c,exp88_writer_sweep_results/surface_integrate_am_lru_rnw_eps0_seed0.json
paper/evidence/raw/exp88_writer_sweep_results/surface_integrate_am_lru_rnw_eps0_seed1.json,14485,9593a3cbad79f7bd7029c113ed2a90f9a2d662d75c2b75c88d0a7c190a7986de,exp88_writer_sweep_results/surface_integrate_am_lru_rnw_eps0_seed1.json
paper/evidence/raw/exp88_writer_sweep_results/surface_integrate_am_lru_rnw_eps0_seed2.json,14473,49576c6f26ca4a47f0588243e74405a3d9938a256536d9c5c364a950b552cb1c,exp88_writer_sweep_results/surface_integrate_am_lru_rnw_eps0_seed2.json
paper/evidence/raw/exp88_writer_sweep_results/surface_integrate_am_lru_rnw_eps1e-4_seed0.json,14512,9c4022bad47d63b6654fd9a91909d60c019a086b559f98555f921ef654a0aaae,exp88_writer_sweep_results/surface_integrate_am_lru_rnw_eps1e-4_seed0.json
paper/evidence/raw/exp88_writer_sweep_results/surface_integrate_am_lru_rnw_eps1e-4_seed1.json,14466,9c934304aff75afad65bf9190c60c5e7cb5a832ebd5c4ee1c298a72443be55f4,exp88_writer_sweep_results/surface_integrate_am_lru_rnw_eps1e-4_seed1.json
paper/evidence/raw/exp88_writer_sweep_results/surface_integrate_am_lru_rnw_eps1e-4_seed2.json,14483,6863e3a135c26b1bf1a8e6d6d69181055e6bb8e661805a7aef8bf11fc63a5f94,exp88_writer_sweep_results/surface_integrate_am_lru_rnw_eps1e-4_seed2.json
paper/evidence/raw/exp88_writer_sweep_results/surface_integrate_am_lru_rnw_eps3e-5_seed0.json,14519,2b8c2a00dd46edc26d117f2e1f0a58d98c8e4733980157c8205ccb410f9b392f,exp88_writer_sweep_results/surface_integrate_am_lru_rnw_eps3e-5_seed0.json
paper/evidence/raw/exp88_writer_sweep_results/surface_integrate_am_lru_rnw_eps3e-5_seed1.json,14504,38b0c6230f68409bcb2208825a1f4532a67e2e3e6a18089474d76391847bc156,exp88_writer_sweep_results/surface_integrate_am_lru_rnw_eps3e-5_seed1.json
paper/evidence/raw/exp88_writer_sweep_results/surface_integrate_am_lru_rnw_eps3e-5_seed2.json,14486,15e621e9dd3287a4a1a2e4c9eeaa32a41287def8a5442d3c41730702069f5f04,exp88_writer_sweep_results/surface_integrate_am_lru_rnw_eps3e-5_seed2.json
paper/evidence/raw/exp88_writer_sweep_results/torus_hold_am_lru_nw_eps0_seed0.json,11392,92aa1dedcf75361a9da29b5dc4e6a7822ab3a8129e5b70b21ba33c9713496e4c,exp88_writer_sweep_results/torus_hold_am_lru_nw_eps0_seed0.json
paper/evidence/raw/exp88_writer_sweep_results/torus_hold_am_lru_nw_eps0_seed1.json,11400,22b87df69b35ad4f87640bf1238b5ee9fb741b54e9d6dae0eeb93f2b39bddc21,exp88_writer_sweep_results/torus_hold_am_lru_nw_eps0_seed1.json
paper/evidence/raw/exp88_writer_sweep_results/torus_hold_am_lru_nw_eps0_seed2.json,11377,1c4ce568a2f90cf06964025cee48bf9ba0d9b82710d02dba7c3cf3a906b76242,exp88_writer_sweep_results/torus_hold_am_lru_nw_eps0_seed2.json
paper/evidence/raw/exp88_writer_sweep_results/torus_hold_am_lru_nw_eps1e-4_seed0.json,11440,c4ae41ea07d2f66427e9def2aabcc5f90b2c2dd71f4dcf6151c4e1d03144fee4,exp88_writer_sweep_results/torus_hold_am_lru_nw_eps1e-4_seed0.json
paper/evidence/raw/exp88_writer_sweep_results/torus_hold_am_lru_nw_eps1e-4_seed1.json,11382,8210044628afd29698366326eb3ea14a81dd9956d8244fd9e54adce68ed5371b,exp88_writer_sweep_results/torus_hold_am_lru_nw_eps1e-4_seed1.json
paper/evidence/raw/exp88_writer_sweep_results/torus_hold_am_lru_nw_eps1e-4_seed2.json,11405,1fed04283d34c5cb6ef5f7acf3b0095f6d0d55501f1d6942da1ddb69155906f9,exp88_writer_sweep_results/torus_hold_am_lru_nw_eps1e-4_seed2.json
paper/evidence/raw/exp88_writer_sweep_results/torus_hold_am_lru_nw_eps3e-5_seed0.json,11425,e11c458bcdcc74221b9dfa25e387365411661182f096d90759dce43f9342b7c0,exp88_writer_sweep_results/torus_hold_am_lru_nw_eps3e-5_seed0.json
paper/evidence/raw/exp88_writer_sweep_results/torus_hold_am_lru_nw_eps3e-5_seed1.json,11410,49fcea273b6e60ab4bd3eee56866bb6ab15eaf5c6a884b570ea9be6965154c10,exp88_writer_sweep_results/torus_hold_am_lru_nw_eps3e-5_seed1.json
paper/evidence/raw/exp88_writer_sweep_results/torus_hold_am_lru_nw_eps3e-5_seed2.json,11408,7acf1bbf6d1abc18f5837cfc04e8a1ff7fee51378bfff946dcf619d63577d6b7,exp88_writer_sweep_results/torus_hold_am_lru_nw_eps3e-5_seed2.json
paper/evidence/raw/exp88_writer_sweep_results/torus_hold_am_lru_rnw_eps0_seed0.json,11382,685275f803966ae42f020a775c3933dee3739fd61b55fbc8ecafea18a48548f1,exp88_writer_sweep_results/torus_hold_am_lru_rnw_eps0_seed0.json
paper/evidence/raw/exp88_writer_sweep_results/torus_hold_am_lru_rnw_eps0_seed1.json,11404,9187e615a0b6953d2f00efdb599ef5faf325a277d44f4e5c6eef44c3217a717d,exp88_writer_sweep_results/torus_hold_am_lru_rnw_eps0_seed1.json
paper/evidence/raw/exp88_writer_sweep_results/torus_hold_am_lru_rnw_eps0_seed2.json,11406,8c74a7c6afd29ddc2c933f87bc6510685fc2762feff1b926ea0f1ebf629e082a,exp88_writer_sweep_results/torus_hold_am_lru_rnw_eps0_seed2.json
paper/evidence/raw/exp88_writer_sweep_results/torus_hold_am_lru_rnw_eps1e-4_seed0.json,11400,654242b1c758861f7589fccde8d61cd01850176770c573196cbeb9adacc656ae,exp88_writer_sweep_results/torus_hold_am_lru_rnw_eps1e-4_seed0.json
paper/evidence/raw/exp88_writer_sweep_results/torus_hold_am_lru_rnw_eps1e-4_seed1.json,11405,8363c6854a9868f5a84ae94dafce8847dc5499546dc252359cec6b59e50e7012,exp88_writer_sweep_results/torus_hold_am_lru_rnw_eps1e-4_seed1.json
paper/evidence/raw/exp88_writer_sweep_results/torus_hold_am_lru_rnw_eps1e-4_seed2.json,11409,3485b243fc09f24a9d97b7a2546ddfb216766baffd9017ac253d952639ba9354,exp88_writer_sweep_results/torus_hold_am_lru_rnw_eps1e-4_seed2.json
paper/evidence/raw/exp88_writer_sweep_results/torus_hold_am_lru_rnw_eps3e-5_seed0.json,11413,7dcc097f91726eea0725ffd3c76e76a5a109a631ea57490b0efad2f60e9b2809,exp88_writer_sweep_results/torus_hold_am_lru_rnw_eps3e-5_seed0.json
paper/evidence/raw/exp88_writer_sweep_results/torus_hold_am_lru_rnw_eps3e-5_seed1.json,11418,17146e0a55de255962c32ed580480713dc73b25e02470864a662de44989f880e,exp88_writer_sweep_results/torus_hold_am_lru_rnw_eps3e-5_seed1.json
paper/evidence/raw/exp88_writer_sweep_results/torus_hold_am_lru_rnw_eps3e-5_seed2.json,11419,1142b345a8cef2fce5df85d1a04a9ccce22f666cd9e372b77a72fd9b719b430f,exp88_writer_sweep_results/torus_hold_am_lru_rnw_eps3e-5_seed2.json
paper/evidence/raw/exp88_writer_sweep_results/torus_integrate_am_lru_nw_eps0_seed0.json,14441,975f30da2a621d8279fa844231e64947af355bf2bf19e150dfe7cff92d38af15,exp88_writer_sweep_results/torus_integrate_am_lru_nw_eps0_seed0.json
paper/evidence/raw/exp88_writer_sweep_results/torus_integrate_am_lru_nw_eps0_seed1.json,14435,7bca59c41c533742a951f83e6399f9b82a8af580c515c3d22a895e5a3392f1b2,exp88_writer_sweep_results/torus_integrate_am_lru_nw_eps0_seed1.json
paper/evidence/raw/exp88_writer_sweep_results/torus_integrate_am_lru_nw_eps0_seed2.json,14422,94074d45f20088a0b4ebd339ef3fa273ffdeb608dba5c7577c2ea9ae16382229,exp88_writer_sweep_results/torus_integrate_am_lru_nw_eps0_seed2.json
paper/evidence/raw/exp88_writer_sweep_results/torus_integrate_am_lru_nw_eps1e-4_seed0.json,14456,bc39546db139d022e53aa2a95b568ae7b3491e64ef98d29c41d53a2f701611d3,exp88_writer_sweep_results/torus_integrate_am_lru_nw_eps1e-4_seed0.json
paper/evidence/raw/exp88_writer_sweep_results/torus_integrate_am_lru_nw_eps1e-4_seed1.json,14472,bdf85bbffc632ec8a959c83e6b427e31af010c470525419d803e3c2f56cad14d,exp88_writer_sweep_results/torus_integrate_am_lru_nw_eps1e-4_seed1.json
paper/evidence/raw/exp88_writer_sweep_results/torus_integrate_am_lru_nw_eps1e-4_seed2.json,14437,926e73a44afa9891d6f5583f0caa67984fccb6829ba02a791cbae765dfd81ce1,exp88_writer_sweep_results/torus_integrate_am_lru_nw_eps1e-4_seed2.json
paper/evidence/raw/exp88_writer_sweep_results/torus_integrate_am_lru_nw_eps3e-5_seed0.json,14457,6576827826a604a3a5ffd6de5031a422953a7cdc99aef37f4f1c2ab2c586a456,exp88_writer_sweep_results/torus_integrate_am_lru_nw_eps3e-5_seed0.json
paper/evidence/raw/exp88_writer_sweep_results/torus_integrate_am_lru_nw_eps3e-5_seed1.json,14464,95c9ca312a8939cafb2e2b5291a015a5452ca004b86ef675be6310135cdcc7ab,exp88_writer_sweep_results/torus_integrate_am_lru_nw_eps3e-5_seed1.json
paper/evidence/raw/exp88_writer_sweep_results/torus_integrate_am_lru_nw_eps3e-5_seed2.json,14447,11addf85a3067f7a1d65d929f28d439182c8e99c5f3d9670cf04574e44f02994,exp88_writer_sweep_results/torus_integrate_am_lru_nw_eps3e-5_seed2.json
paper/evidence/raw/exp88_writer_sweep_results/torus_integrate_am_lru_rnw_eps0_seed0.json,14478,9a9c79d7adadaf9b235415dc1da1390bb84c2430e014dd7c9e36a2bdb86113dd,exp88_writer_sweep_results/torus_integrate_am_lru_rnw_eps0_seed0.json
paper/evidence/raw/exp88_writer_sweep_results/torus_integrate_am_lru_rnw_eps0_seed1.json,14494,f305678a4864401c1422b6be8e9f14cd7a2ccba9ed68719f8055510b6b4177a6,exp88_writer_sweep_results/torus_integrate_am_lru_rnw_eps0_seed1.json
paper/evidence/raw/exp88_writer_sweep_results/torus_integrate_am_lru_rnw_eps0_seed2.json,14466,adf1960b5a681c4d9583755847236cc46fe4ac2d24799df13a14dead5bbd710e,exp88_writer_sweep_results/torus_integrate_am_lru_rnw_eps0_seed2.json
paper/evidence/raw/exp88_writer_sweep_results/torus_integrate_am_lru_rnw_eps1e-4_seed0.json,14520,ea363c7860dc334d95181bbf3ad28d58bf94d1d264e87ea76c4a14d6158e1366,exp88_writer_sweep_results/torus_integrate_am_lru_rnw_eps1e-4_seed0.json
paper/evidence/raw/exp88_writer_sweep_results/torus_integrate_am_lru_rnw_eps1e-4_seed1.json,14490,2d46efacaa9686da829689deaa707d173a6ec14c003192342f3039607db8f9bd,exp88_writer_sweep_results/torus_integrate_am_lru_rnw_eps1e-4_seed1.json
paper/evidence/raw/exp88_writer_sweep_results/torus_integrate_am_lru_rnw_eps1e-4_seed2.json,14481,63009d16643ae8543ba741a99785bb651e07b94cdb0eec81d5f1143cbc61c999,exp88_writer_sweep_results/torus_integrate_am_lru_rnw_eps1e-4_seed2.json
paper/evidence/raw/exp88_writer_sweep_results/torus_integrate_am_lru_rnw_eps3e-5_seed0.json,14508,098ced49e0150ad1380b6528a2d14827807d4975a2dcb195ff10170a560ef6d1,exp88_writer_sweep_results/torus_integrate_am_lru_rnw_eps3e-5_seed0.json
paper/evidence/raw/exp88_writer_sweep_results/torus_integrate_am_lru_rnw_eps3e-5_seed1.json,14527,e1c4a5954cb588770ca607aed6bcd832010a6a8d33bd8cfb5553f8fecb710483,exp88_writer_sweep_results/torus_integrate_am_lru_rnw_eps3e-5_seed1.json
paper/evidence/raw/exp88_writer_sweep_results/torus_integrate_am_lru_rnw_eps3e-5_seed2.json,14508,ad59e499896ec971d965c862cc4a0a1c5b6fc42dee4ff7d871c42aeaf196cf4a,exp88_writer_sweep_results/torus_integrate_am_lru_rnw_eps3e-5_seed2.json
paper/evidence/raw/exp88_writer_sweep_results/torus_integrate_camn_shuffle_eps3e-5_seed0.json,14489,6b49f4fe24778a048cd978bcfa42059abef0705982b3529a931c511b96925bd3,exp88_writer_sweep_results/torus_integrate_camn_shuffle_eps3e-5_seed0.json
paper/evidence/raw/exp88_writer_sweep_results/torus_integrate_camn_shuffle_eps3e-5_seed1.json,14499,190e274b1a29ec550b36c34e5d3e0605a54141f6ccf4e2093fa32be5abe54b69,exp88_writer_sweep_results/torus_integrate_camn_shuffle_eps3e-5_seed1.json
paper/evidence/raw/exp88_writer_sweep_results/torus_integrate_camn_shuffle_eps3e-5_seed2.json,14477,f329faaeb311f788fad84db045ee39fc41b9335c86585fe4f695e405cdb5dc91,exp88_writer_sweep_results/torus_integrate_camn_shuffle_eps3e-5_seed2.json
paper/evidence/raw/exp88_writer_sweep_results/torus_integrate_camn_shufmatch_eps3e-5_seed0.json,14541,516e583b6b6f7e130fe3acfb3bc396f78b835b79d343d9dd49925997219c42ae,exp88_writer_sweep_results/torus_integrate_camn_shufmatch_eps3e-5_seed0.json
paper/evidence/raw/exp88_writer_sweep_results/torus_integrate_camn_shufmatch_eps3e-5_seed1.json,14547,4cbd425585c8df1c4c851d69623ca7d2d25fe646e299ab16e67102b4bf0560ff,exp88_writer_sweep_results/torus_integrate_camn_shufmatch_eps3e-5_seed1.json
paper/evidence/raw/exp88_writer_sweep_results/torus_integrate_camn_shufmatch_eps3e-5_seed2.json,14497,41d3d507f8f5ddb0e592fc300296b29a734982b79c9be72012a4f2eff9abf49c,exp88_writer_sweep_results/torus_integrate_camn_shufmatch_eps3e-5_seed2.json
paper/evidence/raw/exp89_discrete_kway_quick_results/flipflop_n4_camn_eps1e-4_seed0.json,6587,bd030676059d7fe17bdf3466cd628544fae6eb3b04a18693d25b847b17c7c4ca,exp89_discrete_kway_quick_results/flipflop_n4_camn_eps1e-4_seed0.json
paper/evidence/raw/exp89_discrete_kway_quick_results/flipflop_n4_camn_eps1e-4_seed1.json,6561,42a605166b692d64c79790149f2dc9d04beaee96c9a8d2f9dd0374845fdb9b33,exp89_discrete_kway_quick_results/flipflop_n4_camn_eps1e-4_seed1.json
paper/evidence/raw/exp89_discrete_kway_quick_results/flipflop_n4_camn_eps1e-4_seed2.json,6549,18ecbda2742f8f70914b5a794bd0238f29fd7108a69d451a2285b5aa8cabffa7,exp89_discrete_kway_quick_results/flipflop_n4_camn_eps1e-4_seed2.json
paper/evidence/raw/exp89_discrete_kway_quick_results/flipflop_n4_camn_eps3e-5_seed0.json,6694,94ee124aa6abbf4e9c48d54119756a666a4eade0cf75d2f87ec7cb8b320dc2cf,exp89_discrete_kway_quick_results/flipflop_n4_camn_eps3e-5_seed0.json
paper/evidence/raw/exp89_discrete_kway_quick_results/flipflop_n4_camn_eps3e-5_seed1.json,6705,7cb54bb9bd3c2ff2365ef321151d27b0a81d853750f086327b343304a154a31d,exp89_discrete_kway_quick_results/flipflop_n4_camn_eps3e-5_seed1.json
paper/evidence/raw/exp89_discrete_kway_quick_results/flipflop_n4_camn_eps3e-5_seed2.json,6591,22acea9b1f2960ef6f50a768bd2935d02200ae45e5d3668978e9ac16a096fe3c,exp89_discrete_kway_quick_results/flipflop_n4_camn_eps3e-5_seed2.json
paper/evidence/raw/exp89_discrete_kway_quick_results/flipflop_n4_gru_seed0.json,6098,d3122d16ba8b99dd02b22a11320810c54ad1b98ec049ad56a2f045f72b653908,exp89_discrete_kway_quick_results/flipflop_n4_gru_seed0.json
paper/evidence/raw/exp89_discrete_kway_quick_results/flipflop_n4_gru_seed1.json,6106,af289b876cc191fe346ae4ba1a0293bdf9772acba9b15534af8caa957e97a2af,exp89_discrete_kway_quick_results/flipflop_n4_gru_seed1.json
paper/evidence/raw/exp89_discrete_kway_quick_results/flipflop_n4_gru_seed2.json,6066,d184ac3ccfafef7a35759c550428bb0d30c02bc0c8e522e098266bff76627c02,exp89_discrete_kway_quick_results/flipflop_n4_gru_seed2.json
paper/evidence/raw/exp89_discrete_kway_quick_results/flipflop_n4_lru_seed0.json,6418,ec6e51d9a04cd639fa4a5a66cf89f2225b073ab7775b7a1e5e0a6e8f1d1e8a56,exp89_discrete_kway_quick_results/flipflop_n4_lru_seed0.json
paper/evidence/raw/exp89_discrete_kway_quick_results/flipflop_n4_lru_seed1.json,6442,13b622cc119dc9081ffd98e46d7d17b9aa62ad8c88fb1af51d8469a9c68fecf5,exp89_discrete_kway_quick_results/flipflop_n4_lru_seed1.json
paper/evidence/raw/exp89_discrete_kway_quick_results/flipflop_n4_lru_seed2.json,6460,47a0ffcbcf28adf27febeb2aa96af0e2bc4ed7c4c488b4a5d592f9fa95c09430,exp89_discrete_kway_quick_results/flipflop_n4_lru_seed2.json
paper/evidence/raw/exp89_discrete_kway_quick_results/flipflop_n4_lstm_seed0.json,6107,4c2f3edba4f336279e90154ff8528a51a84ba22d8392f39dfb5b7d01c3c65b85,exp89_discrete_kway_quick_results/flipflop_n4_lstm_seed0.json
paper/evidence/raw/exp89_discrete_kway_quick_results/flipflop_n4_lstm_seed1.json,6114,e383b8c1113eb0add40bc9cbfdacf444847d18a4a1dc1973930486a2eef834c8,exp89_discrete_kway_quick_results/flipflop_n4_lstm_seed1.json
paper/evidence/raw/exp89_discrete_kway_quick_results/flipflop_n4_lstm_seed2.json,6094,f9dc67cd0d146f17759bfbf2efc4c483b2df7a26a539a863fd17c6fda74dc349,exp89_discrete_kway_quick_results/flipflop_n4_lstm_seed2.json
paper/evidence/raw/exp89_discrete_kway_quick_results/flipflop_n4_rnn_seed0.json,6085,983585e80862f9f5f77a1caf67ab45856d28b758a919bf53dd3a65aece15731e,exp89_discrete_kway_quick_results/flipflop_n4_rnn_seed0.json
paper/evidence/raw/exp89_discrete_kway_quick_results/flipflop_n4_rnn_seed1.json,6106,97796e8ffca8b6677151b7ae36d4ce11da044f5363859864685cf660eb005556,exp89_discrete_kway_quick_results/flipflop_n4_rnn_seed1.json
paper/evidence/raw/exp89_discrete_kway_quick_results/flipflop_n4_rnn_seed2.json,6101,a491bcac21aea175386995cee0f9ebfce4b2e232594bb652c027bc47553ab366,exp89_discrete_kway_quick_results/flipflop_n4_rnn_seed2.json
paper/evidence/raw/exp89_discrete_kway_quick_results/kway_hold_k16_am_lru_eps3e-5_seed0.json,5313,e5020ff086fb00c96f4d08a534357e2e990b171f20cc01e693e6e0c11fb89d7c,exp89_discrete_kway_quick_results/kway_hold_k16_am_lru_eps3e-5_seed0.json
paper/evidence/raw/exp89_discrete_kway_quick_results/kway_hold_k16_camn_eps1e-4_seed0.json,5317,814abc85bcd6c0ad630a279b27e65d028f733313b828406a76ab1e019a2a182e,exp89_discrete_kway_quick_results/kway_hold_k16_camn_eps1e-4_seed0.json
paper/evidence/raw/exp89_discrete_kway_quick_results/kway_hold_k16_camn_eps1e-4_seed1.json,5336,467a0f32f8fde2f7601c151256d699866eeb1399adf0ed612551acb6ae05a563,exp89_discrete_kway_quick_results/kway_hold_k16_camn_eps1e-4_seed1.json
paper/evidence/raw/exp89_discrete_kway_quick_results/kway_hold_k16_camn_eps1e-4_seed2.json,5315,9351da8dea3d38bb015a88f4f210464be5dc1c095594ad53d4fd516f8f3b839c,exp89_discrete_kway_quick_results/kway_hold_k16_camn_eps1e-4_seed2.json
paper/evidence/raw/exp89_discrete_kway_quick_results/kway_hold_k16_camn_eps3e-5_seed0.json,5303,b4559a8e4442b9d7a28d4eba1407e91495013adafda2a6235760ae93d748d575,exp89_discrete_kway_quick_results/kway_hold_k16_camn_eps3e-5_seed0.json
paper/evidence/raw/exp89_discrete_kway_quick_results/kway_hold_k16_camn_eps3e-5_seed1.json,5316,7b6c9c884d10603d1a2891f710add29778bf128d8bef9cc80385af98d052a7a3,exp89_discrete_kway_quick_results/kway_hold_k16_camn_eps3e-5_seed1.json
paper/evidence/raw/exp89_discrete_kway_quick_results/kway_hold_k16_camn_eps3e-5_seed2.json,5315,461d8f31bf2702740f4908286c29cc8033270d58e471fcc1c3005f1a6944ff23,exp89_discrete_kway_quick_results/kway_hold_k16_camn_eps3e-5_seed2.json
paper/evidence/raw/exp89_discrete_kway_quick_results/kway_hold_k16_gru_seed0.json,4882,173702abc7e6cefc10a8bd46ee93645ed2b11f1cccdaec4563f66025b6bb88c7,exp89_discrete_kway_quick_results/kway_hold_k16_gru_seed0.json
paper/evidence/raw/exp89_discrete_kway_quick_results/kway_hold_k16_gru_seed1.json,4891,a6014b9dfd2f4fe6d0da81e3249a2ebbf9f486a448cc6207d8f3948d44a21607,exp89_discrete_kway_quick_results/kway_hold_k16_gru_seed1.json
paper/evidence/raw/exp89_discrete_kway_quick_results/kway_hold_k16_gru_seed2.json,4879,daa7b0dac7514c8baba2ada14a5bb7a0ef8a0894e820710c171daf9cbe8012f7,exp89_discrete_kway_quick_results/kway_hold_k16_gru_seed2.json
paper/evidence/raw/exp89_discrete_kway_quick_results/kway_hold_k16_lru_seed0.json,5104,fda1d053ef7f2448dc83509544bd9441489aab9bb78ce655e90545442ef2c756,exp89_discrete_kway_quick_results/kway_hold_k16_lru_seed0.json
paper/evidence/raw/exp89_discrete_kway_quick_results/kway_hold_k16_lru_seed1.json,5105,183bcb3faaf73e5ff312a0efdc7c69f101d6980fd925ae71f801a5d4e7240485,exp89_discrete_kway_quick_results/kway_hold_k16_lru_seed1.json
paper/evidence/raw/exp89_discrete_kway_quick_results/kway_hold_k16_lru_seed2.json,5117,1b1552f47dc92778a7954a5a5d1e276f1f81136374b84f495ce2b2fdc6f0e065,exp89_discrete_kway_quick_results/kway_hold_k16_lru_seed2.json
paper/evidence/raw/exp89_discrete_kway_quick_results/kway_hold_k16_lstm_seed0.json,4834,41a8d4c989b29114a4d40d7ffea1aa723876894fbc9481093cbdb2713a0dd53c,exp89_discrete_kway_quick_results/kway_hold_k16_lstm_seed0.json
paper/evidence/raw/exp89_discrete_kway_quick_results/kway_hold_k16_lstm_seed1.json,4827,4b264bf4bbe224259b4831994b4c1552bac965411e9265cfe13e50279f50ec72,exp89_discrete_kway_quick_results/kway_hold_k16_lstm_seed1.json
paper/evidence/raw/exp89_discrete_kway_quick_results/kway_hold_k16_lstm_seed2.json,4821,c125e0054efcbe885ef0efc99e3a9655f0804709ecdd979110506df319871898,exp89_discrete_kway_quick_results/kway_hold_k16_lstm_seed2.json
paper/evidence/raw/exp89_discrete_kway_quick_results/kway_hold_k16_rnn_seed0.json,4874,67f2b6a0b7a05ec14e58540d29e303c576111a606eafbcab29c292f7e331567b,exp89_discrete_kway_quick_results/kway_hold_k16_rnn_seed0.json
paper/evidence/raw/exp89_discrete_kway_quick_results/kway_hold_k16_rnn_seed1.json,4857,de41090fa695b8ef3fd649382183f0e9d5165d9914b6bbb86646bc8374d2a51c,exp89_discrete_kway_quick_results/kway_hold_k16_rnn_seed1.json
paper/evidence/raw/exp89_discrete_kway_quick_results/kway_hold_k16_rnn_seed2.json,4868,2563599b3c5f5505aad96370453068eac4cec36d1df23b3f0cf1249d982566f5,exp89_discrete_kway_quick_results/kway_hold_k16_rnn_seed2.json
