job_id,model,model_label,topology,seed,task_success,validation_error,selection_regime,component_mse,condition_axis,condition_id,condition_label,condition_value,divergence_step,dwell_profile,dwell_step_mean_error_radians,finite,gp_length_scale,hold_baseline_mean_error_radians,horizon,last_quarter_mean_error_radians,moving_step_mean_error_radians,output_norm_absolute_error,post_blank_0_mean_error_radians,post_blank_0_median_error_radians,post_blank_128_mean_error_radians,post_blank_128_median_error_radians,post_blank_512_mean_error_radians,post_blank_512_median_error_radians,sequence_mean_error_radians,terminal_mean_error_radians,trial_median_error_radians,trial_p90_error_radians,velocity_scale
pilot__rnn__s1__seed10,rnn,RNN,s1,10,False,0.0997006818652153,ring-selected zero-retuning,0.5009573698043823,combined,combined_h1024_x1p5,"T=1024, 1.5x",T1024_1.5x,,variable_sparsity,0.9518109560012817,True,1.0,1.4864857196807861,1024,1.5106987953186035,1.3905384540557861,0.5085281133651733,1.466907024383545,1.3924975395202637,1.4438668489456177,1.4177334308624268,1.4622788429260254,1.2899696826934814,1.2830508947372437,1.466907024383545,1.3578208684921265,1.664917230606079,1.5
pilot__rnn__s1__seed10,rnn,RNN,s1,10,False,0.0997006818652153,ring-selected zero-retuning,0.5242632627487183,combined,combined_h1024_x2,"T=1024, 2.0x",T1024_2.0x,,variable_sparsity,1.0936180353164673,True,1.0,1.537050485610962,1024,1.532437801361084,1.442566156387329,0.5599080920219421,1.4233601093292236,1.3281158208847046,1.497802734375,1.460968255996704,1.471450924873352,1.3710129261016846,1.3570741415023804,1.4233601093292236,1.4237706661224365,1.6842684745788574,2.0
pilot__rnn__s1__seed10,rnn,RNN,s1,10,False,0.0997006818652153,ring-selected zero-retuning,0.04036148265004158,dwell,dwell_block64,64-step middle blank,middle_blank_64,,variable_sparsity,0.15751318633556366,True,1.0,1.1519736051559448,128,0.2373909205198288,0.18793027102947235,0.09662027657032013,0.27210551500320435,0.15295076370239258,0.4951316714286804,0.2874119281768799,0.7004565000534058,0.5149340629577637,0.16896691918373108,0.27210551500320435,0.10870669782161713,0.3555508852005005,1.0
pilot__rnn__s1__seed10,rnn,RNN,s1,10,False,0.0997006818652153,ring-selected zero-retuning,0.12647974491119385,dwell,dwell_dense,dense,dense,,dense,,True,1.0,1.4443029165267944,128,0.7090451717376709,0.3942154049873352,0.2626822292804718,0.8189749717712402,0.39141416549682617,1.015017032623291,0.6455106735229492,1.142702579498291,0.8686387538909912,0.3942154049873352,0.8189749717712402,0.19076170027256012,1.0630970001220703,1.0
pilot__rnn__s1__seed10,rnn,RNN,s1,10,False,0.0997006818652153,ring-selected zero-retuning,0.013497501611709595,dwell,dwell_p0p25,active p=0.25,0.25,,fixed_probability,0.0989990159869194,True,1.0,0.9348552227020264,128,0.13130439817905426,0.10538545995950699,0.06075446307659149,0.14354777336120605,0.09650778025388718,0.337898313999176,0.23017644882202148,0.583031952381134,0.4250175952911377,0.1006065309047699,0.14354777336120605,0.0774010717868805,0.1739954650402069,1.0
pilot__rnn__s1__seed10,rnn,RNN,s1,10,False,0.0997006818652153,ring-selected zero-retuning,0.04040943831205368,dwell,dwell_p0p50,active p=0.50,0.5,,fixed_probability,0.1662011742591858,True,1.0,1.2523558139801025,128,0.27188095450401306,0.17156152427196503,0.11553111672401428,0.32260072231292725,0.15770387649536133,0.6730025410652161,0.3288440704345703,0.8651127219200134,0.5528147220611572,0.16890621185302734,0.32260072231292725,0.09839509427547455,0.2888485789299011,1.0
pilot__rnn__s1__seed10,rnn,RNN,s1,10,False,0.0997006818652153,ring-selected zero-retuning,0.08020588010549545,dwell,dwell_p0p75,active p=0.75,0.75,,fixed_probability,0.2719932496547699,True,1.0,1.375307321548462,128,0.49213752150535583,0.2771793007850647,0.19036361575126648,0.5644983649253845,0.27352166175842285,0.9728124141693115,0.6315462589263916,1.1133437156677246,0.8894851207733154,0.27588897943496704,0.5644983649253845,0.13994422554969788,0.803307056427002,1.0
pilot__rnn__s1__seed10,rnn,RNN,s1,10,False,0.0997006818652153,ring-selected zero-retuning,0.08698588609695435,id,id_h128,ID T=128,128,,variable_sparsity,0.1702309250831604,True,1.0,1.2498135566711426,128,0.530730128288269,0.3329409062862396,0.19578173756599426,0.5787745118141174,0.23253321647644043,0.829168438911438,0.43712377548217773,0.9825702905654907,0.6745877265930176,0.2928890585899353,0.5787745118141174,0.14190015196800232,0.888630211353302,1.0
pilot__rnn__s1__seed10,rnn,RNN,s1,10,False,0.0997006818652153,ring-selected zero-retuning,0.49330946803092957,length,length_h1024,T=1024,1024,,variable_sparsity,0.8572716116905212,True,1.0,1.4843645095825195,1024,1.4597089290618896,1.2848396301269531,0.4150662422180176,1.5432230234146118,1.585101842880249,1.5130646228790283,1.4925997257232666,1.527151346206665,1.49257493019104,1.1800860166549683,1.5432230234146118,1.2524211406707764,1.672502040863037,1.0
pilot__rnn__s1__seed10,rnn,RNN,s1,10,False,0.0997006818652153,ring-selected zero-retuning,0.5906444787979126,length,length_h2048,T=2048,2048,,variable_sparsity,1.119887351989746,True,1.0,1.5195776224136353,2048,1.5771520137786865,1.441653847694397,0.44319379329681396,1.4818272590637207,1.4540159702301025,1.5469883680343628,1.447988510131836,1.58759605884552,1.486975908279419,1.3627599477767944,1.4818272590637207,1.4162893295288086,1.7409076690673828,1.0
pilot__rnn__s1__seed10,rnn,RNN,s1,10,False,0.0997006818652153,ring-selected zero-retuning,0.197292298078537,length,length_h256,T=256,256,,variable_sparsity,0.30913305282592773,True,1.0,1.345548152923584,256,0.9759253859519958,0.6606493592262268,0.29156559705734253,1.0974657535552979,0.8382704257965088,1.122159481048584,0.8792579174041748,1.203390121459961,1.0181610584259033,0.5745135545730591,1.0974657535552979,0.4719318151473999,1.2181706428527832,1.0
pilot__rnn__s1__seed10,rnn,RNN,s1,10,False,0.0997006818652153,ring-selected zero-retuning,0.3589971661567688,length,length_h512,T=512,512,,variable_sparsity,0.571620523929596,True,1.0,1.435025930404663,512,1.3515417575836182,1.036849856376648,0.3748794198036194,1.4243345260620117,1.3891525268554688,1.506667137145996,1.503389596939087,1.5211769342422485,1.5242583751678467,0.9227750897407532,1.4243345260620117,0.9343756437301636,1.5222512483596802,1.0
pilot__rnn__s1__seed10,rnn,RNN,s1,10,False,0.0997006818652153,ring-selected zero-retuning,0.09561406075954437,smoothness,smooth_l0p5,GP ell=0.5,0.5,,variable_sparsity,0.17451700568199158,True,0.5,1.2179415225982666,128,0.5403960943222046,0.34636422991752625,0.19348347187042236,0.6186882853507996,0.27452969551086426,0.8303894400596619,0.44515249133110046,0.944696843624115,0.6302142143249512,0.30406323075294495,0.6186882853507996,0.1613207459449768,0.8241066932678223,1.0
pilot__rnn__s1__seed10,rnn,RNN,s1,10,False,0.0997006818652153,ring-selected zero-retuning,0.09155452251434326,smoothness,smooth_l2,GP ell=2.0,2.0,,variable_sparsity,0.17384420335292816,True,2.0,1.252528429031372,128,0.5676352381706238,0.3686257302761078,0.2024376094341278,0.5963737964630127,0.22278927266597748,0.8555039167404175,0.4707290828227997,1.0027520656585693,0.7005069255828857,0.32067936658859253,0.5963737964630127,0.1462305635213852,0.9605801105499268,1.0
pilot__rnn__s1__seed10,rnn,RNN,s1,10,False,0.0997006818652153,ring-selected zero-retuning,0.024651329964399338,velocity,velocity_x0p5,0.5x,0.5,,variable_sparsity,0.10952067375183105,True,1.0,1.0554780960083008,128,0.20852552354335785,0.13318686187267303,0.0757230818271637,0.24874840676784515,0.14899134635925293,0.5414617657661438,0.2981114387512207,0.7452026605606079,0.5464515686035156,0.12736131250858307,0.24874840676784515,0.09452759474515915,0.22827495634555817,0.5
pilot__rnn__s1__seed10,rnn,RNN,s1,10,False,0.0997006818652153,ring-selected zero-retuning,0.16304808855056763,velocity,velocity_x1p5,1.5x,1.5,,variable_sparsity,0.2613077759742737,True,1.0,1.3258905410766602,128,0.7700071334838867,0.5785310864448547,0.30336737632751465,0.8973796963691711,0.4079310894012451,1.1613417863845825,0.8228768706321716,1.222163438796997,0.9976837635040283,0.5004450082778931,0.8973796963691711,0.21893851459026337,1.3044753074645996,1.5
pilot__rnn__s1__seed10,rnn,RNN,s1,10,False,0.0997006818652153,ring-selected zero-retuning,0.22121189534664154,velocity,velocity_x2,2.0x,2.0,,variable_sparsity,0.37996384501457214,True,1.0,1.3806934356689453,128,0.9298847317695618,0.7551879286766052,0.38398754596710205,1.012800693511963,0.6983520984649658,1.2016711235046387,0.9133565425872803,1.2418560981750488,0.9982759356498718,0.6628247499465942,1.012800693511963,0.46228116750717163,1.5247623920440674,2.0
pilot__rnn__s1__seed11,rnn,RNN,s1,11,False,0.025653602555394173,ring-selected zero-retuning,0.21956023573875427,combined,combined_h1024_x1p5,"T=1024, 1.5x",T1024_1.5x,,variable_sparsity,0.5317946672439575,True,1.0,1.4864857196807861,1024,0.8170406818389893,0.5493723154067993,0.062324173748493195,0.9016457796096802,0.7839128971099854,0.907461404800415,0.7582700252532959,0.9519802331924438,0.8145036697387695,0.5450658202171326,0.9016457796096802,0.4450289011001587,1.0396194458007812,1.5
pilot__rnn__s1__seed11,rnn,RNN,s1,11,False,0.025653602555394173,ring-selected zero-retuning,0.3720053434371948,combined,combined_h1024_x2,"T=1024, 2.0x",T1024_2.0x,,variable_sparsity,0.7591391205787659,True,1.0,1.537050485610962,1024,1.1516215801239014,0.7971078157424927,0.11964192986488342,1.2385146617889404,1.0235874652862549,1.2533562183380127,1.0804181098937988,1.3196014165878296,1.1438958644866943,0.787805438041687,1.2385146617889404,0.6608691215515137,1.5156928300857544,2.0
pilot__rnn__s1__seed11,rnn,RNN,s1,11,False,0.025653602555394173,ring-selected zero-retuning,0.005278647877275944,dwell,dwell_block64,64-step middle blank,middle_blank_64,,variable_sparsity,0.059024106711149216,True,1.0,1.1519736051559448,128,0.10780610144138336,0.07529278844594955,0.0332096666097641,0.11774112284183502,0.10771441459655762,0.17133837938308716,0.16178560256958008,0.4164685606956482,0.39066267013549805,0.065150186419487,0.11774112284183502,0.05522990971803665,0.1035170704126358,1.0
pilot__rnn__s1__seed11,rnn,RNN,s1,11,False,0.025653602555394173,ring-selected zero-retuning,0.008276392705738544,dwell,dwell_dense,dense,dense,,dense,,True,1.0,1.4443029165267944,128,0.13496753573417664,0.08604641258716583,0.03663792461156845,0.14561621844768524,0.1367015838623047,0.19749939441680908,0.16637516021728516,0.4589165449142456,0.4431304931640625,0.08604641258716583,0.14561621844768524,0.07026608288288116,0.15084439516067505,1.0
pilot__rnn__s1__seed11,rnn,RNN,s1,11,False,0.025653602555394173,ring-selected zero-retuning,0.004462198819965124,dwell,dwell_p0p25,active p=0.25,0.25,,fixed_probability,0.058452069759368896,True,1.0,0.9348552227020264,128,0.09517040848731995,0.06467632204294205,0.027379147708415985,0.1052064448595047,0.09235572814941406,0.18741711974143982,0.1664116382598877,0.43881282210350037,0.43720507621765137,0.06001877039670944,0.1052064448595047,0.05128355324268341,0.08894933015108109,1.0
pilot__rnn__s1__seed11,rnn,RNN,s1,11,False,0.025653602555394173,ring-selected zero-retuning,0.005348358303308487,dwell,dwell_p0p50,active p=0.50,0.5,,fixed_probability,0.06354793161153793,True,1.0,1.2523558139801025,128,0.10093128681182861,0.06746282428503036,0.033310212194919586,0.11251617968082428,0.0998680591583252,0.17311987280845642,0.1470341682434082,0.43484413623809814,0.43526458740234375,0.06552352756261826,0.11251617968082428,0.05288475379347801,0.10627659410238266,1.0
pilot__rnn__s1__seed11,rnn,RNN,s1,11,False,0.025653602555394173,ring-selected zero-retuning,0.0075975204817950726,dwell,dwell_p0p75,active p=0.75,0.75,,fixed_probability,0.07743319869041443,True,1.0,1.375307321548462,128,0.12659335136413574,0.07765558362007141,0.03772054985165596,0.140680730342865,0.11447596549987793,0.17873141169548035,0.16389775276184082,0.42387861013412476,0.42825913429260254,0.07760025560855865,0.140680730342865,0.06162551790475845,0.13429734110832214,1.0
pilot__rnn__s1__seed11,rnn,RNN,s1,11,False,0.025653602555394173,ring-selected zero-retuning,0.006635528989136219,id,id_h128,ID T=128,128,,variable_sparsity,0.06356058269739151,True,1.0,1.2498135566711426,128,0.12083977460861206,0.08067216724157333,0.03496188297867775,0.13178779184818268,0.11314201354980469,0.1859278380870819,0.1530606746673584,0.4475271701812744,0.45023512840270996,0.07646007090806961,0.13178779184818268,0.06287020444869995,0.14159800112247467,1.0
pilot__rnn__s1__seed11,rnn,RNN,s1,11,False,0.025653602555394173,ring-selected zero-retuning,0.13745218515396118,length,length_h1024,T=1024,1024,,variable_sparsity,0.32686376571655273,True,1.0,1.4843645095825195,1024,0.6918885707855225,0.442350298166275,0.034894756972789764,0.7829123139381409,0.7468597888946533,0.7752197980880737,0.7655450701713562,0.8439814448356628,0.7538492679595947,0.41405627131462097,0.7829123139381409,0.3813868463039398,0.6852704286575317,1.0
pilot__rnn__s1__seed11,rnn,RNN,s1,11,False,0.025653602555394173,ring-selected zero-retuning,0.3943825960159302,length,length_h2048,T=2048,2048,,variable_sparsity,0.6018459796905518,True,1.0,1.5195776224136353,2048,1.3143463134765625,0.8340893387794495,0.03441952168941498,1.4885226488113403,1.475531816482544,1.4860090017318726,1.4787704944610596,1.5085582733154297,1.4792873859405518,0.7771456241607666,1.4885226488113403,0.771719217300415,1.3023130893707275,1.0
pilot__rnn__s1__seed11,rnn,RNN,s1,11,False,0.025653602555394173,ring-selected zero-retuning,0.01612248457968235,length,length_h256,T=256,256,,variable_sparsity,0.1081961840391159,True,1.0,1.345548152923584,256,0.20877425372600555,0.13756893575191498,0.034497037529945374,0.23141884803771973,0.22064733505249023,0.2594737708568573,0.232069730758667,0.4503134489059448,0.41735339164733887,0.13037140667438507,0.23141884803771973,0.11305957287549973,0.22226890921592712,1.0
pilot__rnn__s1__seed11,rnn,RNN,s1,11,False,0.025653602555394173,ring-selected zero-retuning,0.046280790120363235,length,length_h512,T=512,512,,variable_sparsity,0.1865585297346115,True,1.0,1.435025930404663,512,0.37902653217315674,0.2456354945898056,0.03488870710134506,0.41577762365341187,0.40924882888793945,0.4225282073020935,0.3716137409210205,0.560810923576355,0.4909650981426239,0.23114976286888123,0.41577762365341187,0.2201727330684662,0.3832990825176239,1.0
pilot__rnn__s1__seed11,rnn,RNN,s1,11,False,0.025653602555394173,ring-selected zero-retuning,0.007602069526910782,smoothness,smooth_l0p5,GP ell=0.5,0.5,,variable_sparsity,0.06145361438393593,True,0.5,1.2179415225982666,128,0.12637674808502197,0.08640787750482559,0.038042932748794556,0.1341363787651062,0.11235880851745605,0.18163159489631653,0.15332722663879395,0.4198657274246216,0.40688014030456543,0.08026526868343353,0.1341363787651062,0.06561323255300522,0.14968809485435486,1.0
pilot__rnn__s1__seed11,rnn,RNN,s1,11,False,0.025653602555394173,ring-selected zero-retuning,0.0073235719464719296,smoothness,smooth_l2,GP ell=2.0,2.0,,variable_sparsity,0.06381990015506744,True,2.0,1.252528429031372,128,0.1313132345676422,0.08555854111909866,0.0347391813993454,0.1452983319759369,0.12780523300170898,0.20763404667377472,0.189591646194458,0.4471030831336975,0.43370601534843445,0.0802074670791626,0.1452983319759369,0.06670486927032471,0.14304830133914948,1.0
pilot__rnn__s1__seed11,rnn,RNN,s1,11,False,0.025653602555394173,ring-selected zero-retuning,0.003251106711104512,velocity,velocity_x0p5,0.5x,0.5,,variable_sparsity,0.052342597395181656,True,1.0,1.0554780960083008,128,0.08960030227899551,0.05546030029654503,0.02800867334008217,0.09921285510063171,0.09284615516662598,0.1741100251674652,0.163008451461792,0.4275742769241333,0.41558146476745605,0.054692864418029785,0.09921285510063171,0.049149006605148315,0.09127376228570938,0.5
pilot__rnn__s1__seed11,rnn,RNN,s1,11,False,0.025653602555394173,ring-selected zero-retuning,0.024905206635594368,velocity,velocity_x1p5,1.5x,1.5,,variable_sparsity,0.1124955490231514,True,1.0,1.3258905410766602,128,0.18988671898841858,0.13761939108371735,0.059434980154037476,0.20328709483146667,0.14245223999023438,0.26325011253356934,0.19180893898010254,0.4638647735118866,0.4242532253265381,0.13143503665924072,0.20328709483146667,0.07647223770618439,0.24423649907112122,1.5
pilot__rnn__s1__seed11,rnn,RNN,s1,11,False,0.025653602555394173,ring-selected zero-retuning,0.06351001560688019,velocity,velocity_x2,2.0x,2.0,,variable_sparsity,0.2257215529680252,True,1.0,1.3806934356689453,128,0.3104320466518402,0.24095526337623596,0.10433480143547058,0.3423486053943634,0.1914806365966797,0.3844251036643982,0.2470712512731552,0.5408881902694702,0.45209193229675293,0.2372054010629654,0.3423486053943634,0.10118965804576874,0.5050700902938843,2.0
pilot__rnn__s1__seed12,rnn,RNN,s1,12,True,0.02054002322256565,ring-selected zero-retuning,0.2844001352787018,combined,combined_h1024_x1p5,"T=1024, 1.5x",T1024_1.5x,,variable_sparsity,0.500806450843811,True,1.0,1.4864857196807861,1024,1.0459668636322021,0.686905026435852,0.04901093244552612,1.1588728427886963,1.0575006008148193,1.2128450870513916,1.0901939868927002,1.3442400693893433,1.2269108295440674,0.6413111090660095,1.1588728427886963,0.5531060695648193,1.2058439254760742,1.5
pilot__rnn__s1__seed12,rnn,RNN,s1,12,True,0.02054002322256565,ring-selected zero-retuning,0.4483494758605957,combined,combined_h1024_x2,"T=1024, 2.0x",T1024_2.0x,,variable_sparsity,0.7308569550514221,True,1.0,1.537050485610962,1024,1.3075339794158936,0.9598227143287659,0.10624386370182037,1.3802417516708374,1.3164833784103394,1.4412914514541626,1.3276383876800537,1.4903115034103394,1.5090429782867432,0.9037263989448547,1.3802417516708374,0.7733774185180664,1.6646195650100708,2.0
pilot__rnn__s1__seed12,rnn,RNN,s1,12,True,0.02054002322256565,ring-selected zero-retuning,0.005408814642578363,dwell,dwell_block64,64-step middle blank,middle_blank_64,,variable_sparsity,0.05974533036351204,True,1.0,1.1519736051559448,128,0.09947022795677185,0.07070093601942062,0.025940947234630585,0.11032144725322723,0.08166313171386719,0.1953783929347992,0.17951035499572754,0.39484432339668274,0.3667421340942383,0.06387073546648026,0.11032144725322723,0.04797134920954704,0.1197933554649353,1.0
pilot__rnn__s1__seed12,rnn,RNN,s1,12,True,0.02054002322256565,ring-selected zero-retuning,0.006354588083922863,dwell,dwell_dense,dense,dense,,dense,,True,1.0,1.4443029165267944,128,0.11430775374174118,0.0718708336353302,0.02333824895322323,0.1312585026025772,0.1107933521270752,0.22868484258651733,0.2029709666967392,0.44663578271865845,0.40689682960510254,0.0718708336353302,0.1312585026025772,0.0584627166390419,0.11905792355537415,1.0
pilot__rnn__s1__seed12,rnn,RNN,s1,12,True,0.02054002322256565,ring-selected zero-retuning,0.0033186711370944977,dwell,dwell_p0p25,active p=0.25,0.25,,fixed_probability,0.05179447680711746,True,1.0,0.9348552227020264,128,0.08190634846687317,0.056068915873765945,0.022821325808763504,0.09028546512126923,0.0796668529510498,0.1697545051574707,0.14519023895263672,0.38994163274765015,0.3516025245189667,0.05287039279937744,0.09028546512126923,0.04265708476305008,0.09870047122240067,1.0
pilot__rnn__s1__seed12,rnn,RNN,s1,12,True,0.02054002322256565,ring-selected zero-retuning,0.0041728694923222065,dwell,dwell_p0p50,active p=0.50,0.5,,fixed_probability,0.06152986362576485,True,1.0,1.2523558139801025,128,0.09339556097984314,0.05886814370751381,0.025776904076337814,0.10503832995891571,0.08808231353759766,0.17959412932395935,0.16195200383663177,0.3862802982330322,0.32131338119506836,0.06018665432929993,0.10503832995891571,0.05111446976661682,0.10160747170448303,1.0
pilot__rnn__s1__seed12,rnn,RNN,s1,12,True,0.02054002322256565,ring-selected zero-retuning,0.0054804375395178795,dwell,dwell_p0p75,active p=0.75,0.75,,fixed_probability,0.07553542405366898,True,1.0,1.375307321548462,128,0.11067016422748566,0.06872258335351944,0.024258676916360855,0.12172001600265503,0.11046695709228516,0.19616520404815674,0.17049455642700195,0.38679972290992737,0.3225867748260498,0.07041768729686737,0.12172001600265503,0.05821821093559265,0.12836313247680664,1.0
pilot__rnn__s1__seed12,rnn,RNN,s1,12,True,0.02054002322256565,ring-selected zero-retuning,0.0048037003725767136,id,id_h128,ID T=128,128,,variable_sparsity,0.052149467170238495,True,1.0,1.2498135566711426,128,0.1009359359741211,0.06814853847026825,0.023651957511901855,0.11344023048877716,0.09829043596982956,0.19944331049919128,0.18242788314819336,0.41280117630958557,0.34587666392326355,0.06421029567718506,0.11344023048877716,0.05292975902557373,0.11581602692604065,1.0
pilot__rnn__s1__seed12,rnn,RNN,s1,12,True,0.02054002322256565,ring-selected zero-retuning,0.15171688795089722,length,length_h1024,T=1024,1024,,variable_sparsity,0.34650737047195435,True,1.0,1.4843645095825195,1024,0.7800787091255188,0.4813362956047058,0.02279287949204445,0.8931747078895569,0.8735470175743103,0.977952778339386,0.9545443058013916,1.1579527854919434,1.1205408573150635,0.44830334186553955,0.8931747078895569,0.43525952100753784,0.721061646938324,1.0
pilot__rnn__s1__seed12,rnn,RNN,s1,12,True,0.02054002322256565,ring-selected zero-retuning,0.45972299575805664,length,length_h2048,T=2048,2048,,variable_sparsity,0.7018909454345703,True,1.0,1.5195776224136353,2048,1.5297338962554932,0.941572904586792,0.022401684895157814,1.7305076122283936,1.72612726688385,1.8198060989379883,1.8242682218551636,1.9933804273605347,2.039311647415161,0.8828054666519165,1.7305076122283936,0.8617313504219055,1.2926445007324219,1.0
pilot__rnn__s1__seed12,rnn,RNN,s1,12,True,0.02054002322256565,ring-selected zero-retuning,0.013054153881967068,length,length_h256,T=256,256,,variable_sparsity,0.0906844437122345,True,1.0,1.345548152923584,256,0.19441479444503784,0.12427087128162384,0.022699713706970215,0.22182700037956238,0.2022111415863037,0.3038923740386963,0.2682502269744873,0.4944396913051605,0.4456327259540558,0.11604081839323044,0.22182700037956238,0.10864099860191345,0.1898723691701889,1.0
pilot__rnn__s1__seed12,rnn,RNN,s1,12,True,0.02054002322256565,ring-selected zero-retuning,0.04542664811015129,length,length_h512,T=512,512,,variable_sparsity,0.1737920194864273,True,1.0,1.435025930404663,512,0.3909963071346283,0.24455218017101288,0.023017656058073044,0.4408576488494873,0.4111645221710205,0.5260317325592041,0.4947853088378906,0.7260341644287109,0.6895687580108643,0.2272017002105713,0.4408576488494873,0.21398039162158966,0.3696145713329315,1.0
pilot__rnn__s1__seed12,rnn,RNN,s1,12,True,0.02054002322256565,ring-selected zero-retuning,0.00530930794775486,smoothness,smooth_l0p5,GP ell=0.5,0.5,,variable_sparsity,0.05536253750324249,True,0.5,1.2179415225982666,128,0.1044393852353096,0.07228978723287582,0.027774285525083542,0.11759484559297562,0.10419463366270065,0.2060505747795105,0.18572759628295898,0.4195050299167633,0.3455476760864258,0.06812305748462677,0.11759484559297562,0.05590658634901047,0.12095955014228821,1.0
pilot__rnn__s1__seed12,rnn,RNN,s1,12,True,0.02054002322256565,ring-selected zero-retuning,0.004901682958006859,smoothness,smooth_l2,GP ell=2.0,2.0,,variable_sparsity,0.05202611908316612,True,2.0,1.252528429031372,128,0.10131849348545074,0.06744109094142914,0.02238425426185131,0.11634226143360138,0.09593415260314941,0.2035294622182846,0.17627668380737305,0.4180958867073059,0.35690781474113464,0.06364662200212479,0.11634226143360138,0.052816715091466904,0.11362126469612122,1.0
pilot__rnn__s1__seed12,rnn,RNN,s1,12,True,0.02054002322256565,ring-selected zero-retuning,0.002532974584028125,velocity,velocity_x0p5,0.5x,0.5,,variable_sparsity,0.046923842281103134,True,1.0,1.0554780960083008,128,0.07967382669448853,0.050591159611940384,0.01852451264858246,0.09174105525016785,0.08040332794189453,0.16422931849956512,0.15551424026489258,0.37190085649490356,0.3135509490966797,0.0496884360909462,0.09174105525016785,0.045289941132068634,0.0909641906619072,0.5
pilot__rnn__s1__seed12,rnn,RNN,s1,12,True,0.02054002322256565,ring-selected zero-retuning,0.021036524325609207,velocity,velocity_x1p5,1.5x,1.5,,variable_sparsity,0.09235769510269165,True,1.0,1.3258905410766602,128,0.16208377480506897,0.12160687893629074,0.045666784048080444,0.18418927490711212,0.11912869662046432,0.2662079930305481,0.20097994804382324,0.4677661955356598,0.4032557010650635,0.11440704762935638,0.18418927490711212,0.06627264618873596,0.20067423582077026,1.5
pilot__rnn__s1__seed12,rnn,RNN,s1,12,True,0.02054002322256565,ring-selected zero-retuning,0.06583201885223389,velocity,velocity_x2,2.0x,2.0,,variable_sparsity,0.20713293552398682,True,1.0,1.3806934356689453,128,0.3171911835670471,0.2502851188182831,0.09225045144557953,0.32835328578948975,0.1524503231048584,0.4269726276397705,0.23074841499328613,0.5827310085296631,0.4231712818145752,0.2396630048751831,0.32835328578948975,0.09130965173244476,0.558408260345459,2.0
pilot__gru__s1__seed10,gru,GRU,s1,10,True,0.008078450337052345,ring-selected zero-retuning,0.058211326599121094,combined,combined_h1024_x1p5,"T=1024, 1.5x",T1024_1.5x,,variable_sparsity,0.1475139856338501,True,1.0,1.4864857196807861,1024,0.2872466444969177,0.20042532682418823,0.018295632675290108,0.32235443592071533,0.18749594688415527,0.32950806617736816,0.19846773147583008,0.4070996642112732,0.3047003746032715,0.18746209144592285,0.32235443592071533,0.10905347764492035,0.3191539943218231,1.5
pilot__gru__s1__seed10,gru,GRU,s1,10,True,0.008078450337052345,ring-selected zero-retuning,0.19833651185035706,combined,combined_h1024_x2,"T=1024, 2.0x",T1024_2.0x,,variable_sparsity,0.23633000254631042,True,1.0,1.537050485610962,1024,0.6381881237030029,0.468098908662796,0.027093905955553055,0.7053348422050476,0.386746883392334,0.7064773440361023,0.3984336853027344,0.7435014247894287,0.4172992408275604,0.41131579875946045,0.7053348422050476,0.21447639167308807,1.1725925207138062,2.0
pilot__gru__s1__seed10,gru,GRU,s1,10,True,0.008078450337052345,ring-selected zero-retuning,0.0007343656034208834,dwell,dwell_block64,64-step middle blank,middle_blank_64,,variable_sparsity,0.02408689446747303,True,1.0,1.1519736051559448,128,0.04109293967485428,0.029772557318210602,0.012426747009158134,0.04560444504022598,0.04162240028381348,0.08287693560123444,0.0806882381439209,0.22060626745224,0.20663999021053314,0.026227865368127823,0.04560444504022598,0.02378549985587597,0.043377749621868134,1.0
pilot__gru__s1__seed10,gru,GRU,s1,10,True,0.008078450337052345,ring-selected zero-retuning,0.0007551593007519841,dwell,dwell_dense,dense,dense,,dense,,True,1.0,1.4443029165267944,128,0.036966435611248016,0.02575564756989479,0.013314725831151009,0.041036564856767654,0.03425025939941406,0.07106621563434601,0.06042933091521263,0.20559504628181458,0.19165515899658203,0.02575564756989479,0.041036564856767654,0.02312793768942356,0.04362848773598671,1.0
pilot__gru__s1__seed10,gru,GRU,s1,10,True,0.008078450337052345,ring-selected zero-retuning,0.0005780413630418479,dwell,dwell_p0p25,active p=0.25,0.25,,fixed_probability,0.02309574745595455,True,1.0,0.9348552227020264,128,0.03699750453233719,0.02719619683921337,0.009759422391653061,0.041715215891599655,0.0380864143371582,0.08262858539819717,0.07800841331481934,0.21950682997703552,0.21919894218444824,0.024127868935465813,0.041715215891599655,0.02208319492638111,0.039277154952287674,1.0
pilot__gru__s1__seed10,gru,GRU,s1,10,True,0.008078450337052345,ring-selected zero-retuning,0.0007173266494646668,dwell,dwell_p0p50,active p=0.50,0.5,,fixed_probability,0.024634309113025665,True,1.0,1.2523558139801025,128,0.03768983110785484,0.026058077812194824,0.011355017311871052,0.04251996427774429,0.037819862365722656,0.07967180013656616,0.07840132713317871,0.21024516224861145,0.2054309844970703,0.025352798402309418,0.04251996427774429,0.02323952130973339,0.04103150963783264,1.0
pilot__gru__s1__seed10,gru,GRU,s1,10,True,0.008078450337052345,ring-selected zero-retuning,0.000791577622294426,dwell,dwell_p0p75,active p=0.75,0.75,,fixed_probability,0.025678342208266258,True,1.0,1.375307321548462,128,0.03587082773447037,0.025725120678544044,0.012267308309674263,0.03958355262875557,0.03547787666320801,0.07454796135425568,0.06674551963806152,0.2094281017780304,0.1914653778076172,0.02571348287165165,0.03958355262875557,0.0240577831864357,0.04100533574819565,1.0
pilot__gru__s1__seed10,gru,GRU,s1,10,True,0.008078450337052345,ring-selected zero-retuning,0.0007150834426283836,id,id_h128,ID T=128,128,,variable_sparsity,0.02465209551155567,True,1.0,1.2498135566711426,128,0.03659091889858246,0.0255702156573534,0.012554244138300419,0.04036383330821991,0.03526020050048828,0.07390240579843521,0.06219053268432617,0.20685404539108276,0.19074583053588867,0.02534421719610691,0.04036383330821991,0.023821428418159485,0.04078974574804306,1.0
pilot__gru__s1__seed10,gru,GRU,s1,10,True,0.008078450337052345,ring-selected zero-retuning,0.01321024727076292,length,length_h1024,T=1024,1024,,variable_sparsity,0.1292416751384735,True,1.0,1.4843645095825195,1024,0.1919545978307724,0.11768526583909988,0.012650841847062111,0.21133585274219513,0.1893291473388672,0.23208972811698914,0.2184586375951767,0.32627177238464355,0.30269813537597656,0.1205165758728981,0.21133585274219513,0.11400286853313446,0.2106158286333084,1.0
pilot__gru__s1__seed10,gru,GRU,s1,10,True,0.008078450337052345,ring-selected zero-retuning,0.035394348204135895,length,length_h2048,T=2048,2048,,variable_sparsity,0.24101822078227997,True,1.0,1.5195776224136353,2048,0.3264085650444031,0.191210076212883,0.012679832056164742,0.373025119304657,0.3569495677947998,0.3995773196220398,0.3940601348876953,0.49214112758636475,0.48677733540534973,0.20342253148555756,0.373025119304657,0.18914568424224854,0.3667730987071991,1.0
pilot__gru__s1__seed10,gru,GRU,s1,10,True,0.008078450337052345,ring-selected zero-retuning,0.0016045996453613043,length,length_h256,T=256,256,,variable_sparsity,0.04208861663937569,True,1.0,1.345548152923584,256,0.06361502408981323,0.04035402089357376,0.012660287320613861,0.07301349937915802,0.07178735733032227,0.0982680544257164,0.09452652931213379,0.21733888983726501,0.2047097533941269,0.04077906534075737,0.07301349937915802,0.036534857004880905,0.06767964363098145,1.0
pilot__gru__s1__seed10,gru,GRU,s1,10,True,0.008078450337052345,ring-selected zero-retuning,0.0048868185840547085,length,length_h512,T=512,512,,variable_sparsity,0.07279762625694275,True,1.0,1.435025930404663,512,0.11294069141149521,0.06949298828840256,0.012560898438096046,0.12543216347694397,0.11574625968933105,0.156901553273201,0.14321422576904297,0.2798840403556824,0.270923376083374,0.0703032910823822,0.12543216347694397,0.06669679284095764,0.12425462901592255,1.0
pilot__gru__s1__seed10,gru,GRU,s1,10,True,0.008078450337052345,ring-selected zero-retuning,0.0007951032021082938,smoothness,smooth_l0p5,GP ell=0.5,0.5,,variable_sparsity,0.02643011137843132,True,0.5,1.2179415225982666,128,0.03718022257089615,0.02662074752151966,0.013061756268143654,0.0402831956744194,0.03417038917541504,0.07371844351291656,0.0737919807434082,0.19979418814182281,0.18549656867980957,0.026573821902275085,0.0402831956744194,0.02364802174270153,0.0442470982670784,1.0
pilot__gru__s1__seed10,gru,GRU,s1,10,True,0.008078450337052345,ring-selected zero-retuning,0.0006648838752880692,smoothness,smooth_l2,GP ell=2.0,2.0,,variable_sparsity,0.02465817891061306,True,2.0,1.252528429031372,128,0.036283791065216064,0.025062918663024902,0.012296214699745178,0.04060602933168411,0.035867929458618164,0.07698012888431549,0.07008934020996094,0.20666463673114777,0.19168828427791595,0.024963289499282837,0.04060602933168411,0.023482628166675568,0.03940173238515854,1.0
pilot__gru__s1__seed10,gru,GRU,s1,10,True,0.008078450337052345,ring-selected zero-retuning,0.00048438485828228295,velocity,velocity_x0p5,0.5x,0.5,,variable_sparsity,0.02417323924601078,True,1.0,1.0554780960083008,128,0.03505838289856911,0.022026417776942253,0.010955749079585075,0.03984089568257332,0.039664506912231445,0.08052226901054382,0.0726318359375,0.21004503965377808,0.18723058700561523,0.02255486696958542,0.03984089568257332,0.022663451731204987,0.03615622967481613,0.5
pilot__gru__s1__seed10,gru,GRU,s1,10,True,0.008078450337052345,ring-selected zero-retuning,0.00613820506259799,velocity,velocity_x1p5,1.5x,1.5,,variable_sparsity,0.032303355634212494,True,1.0,1.3258905410766602,128,0.06357957422733307,0.04903626814484596,0.01790112629532814,0.07108835875988007,0.04613208770751953,0.09408078342676163,0.06930685043334961,0.2172299027442932,0.19123101234436035,0.044917382299900055,0.07108835875988007,0.02699245885014534,0.06899052113294601,1.5
pilot__gru__s1__seed10,gru,GRU,s1,10,True,0.008078450337052345,ring-selected zero-retuning,0.032225847244262695,velocity,velocity_x2,2.0x,2.0,,variable_sparsity,0.06338918209075928,True,1.0,1.3806934356689453,128,0.13760848343372345,0.11694354563951492,0.024912133812904358,0.14901357889175415,0.051233530044555664,0.15713369846343994,0.06825423240661621,0.2720564007759094,0.206329345703125,0.10376088321208954,0.14901357889175415,0.032347820699214935,0.1863078773021698,2.0
pilot__gru__s1__seed11,gru,GRU,s1,11,True,0.009212035685777664,ring-selected zero-retuning,0.05468601733446121,combined,combined_h1024_x1p5,"T=1024, 1.5x",T1024_1.5x,,variable_sparsity,0.18764007091522217,True,1.0,1.4864857196807861,1024,0.3572079539299011,0.23326212167739868,0.023162629455327988,0.39619624614715576,0.30710291862487793,0.4172404408454895,0.34708333015441895,0.5118955969810486,0.4679582118988037,0.22208479046821594,0.39619624614715576,0.18067008256912231,0.3984334468841553,1.5
pilot__gru__s1__seed11,gru,GRU,s1,11,True,0.009212035685777664,ring-selected zero-retuning,0.15957388281822205,combined,combined_h1024_x2,"T=1024, 2.0x",T1024_2.0x,,variable_sparsity,0.25259414315223694,True,1.0,1.537050485610962,1024,0.6019425988197327,0.4397655129432678,0.03467715159058571,0.6701432466506958,0.4119138717651367,0.6791028380393982,0.4322984516620636,0.7341525554656982,0.5331368446350098,0.3939087390899658,0.6701432466506958,0.26787400245666504,0.8692655563354492,2.0
pilot__gru__s1__seed11,gru,GRU,s1,11,True,0.009212035685777664,ring-selected zero-retuning,0.0008223385666497052,dwell,dwell_block64,64-step middle blank,middle_blank_64,,variable_sparsity,0.028391554951667786,True,1.0,1.1519736051559448,128,0.04835681617259979,0.03231041505932808,0.0093308687210083,0.05291803181171417,0.05633902549743652,0.10751451551914215,0.108230821788311,0.282075434923172,0.3001859188079834,0.029867228120565414,0.05291803181171417,0.030290547758340836,0.04902172088623047,1.0
pilot__gru__s1__seed11,gru,GRU,s1,11,True,0.009212035685777664,ring-selected zero-retuning,0.0010829063830897212,dwell,dwell_dense,dense,dense,,dense,,True,1.0,1.4443029165267944,128,0.0499088391661644,0.02949974499642849,0.011515682563185692,0.057746149599552155,0.05151772499084473,0.10162028670310974,0.09564590454101562,0.26982688903808594,0.2873823642730713,0.02949974499642849,0.057746149599552155,0.02461988851428032,0.0459449328482151,1.0
pilot__gru__s1__seed11,gru,GRU,s1,11,True,0.009212035685777664,ring-selected zero-retuning,0.0008984756423160434,dwell,dwell_p0p25,active p=0.25,0.25,,fixed_probability,0.0310347992926836,True,1.0,0.9348552227020264,128,0.05216161534190178,0.03375658765435219,0.008965120650827885,0.05873498693108559,0.06067585572600365,0.11622168123722076,0.12420319765806198,0.2911839187145233,0.30433201789855957,0.03171990066766739,0.05873498693108559,0.031853143125772476,0.04983694478869438,1.0
pilot__gru__s1__seed11,gru,GRU,s1,11,True,0.009212035685777664,ring-selected zero-retuning,0.0008794170571491122,dwell,dwell_p0p50,active p=0.50,0.5,,fixed_probability,0.02835444174706936,True,1.0,1.2523558139801025,128,0.04567815363407135,0.030669059604406357,0.010940163396298885,0.0504935048520565,0.052438732236623764,0.10655629634857178,0.11073803156614304,0.28241491317749023,0.30678558349609375,0.02952248603105545,0.0504935048520565,0.029878458008170128,0.045073769986629486,1.0
pilot__gru__s1__seed11,gru,GRU,s1,11,True,0.009212035685777664,ring-selected zero-retuning,0.0008723394712433219,dwell,dwell_p0p75,active p=0.75,0.75,,fixed_probability,0.028320161625742912,True,1.0,1.375307321548462,128,0.043972745537757874,0.028524307534098625,0.011565946973860264,0.04953596368432045,0.047946929931640625,0.10012051463127136,0.09941339492797852,0.2704087495803833,0.28733301162719727,0.028473513200879097,0.04953596368432045,0.02660016342997551,0.044168729335069656,1.0
pilot__gru__s1__seed11,gru,GRU,s1,11,True,0.009212035685777664,ring-selected zero-retuning,0.0008535942179150879,id,id_h128,ID T=128,128,,variable_sparsity,0.02846786007285118,True,1.0,1.2498135566711426,128,0.04543963819742203,0.02836492657661438,0.010847046039998531,0.051323242485523224,0.051454778760671616,0.0996202826499939,0.09470152109861374,0.2706639766693115,0.28807735443115234,0.028390266001224518,0.051323242485523224,0.02531980536878109,0.04480806738138199,1.0
pilot__gru__s1__seed11,gru,GRU,s1,11,True,0.009212035685777664,ring-selected zero-retuning,0.024244539439678192,length,length_h1024,T=1024,1024,,variable_sparsity,0.19958075881004333,True,1.0,1.4843645095825195,1024,0.26063382625579834,0.14718753099441528,0.012825781479477882,0.29034626483917236,0.2609598636627197,0.3332456350326538,0.3144216537475586,0.48139747977256775,0.4800131022930145,0.16002382338047028,0.29034626483917236,0.13810837268829346,0.28742364048957825,1.0
pilot__gru__s1__seed11,gru,GRU,s1,11,True,0.009212035685777664,ring-selected zero-retuning,0.07090619206428528,length,length_h2048,T=2048,2048,,variable_sparsity,0.3899143934249878,True,1.0,1.5195776224136353,2048,0.4788704216480255,0.255540132522583,0.012847881764173508,0.532731294631958,0.48432326316833496,0.5763328075408936,0.5123386383056641,0.7249482274055481,0.6776902675628662,0.2884873151779175,0.532731294631958,0.25652647018432617,0.526566743850708,1.0
pilot__gru__s1__seed11,gru,GRU,s1,11,True,0.009212035685777664,ring-selected zero-retuning,0.0025403895415365696,length,length_h256,T=256,256,,variable_sparsity,0.05391748994588852,True,1.0,1.345548152923584,256,0.08317739516496658,0.05015723407268524,0.011263152584433556,0.08953803032636642,0.08518290519714355,0.13786274194717407,0.13421130180358887,0.31191474199295044,0.3221442699432373,0.05107865110039711,0.08953803032636642,0.04882959648966789,0.08424878865480423,1.0
pilot__gru__s1__seed11,gru,GRU,s1,11,True,0.009212035685777664,ring-selected zero-retuning,0.007815669290721416,length,length_h512,T=512,512,,variable_sparsity,0.10327580571174622,True,1.0,1.435025930404663,512,0.1460081785917282,0.08531524986028671,0.012253772467374802,0.1623246967792511,0.14049935340881348,0.20376884937286377,0.1890103816986084,0.35574406385421753,0.35068631172180176,0.08971919864416122,0.1623246967792511,0.08140963315963745,0.15823116898536682,1.0
pilot__gru__s1__seed11,gru,GRU,s1,11,True,0.009212035685777664,ring-selected zero-retuning,0.0008301439229398966,smoothness,smooth_l0p5,GP ell=0.5,0.5,,variable_sparsity,0.027632972225546837,True,0.5,1.2179415225982666,128,0.04122544080018997,0.0276713315397501,0.011587485671043396,0.047314055263996124,0.04235386848449707,0.09574662148952484,0.09363675117492676,0.26793259382247925,0.2784438133239746,0.027661889791488647,0.047314055263996124,0.02496815286576748,0.04513884335756302,1.0
pilot__gru__s1__seed11,gru,GRU,s1,11,True,0.009212035685777664,ring-selected zero-retuning,0.0008382592350244522,smoothness,smooth_l2,GP ell=2.0,2.0,,variable_sparsity,0.028358282521367073,True,2.0,1.252528429031372,128,0.045343805104494095,0.027907155454158783,0.01102922298014164,0.05246496945619583,0.048117633908987045,0.10568076372146606,0.11332368850708008,0.2841150164604187,0.3000669479370117,0.028018202632665634,0.05246496945619583,0.026137080043554306,0.044312991201877594,1.0
pilot__gru__s1__seed11,gru,GRU,s1,11,True,0.009212035685777664,ring-selected zero-retuning,0.0006603338988497853,velocity,velocity_x0p5,0.5x,0.5,,variable_sparsity,0.029032180085778236,True,1.0,1.0554780960083008,128,0.045636940747499466,0.0275100227445364,0.007057367358356714,0.05139350891113281,0.057303667068481445,0.10530905425548553,0.11052083969116211,0.2727457284927368,0.2971687316894531,0.02788471058011055,0.05139350891113281,0.02920360304415226,0.041866153478622437,0.5
pilot__gru__s1__seed11,gru,GRU,s1,11,True,0.009212035685777664,ring-selected zero-retuning,0.004797279369086027,velocity,velocity_x1p5,1.5x,1.5,,variable_sparsity,0.03304196149110794,True,1.0,1.3258905410766602,128,0.06737534701824188,0.046919841319322586,0.019024085253477097,0.07617786526679993,0.053974151611328125,0.11328063905239105,0.09757137298583984,0.28880059719085693,0.30042433738708496,0.04350373521447182,0.07617786526679993,0.03037252277135849,0.06937523186206818,1.5
pilot__gru__s1__seed11,gru,GRU,s1,11,True,0.009212035685777664,ring-selected zero-retuning,0.022792812436819077,velocity,velocity_x2,2.0x,2.0,,variable_sparsity,0.05966152250766754,True,1.0,1.3806934356689453,128,0.1233644038438797,0.10075216740369797,0.028882481157779694,0.13861100375652313,0.06132245063781738,0.1648033708333969,0.10674190521240234,0.3075164556503296,0.2749149799346924,0.09063749760389328,0.13861100375652313,0.0382564514875412,0.1474837362766266,2.0
pilot__gru__s1__seed12,gru,GRU,s1,12,True,0.0054211486130952835,ring-selected zero-retuning,0.051339127123355865,combined,combined_h1024_x1p5,"T=1024, 1.5x",T1024_1.5x,,variable_sparsity,0.09070682525634766,True,1.0,1.4864857196807861,1024,0.2511255443096161,0.1829759031534195,0.01742219552397728,0.27577733993530273,0.15356206893920898,0.2728927731513977,0.1481781005859375,0.28665319085121155,0.16943073272705078,0.1603700816631317,0.27577733993530273,0.0868782252073288,0.2653704583644867,1.5
pilot__gru__s1__seed12,gru,GRU,s1,12,True,0.0054211486130952835,ring-selected zero-retuning,0.18995466828346252,combined,combined_h1024_x2,"T=1024, 2.0x",T1024_2.0x,,variable_sparsity,0.19505901634693146,True,1.0,1.537050485610962,1024,0.6201130747795105,0.46401840448379517,0.027540184557437897,0.6831105947494507,0.3159363269805908,0.6825759410858154,0.29871582984924316,0.6999310255050659,0.3363511562347412,0.39812368154525757,0.6831105947494507,0.17916744947433472,1.1415531635284424,2.0
pilot__gru__s1__seed12,gru,GRU,s1,12,True,0.0054211486130952835,ring-selected zero-retuning,0.0003584054356906563,dwell,dwell_block64,64-step middle blank,middle_blank_64,,variable_sparsity,0.014580164104700089,True,1.0,1.1519736051559448,128,0.023048292845487595,0.020729277282953262,0.007197964936494827,0.025429552420973778,0.02122044563293457,0.03935428336262703,0.035581350326538086,0.09054750204086304,0.08183622360229492,0.016895651817321777,0.025429552420973778,0.01460278034210205,0.02731270343065262,1.0
pilot__gru__s1__seed12,gru,GRU,s1,12,True,0.0054211486130952835,ring-selected zero-retuning,0.00046405853936448693,dwell,dwell_dense,dense,dense,,dense,,True,1.0,1.4443029165267944,128,0.023380815982818604,0.018336569890379906,0.00799006037414074,0.02770928293466568,0.020493267104029655,0.0380832701921463,0.03248143196105957,0.0866573303937912,0.07850527763366699,0.018336569890379906,0.02770928293466568,0.014225559309124947,0.030026685446500778,1.0
pilot__gru__s1__seed12,gru,GRU,s1,12,True,0.0054211486130952835,ring-selected zero-retuning,0.00027873419458046556,dwell,dwell_p0p25,active p=0.25,0.25,,fixed_probability,0.013534395024180412,True,1.0,0.9348552227020264,128,0.02050064317882061,0.018307063728570938,0.007786274421960115,0.023390453308820724,0.0206301212310791,0.03790165111422539,0.03288722038269043,0.09576665610074997,0.08181214332580566,0.014735718257725239,0.023390453308820724,0.013491706922650337,0.022228345274925232,1.0
pilot__gru__s1__seed12,gru,GRU,s1,12,True,0.0054211486130952835,ring-selected zero-retuning,0.0004126450512558222,dwell,dwell_p0p50,active p=0.50,0.5,,fixed_probability,0.016035085543990135,True,1.0,1.2523558139801025,128,0.020961429923772812,0.01751946657896042,0.009966278448700905,0.02339426428079605,0.021242856979370117,0.03680037334561348,0.03252863883972168,0.09487620741128922,0.08045268058776855,0.01678416132926941,0.02339426428079605,0.015018410980701447,0.026219196617603302,1.0
pilot__gru__s1__seed12,gru,GRU,s1,12,True,0.0054211486130952835,ring-selected zero-retuning,0.000451833417173475,dwell,dwell_p0p75,active p=0.75,0.75,,fixed_probability,0.019583553075790405,True,1.0,1.375307321548462,128,0.020719192922115326,0.01681886613368988,0.009358834475278854,0.02370097115635872,0.021614789962768555,0.038238488137722015,0.03277158737182617,0.09482651203870773,0.0775296688079834,0.01750674843788147,0.02370097115635872,0.014677589759230614,0.02741071954369545,1.0
pilot__gru__s1__seed12,gru,GRU,s1,12,True,0.0054211486130952835,ring-selected zero-retuning,0.00041019608033820987,id,id_h128,ID T=128,128,,variable_sparsity,0.015206084586679935,True,1.0,1.2498135566711426,128,0.021688804030418396,0.017578870058059692,0.008446021005511284,0.025235623121261597,0.021007537841796875,0.038377948105335236,0.034576416015625,0.09169590473175049,0.0746309757232666,0.016994796693325043,0.025235623121261597,0.014663822948932648,0.0255572646856308,1.0
pilot__gru__s1__seed12,gru,GRU,s1,12,True,0.0054211486130952835,ring-selected zero-retuning,0.004668276757001877,length,length_h1024,T=1024,1024,,variable_sparsity,0.06255623698234558,True,1.0,1.4843645095825195,1024,0.0988040417432785,0.06673247367143631,0.009156427346169949,0.10588878393173218,0.08014202117919922,0.11076073348522186,0.09389424324035645,0.1372033953666687,0.1228642463684082,0.06570930778980255,0.10588878393173218,0.05365569889545441,0.11710912734270096,1.0
pilot__gru__s1__seed12,gru,GRU,s1,12,True,0.0054211486130952835,ring-selected zero-retuning,0.01013338752090931,length,length_h2048,T=2048,2048,,variable_sparsity,0.10022074729204178,True,1.0,1.5195776224136353,2048,0.15236486494541168,0.10178931057453156,0.009109467267990112,0.16263870894908905,0.12349438667297363,0.1670127809047699,0.1336219310760498,0.19834712147712708,0.17726540565490723,0.10140471160411835,0.16263870894908905,0.08482305705547333,0.18725886940956116,1.0
pilot__gru__s1__seed12,gru,GRU,s1,12,True,0.0054211486130952835,ring-selected zero-retuning,0.0007031562272459269,length,length_h256,T=256,256,,variable_sparsity,0.023375853896141052,True,1.0,1.345548152923584,256,0.03789816051721573,0.02606113813817501,0.00840984471142292,0.04101170599460602,0.03630638122558594,0.05023379996418953,0.04430389404296875,0.0974639356136322,0.08476042747497559,0.025403134524822235,0.04101170599460602,0.02213064581155777,0.041124023497104645,1.0
pilot__gru__s1__seed12,gru,GRU,s1,12,True,0.0054211486130952835,ring-selected zero-retuning,0.0019111523870378733,length,length_h512,T=512,512,,variable_sparsity,0.03793465346097946,True,1.0,1.435025930404663,512,0.06348168849945068,0.04183643311262131,0.008785422891378403,0.06923385709524155,0.05573439598083496,0.07572808861732483,0.0629889965057373,0.11691094934940338,0.10058140009641647,0.040879711508750916,0.06923385709524155,0.034550659358501434,0.06872659176588058,1.0
pilot__gru__s1__seed12,gru,GRU,s1,12,True,0.0054211486130952835,ring-selected zero-retuning,0.00046276868670247495,smoothness,smooth_l0p5,GP ell=0.5,0.5,,variable_sparsity,0.015497424639761448,True,0.5,1.2179415225982666,128,0.022174987941980362,0.01886408030986786,0.009665312245488167,0.02493535727262497,0.021392345428466797,0.03550327941775322,0.03200054168701172,0.08574672788381577,0.07072830200195312,0.018035361543297768,0.02493535727262497,0.01573883183300495,0.028941426426172256,1.0
pilot__gru__s1__seed12,gru,GRU,s1,12,True,0.0054211486130952835,ring-selected zero-retuning,0.0003496958233881742,smoothness,smooth_l2,GP ell=2.0,2.0,,variable_sparsity,0.014895320869982243,True,2.0,1.252528429031372,128,0.018644001334905624,0.016401782631874084,0.007965398952364922,0.021418698132038116,0.01663684844970703,0.037444185465574265,0.03341245651245117,0.0850028470158577,0.07329344749450684,0.01603095978498459,0.021418698132038116,0.014256445690989494,0.02446288801729679,1.0
pilot__gru__s1__seed12,gru,GRU,s1,12,True,0.0054211486130952835,ring-selected zero-retuning,0.00014580145943909883,velocity,velocity_x0p5,0.5x,0.5,,variable_sparsity,0.012990818358957767,True,1.0,1.0554780960083008,128,0.016873277723789215,0.012658389285206795,0.004483661614358425,0.01939612627029419,0.01733088493347168,0.03629966080188751,0.030882837250828743,0.09401406347751617,0.0861973762512207,0.01274021714925766,0.01939612627029419,0.01231396198272705,0.02024078741669655,0.5
pilot__gru__s1__seed12,gru,GRU,s1,12,True,0.0054211486130952835,ring-selected zero-retuning,0.005596590228378773,velocity,velocity_x1p5,1.5x,1.5,,variable_sparsity,0.022356608882546425,True,1.0,1.3258905410766602,128,0.049077168107032776,0.041669946163892746,0.01570758782327175,0.05674220994114876,0.027241947129368782,0.0610574372112751,0.03602886199951172,0.10377609729766846,0.07290363311767578,0.03691587597131729,0.05674220994114876,0.01806480437517166,0.06040425971150398,1.5
pilot__gru__s1__seed12,gru,GRU,s1,12,True,0.0054211486130952835,ring-selected zero-retuning,0.030782094225287437,velocity,velocity_x2,2.0x,2.0,,variable_sparsity,0.05419880896806717,True,1.0,1.3806934356689453,128,0.1264941543340683,0.11120869964361191,0.02406606264412403,0.13834089040756226,0.03729605674743652,0.1348375678062439,0.04400777816772461,0.17312026023864746,0.08784008026123047,0.09717544168233871,0.13834089040756226,0.025805409997701645,0.17322543263435364,2.0
pilot__lstm__s1__seed10,lstm,LSTM,s1,10,True,0.0044144196435809135,ring-selected zero-retuning,0.02332143671810627,combined,combined_h1024_x1p5,"T=1024, 1.5x",T1024_1.5x,,variable_sparsity,0.09789089113473892,True,1.0,1.4864857196807861,1024,0.17716872692108154,0.11791666597127914,0.008693164214491844,0.19619767367839813,0.11440348625183105,0.20723624527454376,0.13419437408447266,0.2726687788963318,0.19184541702270508,0.11301038414239883,0.19619767367839813,0.0688844621181488,0.20936395227909088,1.5
pilot__lstm__s1__seed10,lstm,LSTM,s1,10,True,0.0044144196435809135,ring-selected zero-retuning,0.11488054692745209,combined,combined_h1024_x2,"T=1024, 2.0x",T1024_2.0x,,variable_sparsity,0.1905767023563385,True,1.0,1.537050485610962,1024,0.47423887252807617,0.3263484239578247,0.021066084504127502,0.5383862853050232,0.29296112060546875,0.5497426986694336,0.2914755344390869,0.6039716005325317,0.3568000793457031,0.2930845320224762,0.5383862853050232,0.15745872259140015,0.7201665639877319,2.0
pilot__lstm__s1__seed10,lstm,LSTM,s1,10,True,0.0044144196435809135,ring-selected zero-retuning,0.000317004625685513,dwell,dwell_block64,64-step middle blank,middle_blank_64,,variable_sparsity,0.017256364226341248,True,1.0,1.1519736051559448,128,0.029593393206596375,0.01756409928202629,0.004085257649421692,0.03156687319278717,0.025122642517089844,0.06502526998519897,0.05716538801789284,0.18489313125610352,0.1649174690246582,0.017372243106365204,0.03156687319278717,0.014169925823807716,0.03288907930254936,1.0
pilot__lstm__s1__seed10,lstm,LSTM,s1,10,True,0.0044144196435809135,ring-selected zero-retuning,0.00020497132209129632,dwell,dwell_dense,dense,dense,,dense,,True,1.0,1.4443029165267944,128,0.019891681149601936,0.01330780889838934,0.003945816773921251,0.021982407197356224,0.01790928840637207,0.05447378754615784,0.045809030532836914,0.174467071890831,0.1492311954498291,0.01330780889838934,0.021982407197356224,0.010472960770130157,0.024470018222928047,1.0
pilot__lstm__s1__seed10,lstm,LSTM,s1,10,True,0.0044144196435809135,ring-selected zero-retuning,0.0003021512820851058,dwell,dwell_p0p25,active p=0.25,0.25,,fixed_probability,0.017519507557153702,True,1.0,0.9348552227020264,128,0.026786815375089645,0.017657125368714333,0.00521568488329649,0.02845575287938118,0.022969722747802734,0.058570295572280884,0.04584193229675293,0.17539244890213013,0.15062165260314941,0.0175541453063488,0.02845575287938118,0.0147381741553545,0.029959075152873993,1.0
pilot__lstm__s1__seed10,lstm,LSTM,s1,10,True,0.0044144196435809135,ring-selected zero-retuning,0.00023190953652374446,dwell,dwell_p0p50,active p=0.50,0.5,,fixed_probability,0.014687853865325451,True,1.0,1.2523558139801025,128,0.021581348031759262,0.014281128533184528,0.005880770739167929,0.023319412022829056,0.01872730255126953,0.054499246180057526,0.04362010955810547,0.17473262548446655,0.15160512924194336,0.014482604339718819,0.023319412022829056,0.012695316225290298,0.024778015911579132,1.0
pilot__lstm__s1__seed10,lstm,LSTM,s1,10,True,0.0044144196435809135,ring-selected zero-retuning,0.00020918628433719277,dwell,dwell_p0p75,active p=0.75,0.75,,fixed_probability,0.014421483501791954,True,1.0,1.375307321548462,128,0.020798731595277786,0.013592178001999855,0.004841347225010395,0.022326741367578506,0.01945948600769043,0.05418301373720169,0.04262232780456543,0.1759471297264099,0.1476433277130127,0.013798518106341362,0.022326741367578506,0.011831996962428093,0.023912660777568817,1.0
pilot__lstm__s1__seed10,lstm,LSTM,s1,10,True,0.0044144196435809135,ring-selected zero-retuning,0.00023326033260673285,id,id_h128,ID T=128,128,,variable_sparsity,0.016841964796185493,True,1.0,1.2498135566711426,128,0.02105712704360485,0.013164128176867962,0.00464850477874279,0.022951949387788773,0.01865220069885254,0.055830635130405426,0.04870462417602539,0.175194650888443,0.14084386825561523,0.014069444499909878,0.022951949387788773,0.010864285752177238,0.027076974511146545,1.0
pilot__lstm__s1__seed10,lstm,LSTM,s1,10,True,0.0044144196435809135,ring-selected zero-retuning,0.005139327608048916,length,length_h1024,T=1024,1024,,variable_sparsity,0.09354029595851898,True,1.0,1.4843645095825195,1024,0.11644072830677032,0.06400857865810394,0.004567218944430351,0.12846215069293976,0.1150810718536377,0.1462620496749878,0.13652729988098145,0.21677954494953156,0.18103957176208496,0.07124382257461548,0.12846215069293976,0.06045100837945938,0.12281681597232819,1.0
pilot__lstm__s1__seed10,lstm,LSTM,s1,10,True,0.0044144196435809135,ring-selected zero-retuning,0.014689656905829906,length,length_h2048,T=2048,2048,,variable_sparsity,0.16658450663089752,True,1.0,1.5195776224136353,2048,0.21174736320972443,0.11454614251852036,0.0044701858423650265,0.24277648329734802,0.23446130752563477,0.26287469267845154,0.25025129318237305,0.3281444311141968,0.2829573154449463,0.12730541825294495,0.24277648329734802,0.11840970069169998,0.20760393142700195,1.0
pilot__lstm__s1__seed10,lstm,LSTM,s1,10,True,0.0044144196435809135,ring-selected zero-retuning,0.0005416814819909632,length,length_h256,T=256,256,,variable_sparsity,0.02832796983420849,True,1.0,1.345548152923584,256,0.035600557923316956,0.02091318368911743,0.004553389269858599,0.03998465836048126,0.03229784965515137,0.0695899948477745,0.06157851219177246,0.1885560303926468,0.15146231651306152,0.022730108350515366,0.03998465836048126,0.018583396449685097,0.03983473777770996,1.0
pilot__lstm__s1__seed10,lstm,LSTM,s1,10,True,0.0044144196435809135,ring-selected zero-retuning,0.0017299968749284744,length,length_h512,T=512,512,,variable_sparsity,0.05226001515984535,True,1.0,1.435025930404663,512,0.0650574266910553,0.0358598530292511,0.004554724786430597,0.07258842885494232,0.0604557991027832,0.09697987884283066,0.08315825462341309,0.200699582695961,0.16303730010986328,0.03988119214773178,0.07258842885494232,0.032944805920124054,0.06685453653335571,1.0
pilot__lstm__s1__seed10,lstm,LSTM,s1,10,True,0.0044144196435809135,ring-selected zero-retuning,0.00022841623285785317,smoothness,smooth_l0p5,GP ell=0.5,0.5,,variable_sparsity,0.017508387565612793,True,0.5,1.2179415225982666,128,0.02049943432211876,0.012642677873373032,0.004718868527561426,0.02263874188065529,0.017192840576171875,0.05771255865693092,0.04903388023376465,0.18438982963562012,0.17030072212219238,0.013840396888554096,0.02263874188065529,0.010789779946208,0.02587428316473961,1.0
pilot__lstm__s1__seed10,lstm,LSTM,s1,10,True,0.0044144196435809135,ring-selected zero-retuning,0.0002282233617734164,smoothness,smooth_l2,GP ell=2.0,2.0,,variable_sparsity,0.0169940534979105,True,2.0,1.252528429031372,128,0.021754849702119827,0.012818828225135803,0.0047159441746771336,0.023953434079885483,0.018085479736328125,0.0595070980489254,0.049074411392211914,0.1834232211112976,0.15817618370056152,0.013846579007804394,0.023953434079885483,0.011233627796173096,0.025764435529708862,1.0
pilot__lstm__s1__seed10,lstm,LSTM,s1,10,True,0.0044144196435809135,ring-selected zero-retuning,0.0002188596554333344,velocity,velocity_x0p5,0.5x,0.5,,variable_sparsity,0.018408438190817833,True,1.0,1.0554780960083008,128,0.023827828466892242,0.013865729793906212,0.003462411928921938,0.02629617042839527,0.021220922470092773,0.05940940976142883,0.046225786209106445,0.1793888509273529,0.14966344833374023,0.01498393900692463,0.02629617042839527,0.013134580105543137,0.02594883367419243,0.5
pilot__lstm__s1__seed10,lstm,LSTM,s1,10,True,0.0044144196435809135,ring-selected zero-retuning,0.0020260170567780733,velocity,velocity_x1p5,1.5x,1.5,,variable_sparsity,0.020975399762392044,True,1.0,1.3258905410766602,128,0.034662988036870956,0.022828320041298866,0.008088994771242142,0.03787892311811447,0.021007776260375977,0.06795269250869751,0.0485224723815918,0.18437224626541138,0.14258861541748047,0.02237221598625183,0.03787892311811447,0.012506088241934776,0.036414287984371185,1.5
pilot__lstm__s1__seed10,lstm,LSTM,s1,10,True,0.0044144196435809135,ring-selected zero-retuning,0.011337965726852417,velocity,velocity_x2,2.0x,2.0,,variable_sparsity,0.04151993989944458,True,1.0,1.3806934356689453,128,0.08093451708555222,0.06039757654070854,0.016364680603146553,0.08789010345935822,0.02969527244567871,0.09997224062681198,0.05563211441040039,0.20550063252449036,0.16635489463806152,0.05575075373053551,0.08789010345935822,0.01714702509343624,0.09456402063369751,2.0
pilot__lstm__s1__seed11,lstm,LSTM,s1,11,True,0.006108873523771763,ring-selected zero-retuning,0.07904858887195587,combined,combined_h1024_x1p5,"T=1024, 1.5x",T1024_1.5x,,variable_sparsity,0.16204501688480377,True,1.0,1.4864857196807861,1024,0.39226773381233215,0.25963765382766724,0.014767305925488472,0.42405661940574646,0.27134037017822266,0.43973928689956665,0.28842639923095703,0.5001872777938843,0.3693969249725342,0.23572757840156555,0.42405661940574646,0.13908083736896515,0.46603304147720337,1.5
pilot__lstm__s1__seed11,lstm,LSTM,s1,11,True,0.006108873523771763,ring-selected zero-retuning,0.19908666610717773,combined,combined_h1024_x2,"T=1024, 2.0x",T1024_2.0x,,variable_sparsity,0.21809269487857819,True,1.0,1.537050485610962,1024,0.7053732872009277,0.5161929130554199,0.04119713604450226,0.7861060500144958,0.4702177047729492,0.7986472249031067,0.4924905300140381,0.8531649708747864,0.5560624599456787,0.44315874576568604,0.7861060500144958,0.23661765456199646,1.174469232559204,2.0
pilot__lstm__s1__seed11,lstm,LSTM,s1,11,True,0.006108873523771763,ring-selected zero-retuning,0.00036842114059254527,dwell,dwell_block64,64-step middle blank,middle_blank_64,,variable_sparsity,0.01913626864552498,True,1.0,1.1519736051559448,128,0.032251037657260895,0.019163811579346657,0.004321275278925896,0.03592359647154808,0.03000473976135254,0.08042381703853607,0.07094645500183105,0.21416154503822327,0.20393680036067963,0.019146639853715897,0.03592359647154808,0.016412556171417236,0.0357355996966362,1.0
pilot__lstm__s1__seed11,lstm,LSTM,s1,11,True,0.006108873523771763,ring-selected zero-retuning,0.0006127775995992124,dwell,dwell_dense,dense,dense,,dense,,True,1.0,1.4443029165267944,128,0.03133351355791092,0.019590169191360474,0.004820059519261122,0.03465902805328369,0.023091554641723633,0.06971493363380432,0.06442141532897949,0.19139574468135834,0.1656959056854248,0.019590169191360474,0.03465902805328369,0.013781007379293442,0.04119241610169411,1.0
pilot__lstm__s1__seed11,lstm,LSTM,s1,11,True,0.006108873523771763,ring-selected zero-retuning,0.0004039120103698224,dwell,dwell_p0p25,active p=0.25,0.25,,fixed_probability,0.020212369039654732,True,1.0,0.9348552227020264,128,0.03448589891195297,0.02036726102232933,0.005196669604629278,0.03908301517367363,0.033232927322387695,0.08238081634044647,0.08099102973937988,0.21022889018058777,0.19748544692993164,0.020251357927918434,0.03908301517367363,0.017279695719480515,0.03893182799220085,1.0
pilot__lstm__s1__seed11,lstm,LSTM,s1,11,True,0.006108873523771763,ring-selected zero-retuning,0.0003732162294909358,dwell,dwell_p0p50,active p=0.50,0.5,,fixed_probability,0.01885692961513996,True,1.0,1.2523558139801025,128,0.032092444598674774,0.01875186525285244,0.0065630157478153706,0.03614024072885513,0.034494876861572266,0.08005170524120331,0.07481980323791504,0.21113866567611694,0.2051999419927597,0.018803909420967102,0.03614024072885513,0.016800228506326675,0.0352502204477787,1.0
pilot__lstm__s1__seed11,lstm,LSTM,s1,11,True,0.006108873523771763,ring-selected zero-retuning,0.0004353945842012763,dwell,dwell_p0p75,active p=0.75,0.75,,fixed_probability,0.01902853511273861,True,1.0,1.375307321548462,128,0.031183574348688126,0.018980124965310097,0.0063567617908120155,0.034838564693927765,0.028629064559936523,0.0768192932009697,0.07141757011413574,0.21339896321296692,0.2160951942205429,0.018992170691490173,0.034838564693927765,0.015610456466674805,0.03347642347216606,1.0
pilot__lstm__s1__seed11,lstm,LSTM,s1,11,True,0.006108873523771763,ring-selected zero-retuning,0.0004648050817195326,id,id_h128,ID T=128,128,,variable_sparsity,0.02182493917644024,True,1.0,1.2498135566711426,128,0.031579095870256424,0.01814478263258934,0.0053630406036973,0.03582649677991867,0.027911661192774773,0.07433857768774033,0.06969833374023438,0.20070038735866547,0.16826939582824707,0.01905067265033722,0.03582649677991867,0.015013139694929123,0.03666771203279495,1.0
pilot__lstm__s1__seed11,lstm,LSTM,s1,11,True,0.006108873523771763,ring-selected zero-retuning,0.012145668268203735,length,length_h1024,T=1024,1024,,variable_sparsity,0.14838004112243652,True,1.0,1.4843645095825195,1024,0.17924147844314575,0.09954722225666046,0.005508735775947571,0.19434189796447754,0.17163968086242676,0.22416701912879944,0.20122289657592773,0.3257594704627991,0.315502405166626,0.1115112155675888,0.19434189796447754,0.09415802359580994,0.19972124695777893,1.0
pilot__lstm__s1__seed11,lstm,LSTM,s1,11,True,0.006108873523771763,ring-selected zero-retuning,0.0340438187122345,length,length_h2048,T=2048,2048,,variable_sparsity,0.2944246530532837,True,1.0,1.5195776224136353,2048,0.31303900480270386,0.1591881662607193,0.005427412688732147,0.34625178575515747,0.3041222095489502,0.37622374296188354,0.34031224250793457,0.4733775854110718,0.45224547386169434,0.1923467516899109,0.34625178575515747,0.16880014538764954,0.35310015082359314,1.0
pilot__lstm__s1__seed11,lstm,LSTM,s1,11,True,0.006108873523771763,ring-selected zero-retuning,0.0013905033702030778,length,length_h256,T=256,256,,variable_sparsity,0.040977925062179565,True,1.0,1.345548152923584,256,0.05378314107656479,0.031075814738869667,0.005201702006161213,0.05879075080156326,0.050855398178100586,0.09184150397777557,0.08191609382629395,0.21008162200450897,0.18805384635925293,0.033502236008644104,0.05879075080156326,0.026856856420636177,0.06077041104435921,1.0
pilot__lstm__s1__seed11,lstm,LSTM,s1,11,True,0.006108873523771763,ring-selected zero-retuning,0.004355831071734428,length,length_h512,T=512,512,,variable_sparsity,0.0781126469373703,True,1.0,1.435025930404663,512,0.10545949637889862,0.056576166301965714,0.005492497701197863,0.12002173066139221,0.10155796259641647,0.15234285593032837,0.13447952270507812,0.2677541971206665,0.24173855781555176,0.06185693293809891,0.12002173066139221,0.05298088490962982,0.1089354082942009,1.0
pilot__lstm__s1__seed11,lstm,LSTM,s1,11,True,0.006108873523771763,ring-selected zero-retuning,0.000508222496137023,smoothness,smooth_l0p5,GP ell=0.5,0.5,,variable_sparsity,0.021038448438048363,True,0.5,1.2179415225982666,128,0.03001849725842476,0.017754577100276947,0.005589107982814312,0.03233309090137482,0.025423765182495117,0.06804780662059784,0.05949759483337402,0.1908075213432312,0.15450620651245117,0.01856291852891445,0.03233309090137482,0.014470839872956276,0.035707987844944,1.0
pilot__lstm__s1__seed11,lstm,LSTM,s1,11,True,0.006108873523771763,ring-selected zero-retuning,0.0004623846325557679,smoothness,smooth_l2,GP ell=2.0,2.0,,variable_sparsity,0.022519953548908234,True,2.0,1.252528429031372,128,0.0331391841173172,0.018710630014538765,0.00541869830340147,0.03737352415919304,0.02786850742995739,0.07034823298454285,0.06044602021574974,0.18127228319644928,0.14654205739498138,0.019648313522338867,0.03737352415919304,0.013798404484987259,0.038335561752319336,1.0
pilot__lstm__s1__seed11,lstm,LSTM,s1,11,True,0.006108873523771763,ring-selected zero-retuning,0.00033942353911697865,velocity,velocity_x0p5,0.5x,0.5,,variable_sparsity,0.02131161466240883,True,1.0,1.0554780960083008,128,0.03269801661372185,0.018309270963072777,0.0037881541065871716,0.037459421902894974,0.03401064872741699,0.0831320583820343,0.07526611536741257,0.21873214840888977,0.22957850992679596,0.019048310816287994,0.037459421902894974,0.015410436317324638,0.03393081948161125,0.5
pilot__lstm__s1__seed11,lstm,LSTM,s1,11,True,0.006108873523771763,ring-selected zero-retuning,0.0033509910572320223,velocity,velocity_x1p5,1.5x,1.5,,variable_sparsity,0.02754448726773262,True,1.0,1.3258905410766602,128,0.054271895438432693,0.0325361005961895,0.011807381175458431,0.0624876394867897,0.03349614143371582,0.09171167016029358,0.059838294982910156,0.19582630693912506,0.14295220375061035,0.031307391822338104,0.0624876394867897,0.01722854934632778,0.057841867208480835,1.5
pilot__lstm__s1__seed11,lstm,LSTM,s1,11,True,0.006108873523771763,ring-selected zero-retuning,0.01302402000874281,velocity,velocity_x2,2.0x,2.0,,variable_sparsity,0.039204519242048264,True,1.0,1.3806934356689453,128,0.10813170671463013,0.06906801462173462,0.027290957048535347,0.12492889910936356,0.041487932205200195,0.1478305160999298,0.08346104621887207,0.25525104999542236,0.17844033241271973,0.061716966331005096,0.12492889910936356,0.022976631298661232,0.14192532002925873,2.0
pilot__lstm__s1__seed12,lstm,LSTM,s1,12,True,0.006406877189874649,ring-selected zero-retuning,0.029431136325001717,combined,combined_h1024_x1p5,"T=1024, 1.5x",T1024_1.5x,,variable_sparsity,0.12908752262592316,True,1.0,1.4864857196807861,1024,0.286230206489563,0.18562181293964386,0.010981228202581406,0.32453247904777527,0.30111098289489746,0.3549753427505493,0.32801270484924316,0.44513505697250366,0.41396233439445496,0.17177098989486694,0.32453247904777527,0.15211129188537598,0.2706315815448761,1.5
pilot__lstm__s1__seed12,lstm,LSTM,s1,12,True,0.006406877189874649,ring-selected zero-retuning,0.09182330965995789,combined,combined_h1024_x2,"T=1024, 2.0x",T1024_2.0x,,variable_sparsity,0.2053656131029129,True,1.0,1.537050485610962,1024,0.45421773195266724,0.321158230304718,0.030265459790825844,0.5108024477958679,0.34293055534362793,0.5204800367355347,0.38179993629455566,0.5776543021202087,0.44728633761405945,0.29278916120529175,0.5108024477958679,0.20030006766319275,0.5525210499763489,2.0
pilot__lstm__s1__seed12,lstm,LSTM,s1,12,True,0.006406877189874649,ring-selected zero-retuning,0.00035030179424211383,dwell,dwell_block64,64-step middle blank,middle_blank_64,,variable_sparsity,0.017273159697651863,True,1.0,1.1519736051559448,128,0.02953479066491127,0.01912229135632515,0.004669731482863426,0.03356748819351196,0.027477266266942024,0.06297577172517776,0.051779985427856445,0.15952208638191223,0.11525630950927734,0.017969461157917976,0.03356748819351196,0.01439499482512474,0.039505429565906525,1.0
pilot__lstm__s1__seed12,lstm,LSTM,s1,12,True,0.006406877189874649,ring-selected zero-retuning,0.000432922737672925,dwell,dwell_dense,dense,dense,,dense,,True,1.0,1.4443029165267944,128,0.03304210305213928,0.02017076127231121,0.005204185843467712,0.03719920665025711,0.03026747703552246,0.06778986752033234,0.059226274490356445,0.16483759880065918,0.12842321395874023,0.02017076127231121,0.03719920665025711,0.016505863517522812,0.037239719182252884,1.0
pilot__lstm__s1__seed12,lstm,LSTM,s1,12,True,0.006406877189874649,ring-selected zero-retuning,0.0004032938741147518,dwell,dwell_p0p25,active p=0.25,0.25,,fixed_probability,0.0191888976842165,True,1.0,0.9348552227020264,128,0.031004073098301888,0.019972864538431168,0.005102675408124924,0.0345652773976326,0.02800774574279785,0.06473426520824432,0.05651235580444336,0.16044054925441742,0.12663817405700684,0.019386228173971176,0.0345652773976326,0.015120761469006538,0.04012744501233101,1.0
pilot__lstm__s1__seed12,lstm,LSTM,s1,12,True,0.006406877189874649,ring-selected zero-retuning,0.000344461586792022,dwell,dwell_p0p50,active p=0.50,0.5,,fixed_probability,0.01781090348958969,True,1.0,1.2523558139801025,128,0.028603821992874146,0.018218286335468292,0.005867698695510626,0.03218311816453934,0.027927637100219727,0.06299120932817459,0.05218958482146263,0.1597554236650467,0.12735676765441895,0.018016483634710312,0.03218311816453934,0.015065526589751244,0.032237909734249115,1.0
pilot__lstm__s1__seed12,lstm,LSTM,s1,12,True,0.006406877189874649,ring-selected zero-retuning,0.00036267077666707337,dwell,dwell_p0p75,active p=0.75,0.75,,fixed_probability,0.018678290769457817,True,1.0,1.375307321548462,128,0.03144041448831558,0.019353168085217476,0.005258378107100725,0.03590424358844757,0.03149533271789551,0.06781183183193207,0.05852675437927246,0.1671687662601471,0.12485432624816895,0.019185252487659454,0.03590424358844757,0.01624736562371254,0.032950542867183685,1.0
pilot__lstm__s1__seed12,lstm,LSTM,s1,12,True,0.006406877189874649,ring-selected zero-retuning,0.0004128098953515291,id,id_h128,ID T=128,128,,variable_sparsity,0.01785917393863201,True,1.0,1.2498135566711426,128,0.032451171427965164,0.020240481942892075,0.005389874801039696,0.036489468067884445,0.03023838810622692,0.0683889240026474,0.05940627679228783,0.16946721076965332,0.1249697208404541,0.01965430937707424,0.036489468067884445,0.016409439966082573,0.03670906275510788,1.0
pilot__lstm__s1__seed12,lstm,LSTM,s1,12,True,0.006406877189874649,ring-selected zero-retuning,0.015099795535206795,length,length_h1024,T=1024,1024,,variable_sparsity,0.12537376582622528,True,1.0,1.4843645095825195,1024,0.24166366457939148,0.14596092700958252,0.005329111125320196,0.27479347586631775,0.26565051078796387,0.30701324343681335,0.3009529113769531,0.40081173181533813,0.37653541564941406,0.1409170925617218,0.27479347586631775,0.1358376145362854,0.20694833993911743,1.0
pilot__lstm__s1__seed12,lstm,LSTM,s1,12,True,0.006406877189874649,ring-selected zero-retuning,0.05321070924401283,length,length_h2048,T=2048,2048,,variable_sparsity,0.2453809231519699,True,1.0,1.5195776224136353,2048,0.4753187596797943,0.2840023636817932,0.0052149416878819466,0.5443357229232788,0.5366744995117188,0.575468897819519,0.574561357498169,0.6669821739196777,0.655189037322998,0.2745327949523926,0.5443357229232788,0.26776814460754395,0.3636801242828369,1.0
pilot__lstm__s1__seed12,lstm,LSTM,s1,12,True,0.006406877189874649,ring-selected zero-retuning,0.0012667567934840918,length,length_h256,T=256,256,,variable_sparsity,0.03331151604652405,True,1.0,1.345548152923584,256,0.06251811981201172,0.03775129094719887,0.005232112016528845,0.07213500142097473,0.06608247756958008,0.10501854866743088,0.09677839279174805,0.20395001769065857,0.17768335342407227,0.03666336461901665,0.07213500142097473,0.03222351521253586,0.06700770556926727,1.0
pilot__lstm__s1__seed12,lstm,LSTM,s1,12,True,0.006406877189874649,ring-selected zero-retuning,0.004457349888980389,length,length_h512,T=512,512,,variable_sparsity,0.06349457055330276,True,1.0,1.435025930404663,512,0.12507517635822296,0.07502257823944092,0.005357853602617979,0.14220935106277466,0.1391139030456543,0.1686018705368042,0.168656587600708,0.24845615029335022,0.23076653480529785,0.07219589501619339,0.14220935106277466,0.06906004250049591,0.11483915895223618,1.0
pilot__lstm__s1__seed12,lstm,LSTM,s1,12,True,0.006406877189874649,ring-selected zero-retuning,0.0003656253102235496,smoothness,smooth_l0p5,GP ell=0.5,0.5,,variable_sparsity,0.01684400625526905,True,0.5,1.2179415225982666,128,0.02984849363565445,0.01934056170284748,0.005339423194527626,0.03390318155288696,0.028862953186035156,0.06548266112804413,0.0571896992623806,0.16209231317043304,0.12454294413328171,0.01872602291405201,0.03390318155288696,0.015491433441638947,0.03457041457295418,1.0
pilot__lstm__s1__seed12,lstm,LSTM,s1,12,True,0.006406877189874649,ring-selected zero-retuning,0.0003778416430577636,smoothness,smooth_l2,GP ell=2.0,2.0,,variable_sparsity,0.016466371715068817,True,2.0,1.252528429031372,128,0.03127068653702736,0.019972626119852066,0.005418888293206692,0.03542660176753998,0.029656410217285156,0.06958699226379395,0.05884671211242676,0.17098884284496307,0.12587833404541016,0.019109545275568962,0.03542660176753998,0.015709055587649345,0.036151669919490814,1.0
pilot__lstm__s1__seed12,lstm,LSTM,s1,12,True,0.006406877189874649,ring-selected zero-retuning,0.0003051148378290236,velocity,velocity_x0p5,0.5x,0.5,,variable_sparsity,0.01760137267410755,True,1.0,1.0554780960083008,128,0.028860855847597122,0.017909949645400047,0.004191188141703606,0.032712310552597046,0.02925419807434082,0.06550709903240204,0.055227044969797134,0.16302886605262756,0.12696313858032227,0.01783398911356926,0.032712310552597046,0.01551108993589878,0.032573848962783813,0.5
pilot__lstm__s1__seed12,lstm,LSTM,s1,12,True,0.006406877189874649,ring-selected zero-retuning,0.0020002825185656548,velocity,velocity_x1p5,1.5x,1.5,,variable_sparsity,0.02246122620999813,True,1.0,1.3258905410766602,128,0.04387454688549042,0.03038502298295498,0.009761865250766277,0.048320069909095764,0.03294205665588379,0.07979238778352737,0.06430888175964355,0.1860063374042511,0.14801812171936035,0.028434542939066887,0.048320069909095764,0.01855652779340744,0.047666020691394806,1.5
pilot__lstm__s1__seed12,lstm,LSTM,s1,12,True,0.006406877189874649,ring-selected zero-retuning,0.00907418504357338,velocity,velocity_x2,2.0x,2.0,,variable_sparsity,0.042675986886024475,True,1.0,1.3806934356689453,128,0.07798387855291367,0.0622832365334034,0.021541288122534752,0.08190897107124329,0.038462162017822266,0.10588185489177704,0.06624817848205566,0.19114160537719727,0.14011406898498535,0.05745681747794151,0.08190897107124329,0.02420797385275364,0.10467471182346344,2.0
broad__calru__s1__lr0p01_eta1000_i50__seed10,calru,CA-LRU,s1,10,True,0.0027899411506950855,topology-specific validation-selected,0.03865985572338104,combined,combined_h1024_x1p5,"T=1024, 1.5x",T1024_1.5x,,variable_sparsity,0.1035417690873146,True,1.0,1.4864857196807861,1024,0.31815099716186523,0.19355593621730804,0.03139260411262512,0.38302797079086304,0.29604268074035645,0.3812098503112793,0.28869128227233887,0.3812127113342285,0.28873658180236816,0.17150256037712097,0.38302797079086304,0.11949928104877472,0.28825443983078003,1.5
broad__calru__s1__lr0p01_eta1000_i50__seed10,calru,CA-LRU,s1,10,True,0.0027899411506950855,topology-specific validation-selected,0.14265292882919312,combined,combined_h1024_x2,"T=1024, 2.0x",T1024_2.0x,,variable_sparsity,0.27811530232429504,True,1.0,1.537050485610962,1024,0.6691216826438904,0.43252789974212646,0.07743380963802338,0.7754319310188293,0.566401481628418,0.7726092338562012,0.558701753616333,0.7726044654846191,0.558725118637085,0.394696980714798,0.7754319310188293,0.25798335671424866,0.9545587301254272,2.0
broad__calru__s1__lr0p01_eta1000_i50__seed10,calru,CA-LRU,s1,10,True,0.0027899411506950855,topology-specific validation-selected,5.0432514399290085e-05,dwell,dwell_block64,64-step middle blank,middle_blank_64,,variable_sparsity,0.006944341119378805,True,1.0,1.1519736051559448,128,0.008586515672504902,0.00665530189871788,0.0013800221495330334,0.009189772419631481,0.006142377853393555,0.00929062906652689,0.005584001541137695,0.00929094385355711,0.005586147308349609,0.00683550164103508,0.009189772419631481,0.005199365317821503,0.01300063543021679,1.0
broad__calru__s1__lr0p01_eta1000_i50__seed10,calru,CA-LRU,s1,10,True,0.0027899411506950855,topology-specific validation-selected,0.00012439943384379148,dwell,dwell_dense,dense,dense,,dense,,True,1.0,1.4443029165267944,128,0.013326777145266533,0.009380489587783813,0.001585841178894043,0.014789590612053871,0.008543729782104492,0.015042922459542751,0.008585214614868164,0.015042852610349655,0.008584976196289062,0.009380489587783813,0.014789590612053871,0.006383480504155159,0.0177474282681942,1.0
broad__calru__s1__lr0p01_eta1000_i50__seed10,calru,CA-LRU,s1,10,True,0.0027899411506950855,topology-specific validation-selected,7.52280029701069e-05,dwell,dwell_p0p25,active p=0.25,0.25,,fixed_probability,0.007109924219548702,True,1.0,0.9348552227020264,128,0.00922706350684166,0.007082205731421709,0.0018558935262262821,0.010058777406811714,0.007123469840735197,0.010442179627716541,0.007298230659216642,0.010441952385008335,0.007297753822058439,0.007102947682142258,0.010058777406811714,0.005315309390425682,0.014750865288078785,1.0
broad__calru__s1__lr0p01_eta1000_i50__seed10,calru,CA-LRU,s1,10,True,0.0027899411506950855,topology-specific validation-selected,7.278958219103515e-05,dwell,dwell_p0p50,active p=0.50,0.5,,fixed_probability,0.007835375145077705,True,1.0,1.2523558139801025,128,0.009963342919945717,0.0077377427369356155,0.0018491623923182487,0.010593359358608723,0.007326125632971525,0.010702845640480518,0.0068776607513427734,0.010703250765800476,0.0068759918212890625,0.007786105386912823,0.010593359358608723,0.005722500383853912,0.01639101281762123,1.0
broad__calru__s1__lr0p01_eta1000_i50__seed10,calru,CA-LRU,s1,10,True,0.0027899411506950855,topology-specific validation-selected,0.00010382336040493101,dwell,dwell_p0p75,active p=0.75,0.75,,fixed_probability,0.009402135387063026,True,1.0,1.375307321548462,128,0.012768512591719627,0.009227440692484379,0.0017091252375394106,0.01408760342746973,0.008352994918823242,0.014060619287192822,0.009152889251708984,0.01406091544777155,0.00915670394897461,0.009270906448364258,0.01408760342746973,0.006762895733118057,0.019854996353387833,1.0
broad__calru__s1__lr0p01_eta1000_i50__seed10,calru,CA-LRU,s1,10,True,0.0027899411506950855,topology-specific validation-selected,9.670075814938173e-05,id,id_h128,ID T=128,128,,variable_sparsity,0.008268007077276707,True,1.0,1.2498135566711426,128,0.01146664284169674,0.008709813468158245,0.0016975067555904388,0.012165084481239319,0.007848978042602539,0.012343039736151695,0.007073163986206055,0.012343629263341427,0.007076263893395662,0.008601061068475246,0.012165084481239319,0.006234718486666679,0.01699969731271267,1.0
broad__calru__s1__lr0p01_eta1000_i50__seed10,calru,CA-LRU,s1,10,True,0.0027899411506950855,topology-specific validation-selected,0.005454586818814278,length,length_h1024,T=1024,1024,,variable_sparsity,0.035402022302150726,True,1.0,1.4843645095825195,1024,0.11739082634449005,0.07180655002593994,0.009158609434962273,0.14320732653141022,0.10208582878112793,0.1434546411037445,0.10496283322572708,0.14345413446426392,0.10494565963745117,0.06288748234510422,0.14320732653141022,0.046038705855607986,0.133310467004776,1.0
broad__calru__s1__lr0p01_eta1000_i50__seed10,calru,CA-LRU,s1,10,True,0.0027899411506950855,topology-specific validation-selected,0.0343574583530426,length,length_h2048,T=2048,2048,,variable_sparsity,0.08101236075162888,True,1.0,1.5195776224136353,2048,0.33156058192253113,0.1887083202600479,0.022993948310613632,0.4173111319541931,0.3321802616119385,0.4175211489200592,0.3236830234527588,0.4175182580947876,0.3235635757446289,0.16230237483978271,0.4173111319541931,0.1314551681280136,0.32910022139549255,1.0
broad__calru__s1__lr0p01_eta1000_i50__seed10,calru,CA-LRU,s1,10,True,0.0027899411506950855,topology-specific validation-selected,0.0002826974377967417,length,length_h256,T=256,256,,variable_sparsity,0.011244199238717556,True,1.0,1.345548152923584,256,0.022831186652183533,0.014602594077587128,0.002248351462185383,0.0269114151597023,0.015485525131225586,0.026547852903604507,0.015576601028442383,0.026547886431217194,0.015565632842481136,0.013779649510979652,0.0269114151597023,0.009623190388083458,0.028815755620598793,1.0
broad__calru__s1__lr0p01_eta1000_i50__seed10,calru,CA-LRU,s1,10,True,0.0027899411506950855,topology-specific validation-selected,0.0011567141627892852,length,length_h512,T=512,512,,variable_sparsity,0.018702827394008636,True,1.0,1.435025930404663,512,0.05120835453271866,0.031749699264764786,0.003921291325241327,0.06018052250146866,0.041289567947387695,0.06077117472887039,0.04126620292663574,0.060772739350795746,0.041272640228271484,0.02855059690773487,0.06018052250146866,0.01954985223710537,0.06173364073038101,1.0
broad__calru__s1__lr0p01_eta1000_i50__seed10,calru,CA-LRU,s1,10,True,0.0027899411506950855,topology-specific validation-selected,0.00010896299500018358,smoothness,smooth_l0p5,GP ell=0.5,0.5,,variable_sparsity,0.00803920067846775,True,0.5,1.2179415225982666,128,0.013458129949867725,0.009681220166385174,0.0015878115082159638,0.015062728896737099,0.008929252624511719,0.015296019613742828,0.01061558723449707,0.015296664088964462,0.010606050491333008,0.009277029894292355,0.015062728896737099,0.006842657923698425,0.018146727234125137,1.0
broad__calru__s1__lr0p01_eta1000_i50__seed10,calru,CA-LRU,s1,10,True,0.0027899411506950855,topology-specific validation-selected,0.00010325860057491809,smoothness,smooth_l2,GP ell=2.0,2.0,,variable_sparsity,0.0082716578617692,True,2.0,1.252528429031372,128,0.012506263330578804,0.009149962104856968,0.0017609153874218464,0.013324372470378876,0.007522106170654297,0.01304382923990488,0.007700681686401367,0.013043294660747051,0.007702588569372892,0.008933763951063156,0.013324372470378876,0.006760086864233017,0.018298737704753876,1.0
broad__calru__s1__lr0p01_eta1000_i50__seed10,calru,CA-LRU,s1,10,True,0.0027899411506950855,topology-specific validation-selected,2.335583121748641e-05,velocity,velocity_x0p5,0.5x,0.5,,variable_sparsity,0.00453106127679348,True,1.0,1.0554780960083008,128,0.005989665165543556,0.005164232105016708,0.0013195370556786656,0.00623882282525301,0.005068302154541016,0.0064894771203398705,0.0047070980072021484,0.00648923683911562,0.0047070980072021484,0.005008374340832233,0.00623882282525301,0.004332847893238068,0.008616155944764614,0.5
broad__calru__s1__lr0p01_eta1000_i50__seed10,calru,CA-LRU,s1,10,True,0.0027899411506950855,topology-specific validation-selected,0.0019437754526734352,velocity,velocity_x1p5,1.5x,1.5,,variable_sparsity,0.018589409068226814,True,1.0,1.3258905410766602,128,0.03263809159398079,0.01934279501438141,0.004704556427896023,0.032310254871845245,0.010945320129394531,0.03203252702951431,0.010560274124145508,0.03203268349170685,0.010560035705566406,0.019157344475388527,0.032310254871845245,0.008214529603719711,0.03181138262152672,1.5
broad__calru__s1__lr0p01_eta1000_i50__seed10,calru,CA-LRU,s1,10,True,0.0027899411506950855,topology-specific validation-selected,0.015044186264276505,velocity,velocity_x2,2.0x,2.0,,variable_sparsity,0.056232985109090805,True,1.0,1.3806934356689453,128,0.0875256359577179,0.057829514145851135,0.013925924897193909,0.1048809364438057,0.01602649688720703,0.10986708104610443,0.018583059310913086,0.10986905544996262,0.018580913543701172,0.057436518371105194,0.1048809364438057,0.011699728667736053,0.0644269734621048,2.0
refine__calru__s1__lr0p01_eta1000_i50__seed11,calru,CA-LRU,s1,11,True,0.014823663979768753,topology-specific validation-selected,0.14436092972755432,combined,combined_h1024_x1p5,"T=1024, 1.5x",T1024_1.5x,,variable_sparsity,0.23272234201431274,True,1.0,1.4864857196807861,1024,0.6569669246673584,0.4537741243839264,0.07471227645874023,0.7335211038589478,0.46312475204467773,0.7551690936088562,0.48848244547843933,0.755169153213501,0.48848268389701843,0.39961671829223633,0.7335211038589478,0.23287230730056763,0.9865411520004272,1.5
refine__calru__s1__lr0p01_eta1000_i50__seed11,calru,CA-LRU,s1,11,True,0.014823663979768753,topology-specific validation-selected,0.3370060622692108,combined,combined_h1024_x2,"T=1024, 2.0x",T1024_2.0x,,variable_sparsity,0.5408650040626526,True,1.0,1.537050485610962,1024,1.1367814540863037,0.8293182253837585,0.13120868802070618,1.1593793630599976,0.9003869891166687,1.151871681213379,0.8474593162536621,1.151871681213379,0.8474583029747009,0.7586475610733032,1.1593793630599976,0.6389443874359131,1.5182842016220093,2.0
refine__calru__s1__lr0p01_eta1000_i50__seed11,calru,CA-LRU,s1,11,True,0.014823663979768753,topology-specific validation-selected,0.0012099735904484987,dwell,dwell_block64,64-step middle blank,middle_blank_64,,variable_sparsity,0.041073672473430634,True,1.0,1.1519736051559448,128,0.04420390725135803,0.04227270558476448,0.004502192139625549,0.04665633291006088,0.04324221611022949,0.04745902121067047,0.043584346771240234,0.04745902121067047,0.043584346771240234,0.04152517765760422,0.04665633291006088,0.0392138697206974,0.07242429256439209,1.0
refine__calru__s1__lr0p01_eta1000_i50__seed11,calru,CA-LRU,s1,11,True,0.014823663979768753,topology-specific validation-selected,0.004183681681752205,dwell,dwell_dense,dense,dense,,dense,,True,1.0,1.4443029165267944,128,0.07742127776145935,0.057919420301914215,0.0063604386523365974,0.07921430468559265,0.06032752990722656,0.082248255610466,0.062334056943655014,0.082248255610466,0.062334056943655014,0.057919420301914215,0.07921430468559265,0.043495453894138336,0.09381845593452454,1.0
refine__calru__s1__lr0p01_eta1000_i50__seed11,calru,CA-LRU,s1,11,True,0.014823663979768753,topology-specific validation-selected,0.0012619527988135815,dwell,dwell_p0p25,active p=0.25,0.25,,fixed_probability,0.0405498743057251,True,1.0,0.9348552227020264,128,0.04665505141019821,0.03922034054994583,0.004997329320758581,0.04829001426696777,0.03957796096801758,0.050202928483486176,0.040979862213134766,0.050202928483486176,0.040979862213134766,0.04021522402763367,0.04829001426696777,0.03820457309484482,0.06458862870931625,1.0
refine__calru__s1__lr0p01_eta1000_i50__seed11,calru,CA-LRU,s1,11,True,0.014823663979768753,topology-specific validation-selected,0.0012030487414449453,dwell,dwell_p0p50,active p=0.50,0.5,,fixed_probability,0.040796227753162384,True,1.0,1.2523558139801025,128,0.04673773795366287,0.04045286029577255,0.0046772463247179985,0.048499152064323425,0.04359030723571777,0.05037490278482437,0.04830121994018555,0.05037491023540497,0.04830121994018555,0.04062294587492943,0.048499152064323425,0.03903663903474808,0.06819790601730347,1.0
refine__calru__s1__lr0p01_eta1000_i50__seed11,calru,CA-LRU,s1,11,True,0.014823663979768753,topology-specific validation-selected,0.002015411853790283,dwell,dwell_p0p75,active p=0.75,0.75,,fixed_probability,0.04767991229891777,True,1.0,1.375307321548462,128,0.058501482009887695,0.04719604551792145,0.004614861216396093,0.0636875331401825,0.05533719062805176,0.06522178649902344,0.060349222272634506,0.06522177904844284,0.060349222272634506,0.04731643944978714,0.0636875331401825,0.04323471710085869,0.08271045982837677,1.0
refine__calru__s1__lr0p01_eta1000_i50__seed11,calru,CA-LRU,s1,11,True,0.014823663979768753,topology-specific validation-selected,0.002654150128364563,id,id_h128,ID T=128,128,,variable_sparsity,0.03989727422595024,True,1.0,1.2498135566711426,128,0.06375690549612045,0.052336204797029495,0.005310169421136379,0.06592370569705963,0.055797576904296875,0.0641903206706047,0.05515027046203613,0.0641903206706047,0.05515027046203613,0.04927430674433708,0.06592370569705963,0.04085005447268486,0.08505700528621674,1.0
refine__calru__s1__lr0p01_eta1000_i50__seed11,calru,CA-LRU,s1,11,True,0.014823663979768753,topology-specific validation-selected,0.030683599412441254,length,length_h1024,T=1024,1024,,variable_sparsity,0.0975331962108612,True,1.0,1.4843645095825195,1024,0.24327759444713593,0.17367404699325562,0.022450510412454605,0.2661153972148895,0.1794755458831787,0.2664754092693329,0.17740988731384277,0.2664754390716553,0.17740988731384277,0.155019611120224,0.2661153972148895,0.109126977622509,0.2869388163089752,1.0
refine__calru__s1__lr0p01_eta1000_i50__seed11,calru,CA-LRU,s1,11,True,0.014823663979768753,topology-specific validation-selected,0.07688930630683899,length,length_h2048,T=2048,2048,,variable_sparsity,0.15785649418830872,True,1.0,1.5195776224136353,2048,0.4368927776813507,0.3044935166835785,0.03120959736406803,0.48304325342178345,0.353043794631958,0.48292791843414307,0.3451366424560547,0.48292791843414307,0.3451368808746338,0.2685396075248718,0.48304325342178345,0.19781900942325592,0.5669947862625122,1.0
refine__calru__s1__lr0p01_eta1000_i50__seed11,calru,CA-LRU,s1,11,True,0.014823663979768753,topology-specific validation-selected,0.0048982808366417885,length,length_h256,T=256,256,,variable_sparsity,0.04977233335375786,True,1.0,1.345548152923584,256,0.08529572188854218,0.06845974922180176,0.007114182226359844,0.09157232940196991,0.06795144081115723,0.08871151506900787,0.06986737251281738,0.08871151506900787,0.06986737251281738,0.06388057768344879,0.09157232940196991,0.05020866170525551,0.10353701561689377,1.0
refine__calru__s1__lr0p01_eta1000_i50__seed11,calru,CA-LRU,s1,11,True,0.014823663979768753,topology-specific validation-selected,0.011836329475045204,length,length_h512,T=512,512,,variable_sparsity,0.06747565418481827,True,1.0,1.435025930404663,512,0.13665974140167236,0.10226649045944214,0.013721376657485962,0.1486538201570511,0.09775996208190918,0.1491749882698059,0.09883736819028854,0.1491749882698059,0.09883736819028854,0.09373574703931808,0.1486538201570511,0.06623797863721848,0.15419241786003113,1.0
refine__calru__s1__lr0p01_eta1000_i50__seed11,calru,CA-LRU,s1,11,True,0.014823663979768753,topology-specific validation-selected,0.0030118555296212435,smoothness,smooth_l0p5,GP ell=0.5,0.5,,variable_sparsity,0.037683676928281784,True,0.5,1.2179415225982666,128,0.05761416256427765,0.05199095606803894,0.004906375892460346,0.06084015965461731,0.046347618103027344,0.062201127409935,0.04794764518737793,0.0622011236846447,0.04794764518737793,0.04846914857625961,0.06084015965461731,0.040678687393665314,0.08192446082830429,1.0
refine__calru__s1__lr0p01_eta1000_i50__seed11,calru,CA-LRU,s1,11,True,0.014823663979768753,topology-specific validation-selected,0.0022668237797915936,smoothness,smooth_l2,GP ell=2.0,2.0,,variable_sparsity,0.04082713648676872,True,2.0,1.252528429031372,128,0.06363801658153534,0.05111543834209442,0.005158647894859314,0.06852973997592926,0.052251338958740234,0.06833335757255554,0.05543923005461693,0.06833335757255554,0.05543923005461693,0.04858292639255524,0.06852973997592926,0.040192097425460815,0.09008491039276123,1.0
refine__calru__s1__lr0p01_eta1000_i50__seed11,calru,CA-LRU,s1,11,True,0.014823663979768753,topology-specific validation-selected,0.001125967362895608,velocity,velocity_x0p5,0.5x,0.5,,variable_sparsity,0.034012626856565475,True,1.0,1.0554780960083008,128,0.044296327978372574,0.0410594642162323,0.004434733651578426,0.046102724969387054,0.040727853775024414,0.046196166425943375,0.041673898696899414,0.04619617015123367,0.041673898696899414,0.03932484984397888,0.046102724969387054,0.037720710039138794,0.06937438249588013,0.5
refine__calru__s1__lr0p01_eta1000_i50__seed11,calru,CA-LRU,s1,11,True,0.014823663979768753,topology-specific validation-selected,0.011679336428642273,velocity,velocity_x1p5,1.5x,1.5,,variable_sparsity,0.06069581210613251,True,1.0,1.3258905410766602,128,0.11799697577953339,0.08974453806877136,0.01132748369127512,0.1366683393716812,0.06924796104431152,0.13005536794662476,0.0710303783416748,0.13005538284778595,0.0710303783416748,0.08259405195713043,0.1366683393716812,0.05192720144987106,0.10813448578119278,1.5
refine__calru__s1__lr0p01_eta1000_i50__seed11,calru,CA-LRU,s1,11,True,0.014823663979768753,topology-specific validation-selected,0.040656913071870804,velocity,velocity_x2,2.0x,2.0,,variable_sparsity,0.124005526304245,True,1.0,1.3806934356689453,128,0.22790014743804932,0.16611017286777496,0.02228645607829094,0.24805450439453125,0.08490109443664551,0.25223174691200256,0.08550763130187988,0.2522317171096802,0.08550763130187988,0.15574589371681213,0.24805450439453125,0.06322173774242401,0.33401811122894287,2.0
refine__calru__s1__lr0p01_eta1000_i50__seed12,calru,CA-LRU,s1,12,True,0.018189657479524612,topology-specific validation-selected,0.10808468610048294,combined,combined_h1024_x1p5,"T=1024, 1.5x",T1024_1.5x,,variable_sparsity,0.20929275453090668,True,1.0,1.4864857196807861,1024,0.6175802946090698,0.37465381622314453,0.08297103643417358,0.7460293769836426,0.37641215324401855,0.7529275417327881,0.3890225887298584,0.7529275417327881,0.3890228271484375,0.3341405689716339,0.7460293769836426,0.21836093068122864,0.7564884424209595,1.5
refine__calru__s1__lr0p01_eta1000_i50__seed12,calru,CA-LRU,s1,12,True,0.018189657479524612,topology-specific validation-selected,0.23992374539375305,combined,combined_h1024_x2,"T=1024, 2.0x",T1024_2.0x,,variable_sparsity,0.5115911960601807,True,1.0,1.537050485610962,1024,1.077446699142456,0.6633248925209045,0.1717892438173294,1.1210520267486572,0.908954918384552,1.118364930152893,0.9402992725372314,1.118364930152893,0.9402992725372314,0.626150369644165,1.1210520267486572,0.5112694501876831,1.338247537612915,2.0
refine__calru__s1__lr0p01_eta1000_i50__seed12,calru,CA-LRU,s1,12,True,0.018189657479524612,topology-specific validation-selected,0.0009274358744733036,dwell,dwell_block64,64-step middle blank,middle_blank_64,,variable_sparsity,0.03454551845788956,True,1.0,1.1519736051559448,128,0.03860259801149368,0.036927465349435806,0.00451652379706502,0.04244296997785568,0.03406023979187012,0.04281575232744217,0.03444409370422363,0.042815737426280975,0.03444409370422363,0.035442452877759933,0.04244296997785568,0.030932936817407608,0.06903839111328125,1.0
refine__calru__s1__lr0p01_eta1000_i50__seed12,calru,CA-LRU,s1,12,True,0.018189657479524612,topology-specific validation-selected,0.0036912760697305202,dwell,dwell_dense,dense,dense,,dense,,True,1.0,1.4443029165267944,128,0.09630103409290314,0.06555783748626709,0.0069877635687589645,0.10408087074756622,0.08532834053039551,0.10366397351026535,0.08232331275939941,0.10366395115852356,0.08232331275939941,0.06555783748626709,0.10408087074756622,0.05638077110052109,0.11608278751373291,1.0
refine__calru__s1__lr0p01_eta1000_i50__seed12,calru,CA-LRU,s1,12,True,0.018189657479524612,topology-specific validation-selected,0.0008844075491651893,dwell,dwell_p0p25,active p=0.25,0.25,,fixed_probability,0.0326186902821064,True,1.0,0.9348552227020264,128,0.03908548504114151,0.033822983503341675,0.005269547924399376,0.04124591499567032,0.030573368072509766,0.04036341980099678,0.029169321060180664,0.04036339372396469,0.029169082641601562,0.032921820878982544,0.04124591499567032,0.02808762714266777,0.05817987769842148,1.0
refine__calru__s1__lr0p01_eta1000_i50__seed12,calru,CA-LRU,s1,12,True,0.018189657479524612,topology-specific validation-selected,0.001463013468310237,dwell,dwell_p0p50,active p=0.50,0.5,,fixed_probability,0.041401367634534836,True,1.0,1.2523558139801025,128,0.05466759577393532,0.04237286001443863,0.0059808241203427315,0.05713193491101265,0.05193209648132324,0.05663669854402542,0.05196356400847435,0.05663667246699333,0.05196356400847435,0.04189161956310272,0.05713193491101265,0.03347567468881607,0.07532821595668793,1.0
refine__calru__s1__lr0p01_eta1000_i50__seed12,calru,CA-LRU,s1,12,True,0.018189657479524612,topology-specific validation-selected,0.0021168338134884834,dwell,dwell_p0p75,active p=0.75,0.75,,fixed_probability,0.050182122737169266,True,1.0,1.375307321548462,128,0.07014606148004532,0.05128903687000275,0.006218015216290951,0.07542315125465393,0.06561970710754395,0.07550380378961563,0.06322407722473145,0.07550378143787384,0.06322407722473145,0.051013629883527756,0.07542315125465393,0.04421050101518631,0.09291622787714005,1.0
refine__calru__s1__lr0p01_eta1000_i50__seed12,calru,CA-LRU,s1,12,True,0.018189657479524612,topology-specific validation-selected,0.0024503672029823065,id,id_h128,ID T=128,128,,variable_sparsity,0.03692878782749176,True,1.0,1.2498135566711426,128,0.07403827458620071,0.058370016515254974,0.006323166657239199,0.08009782433509827,0.06357264518737793,0.07909871637821198,0.06214570999145508,0.07909870147705078,0.06214570999145508,0.05309215933084488,0.08009782433509827,0.04057539999485016,0.0979820042848587,1.0
refine__calru__s1__lr0p01_eta1000_i50__seed12,calru,CA-LRU,s1,12,True,0.018189657479524612,topology-specific validation-selected,0.025580469518899918,length,length_h1024,T=1024,1024,,variable_sparsity,0.09141798317432404,True,1.0,1.4843645095825195,1024,0.23924028873443604,0.17559559643268585,0.03256703168153763,0.29593682289123535,0.1851656436920166,0.30048462748527527,0.18791723251342773,0.30048462748527527,0.18791699409484863,0.15497218072414398,0.29593682289123535,0.13830646872520447,0.27039849758148193,1.0
refine__calru__s1__lr0p01_eta1000_i50__seed12,calru,CA-LRU,s1,12,True,0.018189657479524612,topology-specific validation-selected,0.11844649910926819,length,length_h2048,T=2048,2048,,variable_sparsity,0.17347583174705505,True,1.0,1.5195776224136353,2048,0.6500303745269775,0.39734598994255066,0.06592923402786255,0.7832270860671997,0.464092493057251,0.7830248475074768,0.4655907154083252,0.7830248475074768,0.4655907154083252,0.34245535731315613,0.7832270860671997,0.23127883672714233,0.7756925821304321,1.0
refine__calru__s1__lr0p01_eta1000_i50__seed12,calru,CA-LRU,s1,12,True,0.018189657479524612,topology-specific validation-selected,0.005230231210589409,length,length_h256,T=256,256,,variable_sparsity,0.04704800248146057,True,1.0,1.345548152923584,256,0.10687433183193207,0.08499973267316818,0.010171931236982346,0.11635669320821762,0.09786629676818848,0.11491262912750244,0.09746527671813965,0.11491262912750244,0.09746527671813965,0.07569999992847443,0.11635669320821762,0.059966079890728,0.14893928170204163,1.0
refine__calru__s1__lr0p01_eta1000_i50__seed12,calru,CA-LRU,s1,12,True,0.018189657479524612,topology-specific validation-selected,0.010623663663864136,length,length_h512,T=512,512,,variable_sparsity,0.06396424770355225,True,1.0,1.435025930404663,512,0.14769238233566284,0.12215965241193771,0.018219852820038795,0.15188176929950714,0.1290290355682373,0.15289950370788574,0.13505864143371582,0.15289948880672455,0.13505887985229492,0.1078900694847107,0.15188176929950714,0.09015023708343506,0.20320995151996613,1.0
refine__calru__s1__lr0p01_eta1000_i50__seed12,calru,CA-LRU,s1,12,True,0.018189657479524612,topology-specific validation-selected,0.0019274429650977254,smoothness,smooth_l0p5,GP ell=0.5,0.5,,variable_sparsity,0.03382467105984688,True,0.5,1.2179415225982666,128,0.06333853304386139,0.05253056436777115,0.006289791315793991,0.0671648383140564,0.0546572208404541,0.06744042038917542,0.055604930967092514,0.06744039058685303,0.055605173110961914,0.04792601615190506,0.0671648383140564,0.03821339085698128,0.09007246792316437,1.0
refine__calru__s1__lr0p01_eta1000_i50__seed12,calru,CA-LRU,s1,12,True,0.018189657479524612,topology-specific validation-selected,0.002925023902207613,smoothness,smooth_l2,GP ell=2.0,2.0,,variable_sparsity,0.03875972703099251,True,2.0,1.252528429031372,128,0.08578178286552429,0.06398418545722961,0.006461034528911114,0.09387482702732086,0.07518982887268066,0.09322402626276016,0.07379031181335449,0.09322401881217957,0.0737905502319336,0.057775065302848816,0.09387482702732086,0.047137849032878876,0.10820168256759644,1.0
refine__calru__s1__lr0p01_eta1000_i50__seed12,calru,CA-LRU,s1,12,True,0.018189657479524612,topology-specific validation-selected,0.0011408475693315268,velocity,velocity_x0p5,0.5x,0.5,,variable_sparsity,0.030103422701358795,True,1.0,1.0554780960083008,128,0.04825945571064949,0.0408204086124897,0.0036848122254014015,0.051105204969644547,0.03546547889709473,0.05111071467399597,0.037372589111328125,0.05111069977283478,0.037372589111328125,0.038182370364665985,0.051105204969644547,0.033003129065036774,0.07254667580127716,0.5
refine__calru__s1__lr0p01_eta1000_i50__seed12,calru,CA-LRU,s1,12,True,0.018189657479524612,topology-specific validation-selected,0.005557208321988583,velocity,velocity_x1p5,1.5x,1.5,,variable_sparsity,0.04558878391981125,True,1.0,1.3258905410766602,128,0.10515551269054413,0.07683451473712921,0.014018653891980648,0.11552376300096512,0.08214259147644043,0.11824639141559601,0.08084297180175781,0.1182464063167572,0.08084297180175781,0.06914322823286057,0.11552376300096512,0.05552605539560318,0.12396552413702011,1.5
refine__calru__s1__lr0p01_eta1000_i50__seed12,calru,CA-LRU,s1,12,True,0.018189657479524612,topology-specific validation-selected,0.019714325666427612,velocity,velocity_x2,2.0x,2.0,,variable_sparsity,0.08609989285469055,True,1.0,1.3806934356689453,128,0.16412465274333954,0.11792571097612381,0.030632618814706802,0.18993481993675232,0.10379791259765625,0.19749902188777924,0.10321640968322754,0.1974990963935852,0.10321664810180664,0.11009162664413452,0.18993481993675232,0.06593160331249237,0.16710130870342255,2.0
pilot__rnn__t2__seed10,rnn,RNN,t2,10,False,0.08156989514827728,ring-selected zero-retuning,0.4993121027946472,combined,combined_h1024_x1p5,"T=1024, 1.5x",T1024_1.5x,,variable_sparsity,1.0864911079406738,True,1.0,1.6279666423797607,1024,1.5173557996749878,1.21199369430542,0.23108938336372375,1.5560154914855957,1.590172290802002,1.60764479637146,1.6417524814605713,1.6224868297576904,1.6713467836380005,1.1812456846237183,1.5560154914855957,1.197347640991211,1.6022403240203857,1.5
pilot__rnn__t2__seed10,rnn,RNN,t2,10,False,0.08156989514827728,ring-selected zero-retuning,0.5906674861907959,combined,combined_h1024_x2,"T=1024, 2.0x",T1024_2.0x,,variable_sparsity,1.2578799724578857,True,1.0,1.6543196439743042,1024,1.6405538320541382,1.4124252796173096,0.30619966983795166,1.6586039066314697,1.7280917167663574,1.7355377674102783,1.8193130493164062,1.7725257873535156,1.8638848066329956,1.3745619058609009,1.6586039066314697,1.352196216583252,1.8274447917938232,2.0
pilot__rnn__t2__seed10,rnn,RNN,t2,10,False,0.08156989514827728,ring-selected zero-retuning,0.06762762367725372,dwell,dwell_block64,64-step middle blank,middle_blank_64,,variable_sparsity,0.26642119884490967,True,1.0,1.2712488174438477,128,0.39049988985061646,0.3046058714389801,0.10467453300952911,0.4113537073135376,0.3261509835720062,0.6079229712486267,0.5035566091537476,1.0742909908294678,0.9974047541618347,0.28079986572265625,0.4113537073135376,0.20304962992668152,0.5230400562286377,1.0
pilot__rnn__t2__seed10,rnn,RNN,t2,10,False,0.08156989514827728,ring-selected zero-retuning,0.06457199156284332,dwell,dwell_dense,dense,dense,,dense,,True,1.0,1.5411663055419922,128,0.36621975898742676,0.28454145789146423,0.13433650135993958,0.4152846336364746,0.3016805052757263,0.6921703219413757,0.54872065782547,1.0460563898086548,1.008858561515808,0.28454145789146423,0.4152846336364746,0.2190045416355133,0.49158573150634766,1.0
pilot__rnn__t2__seed10,rnn,RNN,t2,10,False,0.08156989514827728,ring-selected zero-retuning,0.036279547959566116,dwell,dwell_p0p25,active p=0.25,0.25,,fixed_probability,0.19903720915317535,True,1.0,1.0632719993591309,128,0.28206977248191833,0.21107304096221924,0.08527171611785889,0.30281490087509155,0.23914453387260437,0.5500866174697876,0.46828335523605347,1.0228385925292969,0.970164954662323,0.20206676423549652,0.30281490087509155,0.16173787415027618,0.3475382924079895,1.0
pilot__rnn__t2__seed10,rnn,RNN,t2,10,False,0.08156989514827728,ring-selected zero-retuning,0.04332811385393143,dwell,dwell_p0p50,active p=0.50,0.5,,fixed_probability,0.21784202754497528,True,1.0,1.3930611610412598,128,0.29285940527915955,0.2290852665901184,0.10787615180015564,0.31258678436279297,0.23871751129627228,0.5624647736549377,0.4693118631839752,1.0786244869232178,0.9950684905052185,0.22351579368114471,0.31258678436279297,0.18146833777427673,0.3559974730014801,1.0
pilot__rnn__t2__seed10,rnn,RNN,t2,10,False,0.08156989514827728,ring-selected zero-retuning,0.055006567388772964,dwell,dwell_p0p75,active p=0.75,0.75,,fixed_probability,0.24895720183849335,True,1.0,1.492414951324463,128,0.3383571207523346,0.25744199752807617,0.1208515614271164,0.3615289330482483,0.2738793194293976,0.6202050447463989,0.5086796879768372,1.1152280569076538,1.0748556852340698,0.2553309202194214,0.3615289330482483,0.2039223313331604,0.40790027379989624,1.0
pilot__rnn__t2__seed10,rnn,RNN,t2,10,False,0.08156989514827728,ring-selected zero-retuning,0.05318710207939148,id,id_h128,ID T=128,128,,variable_sparsity,0.21368053555488586,True,1.0,1.3622474670410156,128,0.3309084177017212,0.2645937204360962,0.11777223646640778,0.3678579330444336,0.2852138876914978,0.6679878234863281,0.5925552845001221,1.1153666973114014,1.0421195030212402,0.2520611882209778,0.3678579330444336,0.19938257336616516,0.4153778553009033,1.0
pilot__rnn__t2__seed10,rnn,RNN,t2,10,False,0.08156989514827728,ring-selected zero-retuning,0.40269607305526733,length,length_h1024,T=1024,1024,,variable_sparsity,0.8977102637290955,True,1.0,1.6176867485046387,1024,1.3668322563171387,1.007059931755066,0.152957022190094,1.390457034111023,1.4027303457260132,1.4066755771636963,1.3994028568267822,1.4357784986495972,1.4664937257766724,0.9802694320678711,1.390457034111023,0.9788690209388733,1.4166576862335205,1.0
pilot__rnn__t2__seed10,rnn,RNN,t2,10,False,0.08156989514827728,ring-selected zero-retuning,0.5854440927505493,length,length_h2048,T=2048,2048,,variable_sparsity,1.179123878479004,True,1.0,1.646860122680664,2048,1.6035749912261963,1.2834041118621826,0.15596778690814972,1.6807758808135986,1.7171108722686768,1.6611759662628174,1.781618356704712,1.57755708694458,1.6295427083969116,1.2578356266021729,1.6807758808135986,1.269585371017456,1.6460216045379639,1.0
pilot__rnn__t2__seed10,rnn,RNN,t2,10,False,0.08156989514827728,ring-selected zero-retuning,0.10738616436719894,length,length_h256,T=256,256,,variable_sparsity,0.33119669556617737,True,1.0,1.46852445602417,256,0.6361650228500366,0.4203810691833496,0.13210628926753998,0.7075158953666687,0.5749359130859375,0.8729830384254456,0.7558870315551758,1.1446518898010254,1.0819228887557983,0.39852723479270935,0.7075158953666687,0.32594266533851624,0.6842906475067139,1.0
pilot__rnn__t2__seed10,rnn,RNN,t2,10,False,0.08156989514827728,ring-selected zero-retuning,0.23040877282619476,length,length_h512,T=512,512,,variable_sparsity,0.5690417885780334,True,1.0,1.5606231689453125,512,1.041637659072876,0.699134886264801,0.14584749937057495,1.109076976776123,1.0705991983413696,1.1723037958145142,1.1247541904449463,1.2685537338256836,1.2272660732269287,0.6672359704971313,1.109076976776123,0.5988277792930603,1.1107254028320312,1.0
pilot__rnn__t2__seed10,rnn,RNN,t2,10,False,0.08156989514827728,ring-selected zero-retuning,0.06155499070882797,smoothness,smooth_l0p5,GP ell=0.5,0.5,,variable_sparsity,0.21466006338596344,True,0.5,1.3333122730255127,128,0.37952712178230286,0.29133349657058716,0.12557291984558105,0.42816466093063354,0.29474106431007385,0.6657254099845886,0.5574697256088257,1.0841565132141113,1.0131782293319702,0.2724599838256836,0.42816466093063354,0.2224915325641632,0.4620300531387329,1.0
pilot__rnn__t2__seed10,rnn,RNN,t2,10,False,0.08156989514827728,ring-selected zero-retuning,0.051833245903253555,smoothness,smooth_l2,GP ell=2.0,2.0,,variable_sparsity,0.2147645205259323,True,2.0,1.384145736694336,128,0.341228723526001,0.2608288526535034,0.1172603964805603,0.3928939700126648,0.30336713790893555,0.6662737727165222,0.5300047397613525,1.0317026376724243,0.961288332939148,0.2494899034500122,0.3928939700126648,0.1984797716140747,0.4030749499797821,1.0
pilot__rnn__t2__seed10,rnn,RNN,t2,10,False,0.08156989514827728,ring-selected zero-retuning,0.029974747449159622,velocity,velocity_x0p5,0.5x,0.5,,variable_sparsity,0.1813330501317978,True,1.0,1.1714093685150146,128,0.23836375772953033,0.18459272384643555,0.08109023422002792,0.2592306137084961,0.21438351273536682,0.5221425294876099,0.4490446150302887,1.0547631978988647,1.0202305316925049,0.18379032611846924,0.2592306137084961,0.1655222624540329,0.28407415747642517,0.5
pilot__rnn__t2__seed10,rnn,RNN,t2,10,False,0.08156989514827728,ring-selected zero-retuning,0.11423090100288391,velocity,velocity_x1p5,1.5x,1.5,,variable_sparsity,0.33816781640052795,True,1.0,1.4481725692749023,128,0.570730447769165,0.46303895115852356,0.1841840147972107,0.5975503325462341,0.3998716175556183,0.829824686050415,0.7000610828399658,1.1519157886505127,1.0884977579116821,0.43230128288269043,0.5975503325462341,0.28200191259384155,0.9469219446182251,1.5
pilot__rnn__t2__seed10,rnn,RNN,t2,10,False,0.08156989514827728,ring-selected zero-retuning,0.18774092197418213,velocity,velocity_x2,2.0x,2.0,,variable_sparsity,0.46091556549072266,True,1.0,1.4958068132400513,128,0.8075518608093262,0.6911704540252686,0.25218796730041504,0.8607801198959351,0.6819395422935486,1.0485119819641113,0.9105703234672546,1.3357508182525635,1.292938470840454,0.6344921588897705,0.8607801198959351,0.49997133016586304,1.2797973155975342,2.0
pilot__rnn__t2__seed11,rnn,RNN,t2,11,False,0.04420476034283638,ring-selected zero-retuning,0.2833814322948456,combined,combined_h1024_x1p5,"T=1024, 1.5x",T1024_1.5x,,variable_sparsity,0.8256877660751343,True,1.0,1.6279666423797607,1024,1.0516159534454346,0.6856696605682373,0.10056979954242706,1.1254613399505615,1.0313045978546143,1.2232179641723633,1.1392158269882202,1.4737300872802734,1.4075556993484497,0.7199740409851074,1.1254613399505615,0.6645056009292603,1.2110235691070557,1.5
pilot__rnn__t2__seed11,rnn,RNN,t2,11,False,0.04420476034283638,ring-selected zero-retuning,0.46511512994766235,combined,combined_h1024_x2,"T=1024, 2.0x",T1024_2.0x,,variable_sparsity,1.09027099609375,True,1.0,1.6543196439743042,1024,1.4612040519714355,1.055794596672058,0.17514613270759583,1.5339747667312622,1.5648564100265503,1.5664455890655518,1.5583266019821167,1.618026614189148,1.5976815223693848,1.0642412900924683,1.5339747667312622,1.041862964630127,1.5826420783996582,2.0
pilot__rnn__t2__seed11,rnn,RNN,t2,11,False,0.04420476034283638,ring-selected zero-retuning,0.024200551211833954,dwell,dwell_block64,64-step middle blank,middle_blank_64,,variable_sparsity,0.15838998556137085,True,1.0,1.2712488174438477,128,0.24565039575099945,0.17434240877628326,0.053048036992549896,0.2510245740413666,0.23584280908107758,0.42622143030166626,0.40612778067588806,0.9583263993263245,0.8972601890563965,0.1643969714641571,0.2510245740413666,0.14585909247398376,0.2395782321691513,1.0
pilot__rnn__t2__seed11,rnn,RNN,t2,11,False,0.04420476034283638,ring-selected zero-retuning,0.015261055901646614,dwell,dwell_dense,dense,dense,,dense,,True,1.0,1.5411663055419922,128,0.17809584736824036,0.13454803824424744,0.05558803677558899,0.19229727983474731,0.18844802677631378,0.386877179145813,0.36096441745758057,0.9383528232574463,0.9098455905914307,0.13454803824424744,0.19229727983474731,0.12736229598522186,0.19924423098564148,1.0
pilot__rnn__t2__seed11,rnn,RNN,t2,11,False,0.04420476034283638,ring-selected zero-retuning,0.016155924648046494,dwell,dwell_p0p25,active p=0.25,0.25,,fixed_probability,0.13684923946857452,True,1.0,1.0632719993591309,128,0.21778637170791626,0.1548164188861847,0.04867205023765564,0.24248075485229492,0.22603243589401245,0.4328739643096924,0.4207266867160797,1.0057405233383179,0.9878720641136169,0.1413717269897461,0.24248075485229492,0.1306885927915573,0.2074110060930252,1.0
pilot__rnn__t2__seed11,rnn,RNN,t2,11,False,0.04420476034283638,ring-selected zero-retuning,0.016495835036039352,dwell,dwell_p0p50,active p=0.50,0.5,,fixed_probability,0.13574035465717316,True,1.0,1.3930611610412598,128,0.1971765160560608,0.14361116290092468,0.054589372128248215,0.20907798409461975,0.20206429064273834,0.3775894045829773,0.3686942458152771,0.9122685194015503,0.9041582345962524,0.13971225917339325,0.20907798409461975,0.13038288056850433,0.2021864950656891,1.0
pilot__rnn__t2__seed11,rnn,RNN,t2,11,False,0.04420476034283638,ring-selected zero-retuning,0.015993542969226837,dwell,dwell_p0p75,active p=0.75,0.75,,fixed_probability,0.139017716050148,True,1.0,1.492414951324463,128,0.1863393783569336,0.13631407916545868,0.056519992649555206,0.2067420929670334,0.1899069994688034,0.37410712242126465,0.35231706500053406,0.8845035433769226,0.8606857061386108,0.13698676228523254,0.2067420929670334,0.12736952304840088,0.20183831453323364,1.0
pilot__rnn__t2__seed11,rnn,RNN,t2,11,False,0.04420476034283638,ring-selected zero-retuning,0.014671477489173412,id,id_h128,ID T=128,128,,variable_sparsity,0.13580994307994843,True,1.0,1.3622474670410156,128,0.18660244345664978,0.1324024796485901,0.05181664228439331,0.2104126214981079,0.19883404672145844,0.3912789821624756,0.3793632388114929,0.9414318799972534,0.9098455905914307,0.13324123620986938,0.2104126214981079,0.12317807972431183,0.19838476181030273,1.0
pilot__rnn__t2__seed11,rnn,RNN,t2,11,False,0.04420476034283638,ring-selected zero-retuning,0.16666856408119202,length,length_h1024,T=1024,1024,,variable_sparsity,0.6342170834541321,True,1.0,1.6176867485046387,1024,0.7865943312644958,0.45311984419822693,0.05266916751861572,0.8630968332290649,0.7873722314834595,0.9975849390029907,0.9694080352783203,1.4402878284454346,1.4226322174072266,0.49748849868774414,0.8630968332290649,0.4546692371368408,0.7890459299087524,1.0
pilot__rnn__t2__seed11,rnn,RNN,t2,11,False,0.04420476034283638,ring-selected zero-retuning,0.37980759143829346,length,length_h2048,T=2048,2048,,variable_sparsity,1.087941288948059,True,1.0,1.646860122680664,2048,1.3268831968307495,0.7565699219703674,0.052404120564460754,1.4348280429840088,1.4495983123779297,1.5156769752502441,1.5278387069702148,1.7366838455200195,1.8399358987808228,0.8378187417984009,1.4348280429840088,0.7944133877754211,1.2983341217041016,1.0
pilot__rnn__t2__seed11,rnn,RNN,t2,11,False,0.04420476034283638,ring-selected zero-retuning,0.030830740928649902,length,length_h256,T=256,256,,variable_sparsity,0.21942386031150818,True,1.0,1.46852445602417,256,0.2907162308692932,0.19163629412651062,0.052936676889657974,0.3039032220840454,0.28079113364219666,0.4679722487926483,0.43009328842163086,0.998856246471405,1.0013004541397095,0.1984453797340393,0.3039032220840454,0.18031686544418335,0.3012429475784302,1.0
pilot__rnn__t2__seed11,rnn,RNN,t2,11,False,0.04420476034283638,ring-selected zero-retuning,0.06801089644432068,length,length_h512,T=512,512,,variable_sparsity,0.36066508293151855,True,1.0,1.5606231689453125,512,0.4573236107826233,0.28516221046447754,0.053198449313640594,0.5020973086357117,0.452173113822937,0.6587872505187988,0.6164682507514954,1.167146921157837,1.1270650625228882,0.3036755919456482,0.5020973086357117,0.27091383934020996,0.47625863552093506,1.0
pilot__rnn__t2__seed11,rnn,RNN,t2,11,False,0.04420476034283638,ring-selected zero-retuning,0.018936630338430405,smoothness,smooth_l0p5,GP ell=0.5,0.5,,variable_sparsity,0.13895593583583832,True,0.5,1.3333122730255127,128,0.2040320634841919,0.15060922503471375,0.05721982941031456,0.21649259328842163,0.18811848759651184,0.3933389186859131,0.36457040905952454,0.9649215936660767,0.9180570244789124,0.14774072170257568,0.21649259328842163,0.1315293312072754,0.22883157432079315,1.0
pilot__rnn__t2__seed11,rnn,RNN,t2,11,False,0.04420476034283638,ring-selected zero-retuning,0.01573476940393448,smoothness,smooth_l2,GP ell=2.0,2.0,,variable_sparsity,0.13991522789001465,True,2.0,1.384145736694336,128,0.19502533972263336,0.1357222944498062,0.05314435809850693,0.21338289976119995,0.2000475972890854,0.3947340250015259,0.3508128523826599,0.9723578095436096,0.9461060166358948,0.13675440847873688,0.21338289976119995,0.12625345587730408,0.21354667842388153,1.0
pilot__rnn__t2__seed11,rnn,RNN,t2,11,False,0.04420476034283638,ring-selected zero-retuning,0.010484328493475914,velocity,velocity_x0p5,0.5x,0.5,,variable_sparsity,0.1271398961544037,True,1.0,1.1714093685150146,128,0.17656776309013367,0.11205034703016281,0.037589266896247864,0.19341707229614258,0.1933756023645401,0.3757438659667969,0.359458327293396,0.9175410270690918,0.8938726782798767,0.11576470732688904,0.19341707229614258,0.11246754229068756,0.1698194295167923,0.5
pilot__rnn__t2__seed11,rnn,RNN,t2,11,False,0.04420476034283638,ring-selected zero-retuning,0.04666205495595932,velocity,velocity_x1p5,1.5x,1.5,,variable_sparsity,0.20711655914783478,True,1.0,1.4481725692749023,128,0.2853164076805115,0.2515423893928528,0.09577901661396027,0.3090250492095947,0.23691490292549133,0.45359891653060913,0.39526820182800293,0.9539135694503784,0.910815417766571,0.24060675501823425,0.3090250492095947,0.15942585468292236,0.4530429244041443,1.5
pilot__rnn__t2__seed11,rnn,RNN,t2,11,False,0.04420476034283638,ring-selected zero-retuning,0.10767176747322083,velocity,velocity_x2,2.0x,2.0,,variable_sparsity,0.3559199869632721,True,1.0,1.4958068132400513,128,0.5001361966133118,0.45837900042533875,0.15991339087486267,0.5447816848754883,0.3268134593963623,0.7049024105072021,0.4902636408805847,1.129090666770935,1.0684467554092407,0.4331582188606262,0.5447816848754883,0.22397267818450928,1.1809598207473755,2.0
pilot__rnn__t2__seed12,rnn,RNN,t2,12,False,0.11628380417823792,ring-selected zero-retuning,0.5313379168510437,combined,combined_h1024_x1p5,"T=1024, 1.5x",T1024_1.5x,,variable_sparsity,1.2003498077392578,True,1.0,1.6279666423797607,1024,1.520503282546997,1.2388771772384644,0.24661940336227417,1.5101335048675537,1.5313931703567505,1.5567307472229004,1.589289665222168,1.6078373193740845,1.695745825767517,1.229438066482544,1.5101335048675537,1.2151737213134766,1.6957324743270874,1.5
pilot__rnn__t2__seed12,rnn,RNN,t2,12,False,0.11628380417823792,ring-selected zero-retuning,0.5816082954406738,combined,combined_h1024_x2,"T=1024, 2.0x",T1024_2.0x,,variable_sparsity,1.278600811958313,True,1.0,1.6543196439743042,1024,1.6089401245117188,1.4013969898223877,0.308610737323761,1.604783058166504,1.6551891565322876,1.640504240989685,1.6980262994766235,1.7031399011611938,1.7388430833816528,1.371312141418457,1.604783058166504,1.3671844005584717,1.7637228965759277,2.0
pilot__rnn__t2__seed12,rnn,RNN,t2,12,False,0.11628380417823792,ring-selected zero-retuning,0.10495379567146301,dwell,dwell_block64,64-step middle blank,middle_blank_64,,variable_sparsity,0.3661363422870636,True,1.0,1.2712488174438477,128,0.5656025409698486,0.40923744440078735,0.12480533123016357,0.6318726539611816,0.49317726492881775,0.8671859502792358,0.7733656167984009,1.221092939376831,1.1550216674804688,0.3823663294315338,0.6318726539611816,0.30124130845069885,0.7365996837615967,1.0
pilot__rnn__t2__seed12,rnn,RNN,t2,12,False,0.11628380417823792,ring-selected zero-retuning,0.0998576208949089,dwell,dwell_dense,dense,dense,,dense,,True,1.0,1.5411663055419922,128,0.5252149105072021,0.3982113003730774,0.17589488625526428,0.5804502367973328,0.43311607837677,0.8349736332893372,0.7496261596679688,1.1888775825500488,1.1349700689315796,0.3982113003730774,0.5804502367973328,0.28316962718963623,0.8709512948989868,1.0
pilot__rnn__t2__seed12,rnn,RNN,t2,12,False,0.11628380417823792,ring-selected zero-retuning,0.06897932291030884,dwell,dwell_p0p25,active p=0.25,0.25,,fixed_probability,0.2857125997543335,True,1.0,1.0632719993591309,128,0.4397010803222656,0.3069784641265869,0.10237539559602737,0.48923271894454956,0.423416405916214,0.7296316027641296,0.6746237874031067,1.1014864444732666,1.0292431116104126,0.29106542468070984,0.48923271894454956,0.2644369900226593,0.4681541323661804,1.0
pilot__rnn__t2__seed12,rnn,RNN,t2,12,False,0.11628380417823792,ring-selected zero-retuning,0.0769435316324234,dwell,dwell_p0p50,active p=0.50,0.5,,fixed_probability,0.3126555383205414,True,1.0,1.3930611610412598,128,0.4735032320022583,0.3302018642425537,0.13234063982963562,0.5253061652183533,0.47031301259994507,0.7826062440872192,0.6912816762924194,1.1909945011138916,1.0968916416168213,0.32151004672050476,0.5253061652183533,0.27417993545532227,0.5294759273529053,1.0
pilot__rnn__t2__seed12,rnn,RNN,t2,12,False,0.11628380417823792,ring-selected zero-retuning,0.08978191018104553,dwell,dwell_p0p75,active p=0.75,0.75,,fixed_probability,0.35154208540916443,True,1.0,1.492414951324463,128,0.5023717880249023,0.36715859174728394,0.1563313603401184,0.5626093149185181,0.431812047958374,0.8191078305244446,0.7638446092605591,1.1914880275726318,1.1468274593353271,0.36327308416366577,0.5626093149185181,0.28052499890327454,0.693401575088501,1.0
pilot__rnn__t2__seed12,rnn,RNN,t2,12,False,0.11628380417823792,ring-selected zero-retuning,0.08868151903152466,id,id_h128,ID T=128,128,,variable_sparsity,0.3017418384552002,True,1.0,1.3622474670410156,128,0.5012946724891663,0.3777481019496918,0.1520395278930664,0.5572489500045776,0.42834606766700745,0.8176323175430298,0.7480252385139465,1.1917908191680908,1.1748359203338623,0.359038770198822,0.5572489500045776,0.2685423493385315,0.7193668484687805,1.0
pilot__rnn__t2__seed12,rnn,RNN,t2,12,False,0.11628380417823792,ring-selected zero-retuning,0.5347230434417725,length,length_h1024,T=1024,1024,,variable_sparsity,1.1881111860275269,True,1.0,1.6176867485046387,1024,1.6124716997146606,1.1376615762710571,0.16835838556289673,1.660205602645874,1.7010139226913452,1.687103509902954,1.7194644212722778,1.8046541213989258,1.9403626918792725,1.1500217914581299,1.660205602645874,1.1360150575637817,1.5847018957138062,1.0
pilot__rnn__t2__seed12,rnn,RNN,t2,12,False,0.11628380417823792,ring-selected zero-retuning,0.7588293552398682,length,length_h2048,T=2048,2048,,variable_sparsity,1.48550546169281,True,1.0,1.646860122680664,2048,1.8063673973083496,1.4453275203704834,0.16992416977882385,1.8546346426010132,1.9306440353393555,1.8790572881698608,1.948901653289795,1.838301181793213,1.892004370689392,1.4551787376403809,1.8546346426010132,1.4726243019104004,1.8613502979278564,1.0
pilot__rnn__t2__seed12,rnn,RNN,t2,12,False,0.11628380417823792,ring-selected zero-retuning,0.15665537118911743,length,length_h256,T=256,256,,variable_sparsity,0.4793301522731781,True,1.0,1.46852445602417,256,0.7332919836044312,0.5301125645637512,0.15999898314476013,0.7955493927001953,0.7011613845825195,1.0142377614974976,0.9458498358726501,1.3112623691558838,1.2800440788269043,0.5176687836647034,0.7955493927001953,0.43159806728363037,0.9267391562461853,1.0
pilot__rnn__t2__seed12,rnn,RNN,t2,12,False,0.11628380417823792,ring-selected zero-retuning,0.2943305969238281,length,length_h512,T=512,512,,variable_sparsity,0.7690525650978088,True,1.0,1.5606231689453125,512,1.1455610990524292,0.7787975668907166,0.1662149429321289,1.2524938583374023,1.1875320672988892,1.419064998626709,1.4015400409698486,1.6109440326690674,1.6327250003814697,0.7764080762863159,1.2524938583374023,0.7141730189323425,1.2262766361236572,1.0
pilot__rnn__t2__seed12,rnn,RNN,t2,12,False,0.11628380417823792,ring-selected zero-retuning,0.10617738962173462,smoothness,smooth_l0p5,GP ell=0.5,0.5,,variable_sparsity,0.30561909079551697,True,0.5,1.3333122730255127,128,0.5857112407684326,0.43134957551956177,0.15220579504966736,0.643415093421936,0.512117326259613,0.9043097496032715,0.8234882950782776,1.2644894123077393,1.2140758037567139,0.40040040016174316,0.643415093421936,0.3137596845626831,0.7947744727134705,1.0
pilot__rnn__t2__seed12,rnn,RNN,t2,12,False,0.11628380417823792,ring-selected zero-retuning,0.08641619980335236,smoothness,smooth_l2,GP ell=2.0,2.0,,variable_sparsity,0.31094276905059814,True,2.0,1.384145736694336,128,0.49080702662467957,0.3721320331096649,0.15372318029403687,0.5484428405761719,0.44086191058158875,0.7738970518112183,0.6769313216209412,1.145545244216919,1.1182693243026733,0.3570699989795685,0.5484428405761719,0.27156001329421997,0.6654449701309204,1.0
pilot__rnn__t2__seed12,rnn,RNN,t2,12,False,0.11628380417823792,ring-selected zero-retuning,0.05894339084625244,velocity,velocity_x0p5,0.5x,0.5,,variable_sparsity,0.2526642978191376,True,1.0,1.1714093685150146,128,0.4123827815055847,0.26970693469047546,0.09528590738773346,0.4586727023124695,0.41448795795440674,0.7535858154296875,0.6786164045333862,1.1892428398132324,1.145876407623291,0.26551178097724915,0.4586727023124695,0.24628832936286926,0.4217449426651001,0.5
pilot__rnn__t2__seed12,rnn,RNN,t2,12,False,0.11628380417823792,ring-selected zero-retuning,0.15862929821014404,velocity,velocity_x1p5,1.5x,1.5,,variable_sparsity,0.431833952665329,True,1.0,1.4481725692749023,128,0.7458872199058533,0.605478048324585,0.21942578256130219,0.7820618152618408,0.6090348958969116,1.0131280422210693,0.9433587789535522,1.3174315690994263,1.3029758930206299,0.5627347230911255,0.7820618152618408,0.3781515657901764,1.1793200969696045,1.5
pilot__rnn__t2__seed12,rnn,RNN,t2,12,False,0.11628380417823792,ring-selected zero-retuning,0.22584843635559082,velocity,velocity_x2,2.0x,2.0,,variable_sparsity,0.5568885207176208,True,1.0,1.4958068132400513,128,0.9400955438613892,0.8249027729034424,0.27342689037323,0.9815999269485474,0.8321589231491089,1.1239076852798462,1.0489821434020996,1.3287415504455566,1.2602726221084595,0.7589298486709595,0.9815999269485474,0.6907310485839844,1.3995848894119263,2.0
pilot__gru__t2__seed10,gru,GRU,t2,10,True,0.013621704652905464,ring-selected zero-retuning,0.08489430695772171,combined,combined_h1024_x1p5,"T=1024, 1.5x",T1024_1.5x,,variable_sparsity,0.25427931547164917,True,1.0,1.6279666423797607,1024,0.4802740812301636,0.3261066973209381,0.03658190369606018,0.525800347328186,0.4146384596824646,0.5561003088951111,0.45340868830680847,0.6900160312652588,0.620594322681427,0.30850905179977417,0.525800347328186,0.2300006002187729,0.5856775045394897,1.5
pilot__gru__t2__seed10,gru,GRU,t2,10,True,0.013621704652905464,ring-selected zero-retuning,0.2547905743122101,combined,combined_h1024_x2,"T=1024, 2.0x",T1024_2.0x,,variable_sparsity,0.4150027930736542,True,1.0,1.6543196439743042,1024,0.9224185943603516,0.7084743976593018,0.07252424955368042,0.9978134632110596,0.7517707943916321,1.0026862621307373,0.7915082573890686,1.0641179084777832,0.8767216205596924,0.6365742683410645,0.9978134632110596,0.49474889039993286,1.357146978378296,2.0
pilot__gru__t2__seed10,gru,GRU,t2,10,True,0.013621704652905464,ring-selected zero-retuning,0.0016921141650527716,dwell,dwell_block64,64-step middle blank,middle_blank_64,,variable_sparsity,0.041969235986471176,True,1.0,1.2712488174438477,128,0.06928334385156631,0.0497586727142334,0.015728309750556946,0.0765029788017273,0.07197394967079163,0.13948161900043488,0.1330789029598236,0.34830474853515625,0.32569611072540283,0.04490240290760994,0.0765029788017273,0.04370347410440445,0.06765510141849518,1.0
pilot__gru__t2__seed10,gru,GRU,t2,10,True,0.013621704652905464,ring-selected zero-retuning,0.0016144514083862305,dwell,dwell_dense,dense,dense,,dense,,True,1.0,1.5411663055419922,128,0.058175839483737946,0.04232867434620857,0.019386254251003265,0.06580065190792084,0.06241801753640175,0.12177817523479462,0.11993493139743805,0.3326817750930786,0.3380376696586609,0.04232867434620857,0.06580065190792084,0.039812032133340836,0.06282886862754822,1.0
pilot__gru__t2__seed10,gru,GRU,t2,10,True,0.013621704652905464,ring-selected zero-retuning,0.0014132915530353785,dwell,dwell_p0p25,active p=0.25,0.25,,fixed_probability,0.04104945436120033,True,1.0,1.0632719993591309,128,0.06664165109395981,0.044082626700401306,0.012857986614108086,0.07560639083385468,0.07235564291477203,0.1420714110136032,0.1379212886095047,0.35761332511901855,0.3393060863018036,0.04181293025612831,0.07560639083385468,0.042017318308353424,0.060254789888858795,1.0
pilot__gru__t2__seed10,gru,GRU,t2,10,True,0.013621704652905464,ring-selected zero-retuning,0.0015040969010442495,dwell,dwell_p0p50,active p=0.50,0.5,,fixed_probability,0.04204200208187103,True,1.0,1.3930611610412598,128,0.06328792870044708,0.043466851115226746,0.0151082593947649,0.07018941640853882,0.06815651059150696,0.12717647850513458,0.12598352134227753,0.3243796229362488,0.31216880679130554,0.04276103526353836,0.07018941640853882,0.04227381944656372,0.05933389067649841,1.0
pilot__gru__t2__seed10,gru,GRU,t2,10,True,0.013621704652905464,ring-selected zero-retuning,0.0014860762748867273,dwell,dwell_p0p75,active p=0.75,0.75,,fixed_probability,0.0410834364593029,True,1.0,1.492414951324463,128,0.05734667927026749,0.041120897978544235,0.01729293167591095,0.06381653249263763,0.058714013546705246,0.11546674370765686,0.11198907345533371,0.29420387744903564,0.26362401247024536,0.04111158102750778,0.06381653249263763,0.03948414325714111,0.056030482053756714,1.0
pilot__gru__t2__seed10,gru,GRU,t2,10,True,0.013621704652905464,ring-selected zero-retuning,0.0014767540851607919,id,id_h128,ID T=128,128,,variable_sparsity,0.04157884418964386,True,1.0,1.3622474670410156,128,0.058270856738090515,0.04121648147702217,0.01730802282691002,0.06395258754491806,0.05998358875513077,0.12320052087306976,0.12422298640012741,0.32637983560562134,0.3292558491230011,0.04130567982792854,0.06395258754491806,0.04008202627301216,0.05886504054069519,1.0
pilot__gru__t2__seed10,gru,GRU,t2,10,True,0.013621704652905464,ring-selected zero-retuning,0.029076091945171356,length,length_h1024,T=1024,1024,,variable_sparsity,0.2211374044418335,True,1.0,1.6176867485046387,1024,0.3300533890724182,0.19613270461559296,0.017618242651224136,0.36909642815589905,0.37034136056900024,0.4184539020061493,0.40943238139152527,0.5900766849517822,0.5758566856384277,0.20225882530212402,0.36909642815589905,0.20045733451843262,0.2834441363811493,1.0
pilot__gru__t2__seed10,gru,GRU,t2,10,True,0.013621704652905464,ring-selected zero-retuning,0.0910147875547409,length,length_h2048,T=2048,2048,,variable_sparsity,0.4160773456096649,True,1.0,1.646860122680664,2048,0.618815541267395,0.3542267084121704,0.01756151393055916,0.705901026725769,0.6986773014068604,0.7602047920227051,0.7452737092971802,0.9272043704986572,0.9086940288543701,0.3693918287754059,0.705901026725769,0.3656488060951233,0.5038555860519409,1.0
pilot__gru__t2__seed10,gru,GRU,t2,10,True,0.013621704652905464,ring-selected zero-retuning,0.0035798619501292706,length,length_h256,T=256,256,,variable_sparsity,0.06836188584566116,True,1.0,1.46852445602417,256,0.1042623519897461,0.06605130434036255,0.01761690527200699,0.1171455979347229,0.11313691735267639,0.1751631796360016,0.1696484535932541,0.38960695266723633,0.39374083280563354,0.06661748886108398,0.1171455979347229,0.06290929764509201,0.0975174605846405,1.0
pilot__gru__t2__seed10,gru,GRU,t2,10,True,0.013621704652905464,ring-selected zero-retuning,0.010057485662400723,length,length_h512,T=512,512,,variable_sparsity,0.12212014943361282,True,1.0,1.5606231689453125,512,0.18573027849197388,0.11268521845340729,0.01791391894221306,0.20743995904922485,0.2059832215309143,0.26202288269996643,0.25972986221313477,0.444624125957489,0.43685898184776306,0.11499867588281631,0.20743995904922485,0.10962632298469543,0.16557180881500244,1.0
pilot__gru__t2__seed10,gru,GRU,t2,10,True,0.013621704652905464,ring-selected zero-retuning,0.0017057923832908273,smoothness,smooth_l0p5,GP ell=0.5,0.5,,variable_sparsity,0.04068354144692421,True,0.5,1.3333122730255127,128,0.06206750124692917,0.04355112090706825,0.018344096839427948,0.06894955784082413,0.06399575620889664,0.13017091155052185,0.1252383291721344,0.3389738202095032,0.33501702547073364,0.04284524917602539,0.06894955784082413,0.040023598819971085,0.062147390097379684,1.0
pilot__gru__t2__seed10,gru,GRU,t2,10,True,0.013621704652905464,ring-selected zero-retuning,0.0014995040837675333,smoothness,smooth_l2,GP ell=2.0,2.0,,variable_sparsity,0.04232368245720863,True,2.0,1.384145736694336,128,0.05875503271818161,0.04153480753302574,0.017197223380208015,0.06579472124576569,0.06258458644151688,0.1293855607509613,0.12446487694978714,0.34333425760269165,0.33359840512275696,0.04172898828983307,0.06579472124576569,0.03882265463471413,0.058838360011577606,1.0
pilot__gru__t2__seed10,gru,GRU,t2,10,True,0.013621704652905464,ring-selected zero-retuning,0.0011327984975650907,velocity,velocity_x0p5,0.5x,0.5,,variable_sparsity,0.040131766349077225,True,1.0,1.1714093685150146,128,0.05685193091630936,0.037585578858852386,0.012826994061470032,0.06277959793806076,0.06007598340511322,0.12818774580955505,0.12163205444812775,0.3293115496635437,0.31445449590682983,0.03821233659982681,0.06277959793806076,0.03863072767853737,0.05566620081663132,0.5
pilot__gru__t2__seed10,gru,GRU,t2,10,True,0.013621704652905464,ring-selected zero-retuning,0.00885354820638895,velocity,velocity_x1p5,1.5x,1.5,,variable_sparsity,0.05754284933209419,True,1.0,1.4481725692749023,128,0.10223479568958282,0.08250537514686584,0.031953033059835434,0.11013374477624893,0.07823514938354492,0.15227729082107544,0.1347532570362091,0.3402581512928009,0.32913175225257874,0.07636072486639023,0.11013374477624893,0.05025037005543709,0.1507134735584259,1.5
pilot__gru__t2__seed10,gru,GRU,t2,10,True,0.013621704652905464,ring-selected zero-retuning,0.05172942206263542,velocity,velocity_x2,2.0x,2.0,,variable_sparsity,0.11296077817678452,True,1.0,1.4958068132400513,128,0.24825558066368103,0.21339230239391327,0.05891168862581253,0.26566335558891296,0.10645776987075806,0.2928822636604309,0.15790288150310516,0.4568382799625397,0.3707045614719391,0.18867060542106628,0.26566335558891296,0.0688675045967102,0.5062118768692017,2.0
pilot__gru__t2__seed11,gru,GRU,t2,11,True,0.012819411233067513,ring-selected zero-retuning,0.08214171975851059,combined,combined_h1024_x1p5,"T=1024, 1.5x",T1024_1.5x,,variable_sparsity,0.18423272669315338,True,1.0,1.6279666423797607,1024,0.45636874437332153,0.33782386779785156,0.04120497778058052,0.5012611746788025,0.34600430727005005,0.5095407962799072,0.37902510166168213,0.5929588079452515,0.469906747341156,0.3001942038536072,0.5012611746788025,0.21844913065433502,0.5931463241577148,1.5
pilot__gru__t2__seed11,gru,GRU,t2,11,True,0.012819411233067513,ring-selected zero-retuning,0.21644392609596252,combined,combined_h1024_x2,"T=1024, 2.0x",T1024_2.0x,,variable_sparsity,0.32954326272010803,True,1.0,1.6543196439743042,1024,0.8394601345062256,0.6555505394935608,0.07680649310350418,0.8987369537353516,0.7339394092559814,0.9050592184066772,0.7368427515029907,0.9533066749572754,0.7993423938751221,0.5756791234016418,0.8987369537353516,0.42658576369285583,1.1880433559417725,2.0
pilot__gru__t2__seed11,gru,GRU,t2,11,True,0.012819411233067513,ring-selected zero-retuning,0.0014406668487936258,dwell,dwell_block64,64-step middle blank,middle_blank_64,,variable_sparsity,0.03740530088543892,True,1.0,1.2712488174438477,128,0.059263840317726135,0.04395424202084541,0.01675483025610447,0.06276397407054901,0.055874090641736984,0.09966512024402618,0.09449899196624756,0.2588598132133484,0.23638668656349182,0.039871346205472946,0.06276397407054901,0.03551788255572319,0.062029652297496796,1.0
pilot__gru__t2__seed11,gru,GRU,t2,11,True,0.012819411233067513,ring-selected zero-retuning,0.0020162782166153193,dwell,dwell_dense,dense,dense,,dense,,True,1.0,1.5411663055419922,128,0.059011656790971756,0.04410737380385399,0.022176828235387802,0.06487400829792023,0.05169171839952469,0.09712216258049011,0.08847714960575104,0.2515658140182495,0.23803196847438812,0.04410737380385399,0.06487400829792023,0.03808394446969032,0.07222728431224823,1.0
pilot__gru__t2__seed11,gru,GRU,t2,11,True,0.012819411233067513,ring-selected zero-retuning,0.0010155867785215378,dwell,dwell_p0p25,active p=0.25,0.25,,fixed_probability,0.033073484897613525,True,1.0,1.0632719993591309,128,0.048004742711782455,0.035373833030462265,0.01562671922147274,0.052645567804574966,0.04975314810872078,0.09534035623073578,0.08914701640605927,0.2583879828453064,0.24695171415805817,0.03365250304341316,0.052645567804574966,0.030862413346767426,0.052380651235580444,1.0
pilot__gru__t2__seed11,gru,GRU,t2,11,True,0.012819411233067513,ring-selected zero-retuning,0.0011589896166697145,dwell,dwell_p0p50,active p=0.50,0.5,,fixed_probability,0.036614395678043365,True,1.0,1.3930611610412598,128,0.04483003169298172,0.03313139081001282,0.01869269460439682,0.04729054123163223,0.0426490418612957,0.08851337432861328,0.08191658556461334,0.25216424465179443,0.23175086081027985,0.03485673666000366,0.04729054123163223,0.03151784837245941,0.05447693169116974,1.0
pilot__gru__t2__seed11,gru,GRU,t2,11,True,0.012819411233067513,ring-selected zero-retuning,0.0014361543580889702,dwell,dwell_p0p75,active p=0.75,0.75,,fixed_probability,0.044625356793403625,True,1.0,1.492414951324463,128,0.04945974051952362,0.036077119410037994,0.020586255937814713,0.054254159331321716,0.045456573367118835,0.08869676291942596,0.07751765102148056,0.2551732063293457,0.22850053012371063,0.03820400685071945,0.054254159331321716,0.033952370285987854,0.06153109669685364,1.0
pilot__gru__t2__seed11,gru,GRU,t2,11,True,0.012819411233067513,ring-selected zero-retuning,0.0015163186471909285,id,id_h128,ID T=128,128,,variable_sparsity,0.03803322836756706,True,1.0,1.3622474670410156,128,0.053395435214042664,0.039688754826784134,0.019798945635557175,0.059081051498651505,0.05214405432343483,0.09581458568572998,0.08961430191993713,0.2530366778373718,0.23803196847438812,0.03928124159574509,0.059081051498651505,0.03642486035823822,0.06205618381500244,1.0
pilot__gru__t2__seed11,gru,GRU,t2,11,True,0.012819411233067513,ring-selected zero-retuning,0.019929327070713043,length,length_h1024,T=1024,1024,,variable_sparsity,0.14244720339775085,True,1.0,1.6176867485046387,1024,0.23208361864089966,0.15524911880493164,0.02102302573621273,0.2510043978691101,0.20617300271987915,0.26878637075424194,0.23573154211044312,0.37627363204956055,0.3579954504966736,0.152112677693367,0.2510043978691101,0.13202613592147827,0.27592769265174866,1.0
pilot__gru__t2__seed11,gru,GRU,t2,11,True,0.012819411233067513,ring-selected zero-retuning,0.0427631214261055,length,length_h2048,T=2048,2048,,variable_sparsity,0.21299344301223755,True,1.0,1.646860122680664,2048,0.3456411361694336,0.23889052867889404,0.02107798121869564,0.376359224319458,0.3160559833049774,0.3816813826560974,0.3319191634654999,0.44673627614974976,0.4087317883968353,0.23254084587097168,0.376359224319458,0.2066488116979599,0.40835702419281006,1.0
pilot__gru__t2__seed11,gru,GRU,t2,11,True,0.012819411233067513,ring-selected zero-retuning,0.0032460843212902546,length,length_h256,T=256,256,,variable_sparsity,0.057823456823825836,True,1.0,1.46852445602417,256,0.08728799223899841,0.05907958000898361,0.020392533391714096,0.09717829525470734,0.08221080899238586,0.12626011669635773,0.11232545226812363,0.2930280864238739,0.2694465219974518,0.058771781623363495,0.09717829525470734,0.05168239772319794,0.09363025426864624,1.0
pilot__gru__t2__seed11,gru,GRU,t2,11,True,0.012819411233067513,ring-selected zero-retuning,0.008246222510933876,length,length_h512,T=512,512,,variable_sparsity,0.09142255783081055,True,1.0,1.5606231689453125,512,0.14685919880867004,0.09598162025213242,0.021119099110364914,0.15936556458473206,0.1280304491519928,0.17969167232513428,0.15415845811367035,0.3200451731681824,0.29803842306137085,0.09486374258995056,0.15936556458473206,0.08381909132003784,0.16121286153793335,1.0
pilot__gru__t2__seed11,gru,GRU,t2,11,True,0.012819411233067513,ring-selected zero-retuning,0.0016285264864563942,smoothness,smooth_l0p5,GP ell=0.5,0.5,,variable_sparsity,0.036835141479969025,True,0.5,1.3333122730255127,128,0.05406973138451576,0.04051833599805832,0.020889930427074432,0.05736330896615982,0.05089349299669266,0.09489767253398895,0.09156046062707901,0.2674400806427002,0.25373420119285583,0.03961170092225075,0.05736330896615982,0.0353781059384346,0.058875687420368195,1.0
pilot__gru__t2__seed11,gru,GRU,t2,11,True,0.012819411233067513,ring-selected zero-retuning,0.001522766542620957,smoothness,smooth_l2,GP ell=2.0,2.0,,variable_sparsity,0.03874898701906204,True,2.0,1.384145736694336,128,0.05530717596411705,0.040409013628959656,0.0200824998319149,0.06296446174383163,0.05537550523877144,0.09870799630880356,0.09244252741336823,0.260270357131958,0.2511933147907257,0.04000038653612137,0.06296446174383163,0.036992333829402924,0.06020133197307587,1.0
pilot__gru__t2__seed11,gru,GRU,t2,11,True,0.012819411233067513,ring-selected zero-retuning,0.0008629197254776955,velocity,velocity_x0p5,0.5x,0.5,,variable_sparsity,0.03347238898277283,True,1.0,1.1714093685150146,128,0.04399549216032028,0.0317922905087471,0.013969600200653076,0.04764212667942047,0.04505863040685654,0.09146773815155029,0.08480146527290344,0.25657182931900024,0.2364364117383957,0.03220584988594055,0.04764212667942047,0.030419282615184784,0.04915542155504227,0.5
pilot__gru__t2__seed11,gru,GRU,t2,11,True,0.012819411233067513,ring-selected zero-retuning,0.007484721951186657,velocity,velocity_x1p5,1.5x,1.5,,variable_sparsity,0.049040019512176514,True,1.0,1.4481725692749023,128,0.0944981798529625,0.0756523460149765,0.03634678199887276,0.10538578778505325,0.07139591872692108,0.1313122808933258,0.1069866344332695,0.28911417722702026,0.2642487585544586,0.06910159438848495,0.10538578778505325,0.047178931534290314,0.13046225905418396,1.5
pilot__gru__t2__seed11,gru,GRU,t2,11,True,0.012819411233067513,ring-selected zero-retuning,0.04021450877189636,velocity,velocity_x2,2.0x,2.0,,variable_sparsity,0.09041430056095123,True,1.0,1.4958068132400513,128,0.2152339518070221,0.1931627243757248,0.06433580815792084,0.2315986454486847,0.10037217289209366,0.24600523710250854,0.1364275962114334,0.38629767298698425,0.2774851322174072,0.16787073016166687,0.2315986454486847,0.06275922060012817,0.4178658723831177,2.0
pilot__gru__t2__seed12,gru,GRU,t2,12,True,0.01263304241001606,ring-selected zero-retuning,0.09016411006450653,combined,combined_h1024_x1p5,"T=1024, 1.5x",T1024_1.5x,,variable_sparsity,0.22479687631130219,True,1.0,1.6279666423797607,1024,0.512094259262085,0.353740930557251,0.03720829635858536,0.5582422018051147,0.44137319922447205,0.5721738338470459,0.48465579748153687,0.6529783010482788,0.5544438362121582,0.3221498131752014,0.5582422018051147,0.2359967827796936,0.6719622611999512,1.5
pilot__gru__t2__seed12,gru,GRU,t2,12,True,0.01263304241001606,ring-selected zero-retuning,0.24543577432632446,combined,combined_h1024_x2,"T=1024, 2.0x",T1024_2.0x,,variable_sparsity,0.364128053188324,True,1.0,1.6543196439743042,1024,0.8985558152198792,0.7077932357788086,0.07150383293628693,0.9526112675666809,0.8122119307518005,0.9559992551803589,0.7618439197540283,1.0055460929870605,0.8592497706413269,0.6235955953598022,0.9526112675666809,0.47050541639328003,1.3562679290771484,2.0
pilot__gru__t2__seed12,gru,GRU,t2,12,True,0.01263304241001606,ring-selected zero-retuning,0.0013212381163612008,dwell,dwell_block64,64-step middle blank,middle_blank_64,,variable_sparsity,0.035873353481292725,True,1.0,1.2712488174438477,128,0.05863288417458534,0.043280523270368576,0.01502341777086258,0.06377958506345749,0.058245401829481125,0.10946524143218994,0.10481119900941849,0.2956145405769348,0.2985137701034546,0.03866257518529892,0.06377958506345749,0.03681370988488197,0.06019972637295723,1.0
pilot__gru__t2__seed12,gru,GRU,t2,12,True,0.01263304241001606,ring-selected zero-retuning,0.0016208002343773842,dwell,dwell_dense,dense,dense,,dense,,True,1.0,1.5411663055419922,128,0.05472026392817497,0.04068297892808914,0.019119733944535255,0.06204816699028015,0.05326950177550316,0.10347235202789307,0.10271064192056656,0.2731388211250305,0.2723982632160187,0.04068297892808914,0.06204816699028015,0.036318909376859665,0.06153871864080429,1.0
pilot__gru__t2__seed12,gru,GRU,t2,12,True,0.01263304241001606,ring-selected zero-retuning,0.0009850631467998028,dwell,dwell_p0p25,active p=0.25,0.25,,fixed_probability,0.03327726200222969,True,1.0,1.0632719993591309,128,0.05160536617040634,0.03708450123667717,0.013168390840291977,0.058694131672382355,0.057424020022153854,0.10856806486845016,0.10222922265529633,0.2910405397415161,0.2810315787792206,0.03423558175563812,0.058694131672382355,0.03248835355043411,0.04816710203886032,1.0
pilot__gru__t2__seed12,gru,GRU,t2,12,True,0.01263304241001606,ring-selected zero-retuning,0.001166382571682334,dwell,dwell_p0p50,active p=0.50,0.5,,fixed_probability,0.03614826872944832,True,1.0,1.3930611610412598,128,0.04902946576476097,0.03496867045760155,0.015850670635700226,0.055153727531433105,0.05078333988785744,0.102146215736866,0.10061297565698624,0.28515544533729553,0.28394976258277893,0.03555299714207649,0.055153727531433105,0.0330171100795269,0.0520361065864563,1.0
pilot__gru__t2__seed12,gru,GRU,t2,12,True,0.01263304241001606,ring-selected zero-retuning,0.0013326206244528294,dwell,dwell_p0p75,active p=0.75,0.75,,fixed_probability,0.04157368466258049,True,1.0,1.492414951324463,128,0.04915031045675278,0.035689059644937515,0.017865512520074844,0.054032206535339355,0.05024806410074234,0.10097365081310272,0.0993073508143425,0.29231905937194824,0.2879917621612549,0.0371532142162323,0.054032206535339355,0.033603817224502563,0.05558032542467117,1.0
pilot__gru__t2__seed12,gru,GRU,t2,12,True,0.01263304241001606,ring-selected zero-retuning,0.0013610909227281809,id,id_h128,ID T=128,128,,variable_sparsity,0.03774004429578781,True,1.0,1.3622474670410156,128,0.052170250564813614,0.03802366554737091,0.017197128385305405,0.05867348238825798,0.05326950177550316,0.10150828957557678,0.10153739154338837,0.2732028365135193,0.2675624191761017,0.037953853607177734,0.05867348238825798,0.034528542309999466,0.057204972952604294,1.0
pilot__gru__t2__seed12,gru,GRU,t2,12,True,0.01263304241001606,ring-selected zero-retuning,0.024642467498779297,length,length_h1024,T=1024,1024,,variable_sparsity,0.17037853598594666,True,1.0,1.6176867485046387,1024,0.2951933741569519,0.1831318438053131,0.01774776168167591,0.33119285106658936,0.3219684362411499,0.3566167950630188,0.35011452436447144,0.47278356552124023,0.4651561975479126,0.18000730872154236,0.33119285106658936,0.17177802324295044,0.27948856353759766,1.0
pilot__gru__t2__seed12,gru,GRU,t2,12,True,0.01263304241001606,ring-selected zero-retuning,0.07398001849651337,length,length_h2048,T=2048,2048,,variable_sparsity,0.31237268447875977,True,1.0,1.646860122680664,2048,0.5392084121704102,0.32888662815093994,0.01763199456036091,0.6126634478569031,0.6066420078277588,0.6432895064353943,0.6376746296882629,0.7519464492797852,0.7684509754180908,0.3248375654220581,0.6126634478569031,0.3136662542819977,0.4663638174533844,1.0
pilot__gru__t2__seed12,gru,GRU,t2,12,True,0.01263304241001606,ring-selected zero-retuning,0.0030470474157482386,length,length_h256,T=256,256,,variable_sparsity,0.057195160537958145,True,1.0,1.46852445602417,256,0.09107209742069244,0.0595257543027401,0.01721828058362007,0.10178816318511963,0.09024249762296677,0.13773566484451294,0.13069336116313934,0.29487332701683044,0.2783002555370331,0.05895466357469559,0.10178816318511963,0.055057935416698456,0.09754346311092377,1.0
pilot__gru__t2__seed12,gru,GRU,t2,12,True,0.01263304241001606,ring-selected zero-retuning,0.008268622681498528,length,length_h512,T=512,512,,variable_sparsity,0.0936126783490181,True,1.0,1.5606231689453125,512,0.16236644983291626,0.10254959017038345,0.017956051975488663,0.1858484148979187,0.17294369637966156,0.21778663992881775,0.20526765286922455,0.3634605407714844,0.35374751687049866,0.10035824775695801,0.1858484148979187,0.09056014567613602,0.1570267528295517,1.0
pilot__gru__t2__seed12,gru,GRU,t2,12,True,0.01263304241001606,ring-selected zero-retuning,0.001473202952183783,smoothness,smooth_l0p5,GP ell=0.5,0.5,,variable_sparsity,0.03611232340335846,True,0.5,1.3333122730255127,128,0.052601732313632965,0.039270125329494476,0.01808871142566204,0.0582960769534111,0.053285591304302216,0.10288636386394501,0.0966113731265068,0.28133124113082886,0.26925143599510193,0.03849281743168831,0.0582960769534111,0.03477548807859421,0.05859779566526413,1.0
pilot__gru__t2__seed12,gru,GRU,t2,12,True,0.01263304241001606,ring-selected zero-retuning,0.0013441888149827719,smoothness,smooth_l2,GP ell=2.0,2.0,,variable_sparsity,0.03804568946361542,True,2.0,1.384145736694336,128,0.05395685136318207,0.03861686587333679,0.017453633248806,0.06056138128042221,0.054665569216012955,0.10405649244785309,0.09600187838077545,0.2736159563064575,0.25548553466796875,0.03847627341747284,0.06056138128042221,0.03611274063587189,0.058341607451438904,1.0
pilot__gru__t2__seed12,gru,GRU,t2,12,True,0.01263304241001606,ring-selected zero-retuning,0.0008521871059201658,velocity,velocity_x0p5,0.5x,0.5,,variable_sparsity,0.03439493104815483,True,1.0,1.1714093685150146,128,0.04659159481525421,0.03176640719175339,0.012051425874233246,0.0515836700797081,0.04909054562449455,0.10195749253034592,0.10118930041790009,0.2830517292022705,0.2690975069999695,0.03241343051195145,0.0515836700797081,0.031272873282432556,0.04946541786193848,0.5
pilot__gru__t2__seed12,gru,GRU,t2,12,True,0.01263304241001606,ring-selected zero-retuning,0.007978292182087898,velocity,velocity_x1p5,1.5x,1.5,,variable_sparsity,0.04958416894078255,True,1.0,1.4481725692749023,128,0.09259124100208282,0.07683472335338593,0.03218146041035652,0.09943636506795883,0.06301426142454147,0.1287095546722412,0.10613012313842773,0.29277288913726807,0.2769518196582794,0.07012687623500824,0.09943636506795883,0.044301602989435196,0.12938520312309265,1.5
pilot__gru__t2__seed12,gru,GRU,t2,12,True,0.01263304241001606,ring-selected zero-retuning,0.047926850616931915,velocity,velocity_x2,2.0x,2.0,,variable_sparsity,0.09827614575624466,True,1.0,1.4958068132400513,128,0.23447200655937195,0.20438729226589203,0.05689284950494766,0.24954712390899658,0.0982510894536972,0.2610863149166107,0.13650238513946533,0.40254902839660645,0.2982460558414459,0.17826753854751587,0.24954712390899658,0.06722957640886307,0.4572749137878418,2.0
pilot__lstm__t2__seed10,lstm,LSTM,t2,10,True,0.012849373742938042,ring-selected zero-retuning,0.06102926656603813,combined,combined_h1024_x1p5,"T=1024, 1.5x",T1024_1.5x,,variable_sparsity,0.2790736258029938,True,1.0,1.6279666423797607,1024,0.43800029158592224,0.2734304368495941,0.02465403452515602,0.47452670335769653,0.4145514965057373,0.528815507888794,0.4713321030139923,0.734819769859314,0.706129789352417,0.2748130261898041,0.47452670335769653,0.23493321239948273,0.4270170032978058,1.5
pilot__lstm__t2__seed10,lstm,LSTM,t2,10,True,0.012849373742938042,ring-selected zero-retuning,0.1647121012210846,combined,combined_h1024_x2,"T=1024, 2.0x",T1024_2.0x,,variable_sparsity,0.41682711243629456,True,1.0,1.6543196439743042,1024,0.7321509122848511,0.49998557567596436,0.054673224687576294,0.8135680556297302,0.620053768157959,0.8439462780952454,0.6733539700508118,0.9706578850746155,0.861344575881958,0.479611873626709,0.8135680556297302,0.3515837490558624,0.9557660222053528,2.0
pilot__lstm__t2__seed10,lstm,LSTM,t2,10,True,0.012849373742938042,ring-selected zero-retuning,0.0015773293562233448,dwell,dwell_block64,64-step middle blank,middle_blank_64,,variable_sparsity,0.04299468547105789,True,1.0,1.2712488174438477,128,0.07121924310922623,0.04376130923628807,0.011744278483092785,0.07750526815652847,0.07468347251415253,0.148287832736969,0.14585720002651215,0.39329737424850464,0.39396151900291443,0.0432833656668663,0.07750526815652847,0.042809054255485535,0.07174479961395264,1.0
pilot__lstm__t2__seed10,lstm,LSTM,t2,10,True,0.012849373742938042,ring-selected zero-retuning,0.0011694948188960552,dwell,dwell_dense,dense,dense,,dense,,True,1.0,1.5411663055419922,128,0.05731703341007233,0.038145583122968674,0.011876493692398071,0.06268751621246338,0.06102272868156433,0.13512039184570312,0.13015727698802948,0.39300158619880676,0.381308376789093,0.038145583122968674,0.06268751621246338,0.037233129143714905,0.057227298617362976,1.0
pilot__lstm__t2__seed10,lstm,LSTM,t2,10,True,0.012849373742938042,ring-selected zero-retuning,0.0016350153600797057,dwell,dwell_p0p25,active p=0.25,0.25,,fixed_probability,0.04507121816277504,True,1.0,1.0632719993591309,128,0.07080882042646408,0.04530336707830429,0.012428425252437592,0.0780557245016098,0.07758601754903793,0.15037789940834045,0.144484743475914,0.390555202960968,0.37029948830604553,0.045129649341106415,0.0780557245016098,0.04405629634857178,0.06975091993808746,1.0
pilot__lstm__t2__seed10,lstm,LSTM,t2,10,True,0.012849373742938042,ring-selected zero-retuning,0.0014260911848396063,dwell,dwell_p0p50,active p=0.50,0.5,,fixed_probability,0.04092412441968918,True,1.0,1.3930611610412598,128,0.06478989124298096,0.041790589690208435,0.013996284455060959,0.07320128381252289,0.07011036574840546,0.1539040505886078,0.14714176952838898,0.40784555673599243,0.3876188397407532,0.04136137664318085,0.07320128381252289,0.038677699863910675,0.06535062938928604,1.0
pilot__lstm__t2__seed10,lstm,LSTM,t2,10,True,0.012849373742938042,ring-selected zero-retuning,0.0012226244434714317,dwell,dwell_p0p75,active p=0.75,0.75,,fixed_probability,0.03770671784877777,True,1.0,1.492414951324463,128,0.05854552984237671,0.039015281945466995,0.01322439219802618,0.06595364958047867,0.06333384662866592,0.15516410768032074,0.13931474089622498,0.419883131980896,0.3989953398704529,0.03868969902396202,0.06595364958047867,0.03630722314119339,0.05842173844575882,1.0
pilot__lstm__t2__seed10,lstm,LSTM,t2,10,True,0.012849373742938042,ring-selected zero-retuning,0.0012778083328157663,id,id_h128,ID T=128,128,,variable_sparsity,0.04361861199140549,True,1.0,1.3622474670410156,128,0.06078263744711876,0.037969425320625305,0.012424493208527565,0.06792104244232178,0.06386953592300415,0.14777109026908875,0.14863558113574982,0.4144546389579773,0.4105623662471771,0.03935999795794487,0.06792104244232178,0.03695604205131531,0.06280841678380966,1.0
pilot__lstm__t2__seed10,lstm,LSTM,t2,10,True,0.012849373742938042,ring-selected zero-retuning,0.03179202228784561,length,length_h1024,T=1024,1024,,variable_sparsity,0.2471497803926468,True,1.0,1.6176867485046387,1024,0.35833996534347534,0.20221032202243805,0.013018198311328888,0.406097412109375,0.3920229971408844,0.45917004346847534,0.44209638237953186,0.6513656377792358,0.6504326462745667,0.21322044730186462,0.406097412109375,0.20866096019744873,0.2942046821117401,1.0
pilot__lstm__t2__seed10,lstm,LSTM,t2,10,True,0.012849373742938042,ring-selected zero-retuning,0.10415441542863846,length,length_h2048,T=2048,2048,,variable_sparsity,0.44440320134162903,True,1.0,1.646860122680664,2048,0.6753066182136536,0.38475435972213745,0.01303683128207922,0.7646373510360718,0.7530360817909241,0.8129121661186218,0.8033989667892456,0.9735263586044312,0.9628105759620667,0.3993796408176422,0.7646373510360718,0.38613733649253845,0.5156745910644531,1.0
pilot__lstm__t2__seed10,lstm,LSTM,t2,10,True,0.012849373742938042,ring-selected zero-retuning,0.003450669813901186,length,length_h256,T=256,256,,variable_sparsity,0.07694469392299652,True,1.0,1.46852445602417,256,0.10764163732528687,0.06359904259443283,0.012739045545458794,0.11905858665704727,0.11636309325695038,0.18322452902793884,0.1678672581911087,0.42107921838760376,0.393442302942276,0.06686927378177643,0.11905858665704727,0.06452392041683197,0.1024591401219368,1.0
pilot__lstm__t2__seed10,lstm,LSTM,t2,10,True,0.012849373742938042,ring-selected zero-retuning,0.010164016857743263,length,length_h512,T=512,512,,variable_sparsity,0.13590355217456818,True,1.0,1.5606231689453125,512,0.19021491706371307,0.1103358045220375,0.012995786964893341,0.21455678343772888,0.20670689642429352,0.2744942605495453,0.2722925841808319,0.5086115002632141,0.49824705719947815,0.11660505831241608,0.21455678343772888,0.11123068630695343,0.184049591422081,1.0
pilot__lstm__t2__seed10,lstm,LSTM,t2,10,True,0.012849373742938042,ring-selected zero-retuning,0.0013208636082708836,smoothness,smooth_l0p5,GP ell=0.5,0.5,,variable_sparsity,0.04378223046660423,True,0.5,1.3333122730255127,128,0.062176600098609924,0.03913906589150429,0.012496493756771088,0.0693528950214386,0.06713990122079849,0.14943815767765045,0.14470629394054413,0.4056168794631958,0.39048507809638977,0.040282003581523895,0.0693528950214386,0.03894804045557976,0.062076468020677567,1.0
pilot__lstm__t2__seed10,lstm,LSTM,t2,10,True,0.012849373742938042,ring-selected zero-retuning,0.0013115338515490294,smoothness,smooth_l2,GP ell=2.0,2.0,,variable_sparsity,0.04395825043320656,True,2.0,1.384145736694336,128,0.06167805939912796,0.038432855159044266,0.012930108234286308,0.0676078051328659,0.061897825449705124,0.1381913125514984,0.12934458255767822,0.38748112320899963,0.3780294358730316,0.03979295864701271,0.0676078051328659,0.038938168436288834,0.061069995164871216,1.0
pilot__lstm__t2__seed10,lstm,LSTM,t2,10,True,0.012849373742938042,ring-selected zero-retuning,0.0012323022820055485,velocity,velocity_x0p5,0.5x,0.5,,variable_sparsity,0.04283729940652847,True,1.0,1.1714093685150146,128,0.061380784958601,0.03766085207462311,0.010304032824933529,0.06943708658218384,0.06496964395046234,0.15364670753479004,0.15241487324237823,0.407863974571228,0.4027192294597626,0.03893505781888962,0.06943708658218384,0.03632981330156326,0.06225702911615372,0.5
pilot__lstm__t2__seed10,lstm,LSTM,t2,10,True,0.012849373742938042,ring-selected zero-retuning,0.0037681267131119967,velocity,velocity_x1p5,1.5x,1.5,,variable_sparsity,0.054366376250982285,True,1.0,1.4481725692749023,128,0.07982959598302841,0.054200179874897,0.021540172398090363,0.08661341667175293,0.06671827286481857,0.1613704264163971,0.14888086915016174,0.4254191517829895,0.39380982518196106,0.05424109101295471,0.08661341667175293,0.04051009193062782,0.08655437082052231,1.5
pilot__lstm__t2__seed10,lstm,LSTM,t2,10,True,0.012849373742938042,ring-selected zero-retuning,0.023969575762748718,velocity,velocity_x2,2.0x,2.0,,variable_sparsity,0.0954313725233078,True,1.0,1.4958068132400513,128,0.16955015063285828,0.12866176664829254,0.04251314699649811,0.1883247047662735,0.09039770066738129,0.24337047338485718,0.15359966456890106,0.4849017858505249,0.4380089342594147,0.1204819530248642,0.1883247047662735,0.052076779305934906,0.2783169150352478,2.0
pilot__lstm__t2__seed11,lstm,LSTM,t2,11,True,0.013123773038387299,ring-selected zero-retuning,0.06862162053585052,combined,combined_h1024_x1p5,"T=1024, 1.5x",T1024_1.5x,,variable_sparsity,0.23163574934005737,True,1.0,1.6279666423797607,1024,0.44153591990470886,0.30102381110191345,0.027159277349710464,0.46775510907173157,0.39413607120513916,0.4838780462741852,0.4270905554294586,0.5970133543014526,0.5413036346435547,0.28402382135391235,0.46775510907173157,0.237368643283844,0.45868247747421265,1.5
pilot__lstm__t2__seed11,lstm,LSTM,t2,11,True,0.013123773038387299,ring-selected zero-retuning,0.17786413431167603,combined,combined_h1024_x2,"T=1024, 2.0x",T1024_2.0x,,variable_sparsity,0.3558993339538574,True,1.0,1.6543196439743042,1024,0.764750599861145,0.5509204268455505,0.06106464937329292,0.8265752196311951,0.6624371409416199,0.8297346234321594,0.6509509682655334,0.8834773302078247,0.7443181276321411,0.5031405091285706,0.8265752196311951,0.3853225111961365,1.0019431114196777,2.0
pilot__lstm__t2__seed11,lstm,LSTM,t2,11,True,0.013123773038387299,ring-selected zero-retuning,0.0016063080402091146,dwell,dwell_block64,64-step middle blank,middle_blank_64,,variable_sparsity,0.044100500643253326,True,1.0,1.2712488174438477,128,0.0713745579123497,0.04368336498737335,0.011353971436619759,0.07578159123659134,0.07186934351921082,0.1363123655319214,0.12945769727230072,0.3849066495895386,0.36633622646331787,0.04394342005252838,0.07578159123659134,0.042172081768512726,0.07190768420696259,1.0
pilot__lstm__t2__seed11,lstm,LSTM,t2,11,True,0.013123773038387299,ring-selected zero-retuning,0.0016828575171530247,dwell,dwell_dense,dense,dense,,dense,,True,1.0,1.5411663055419922,128,0.06474031507968903,0.042585089802742004,0.0128739383071661,0.07010148465633392,0.06122918426990509,0.12969264388084412,0.12423155456781387,0.37041881680488586,0.34471091628074646,0.042585089802742004,0.07010148465633392,0.03860742226243019,0.0683785080909729,1.0
pilot__lstm__t2__seed11,lstm,LSTM,t2,11,True,0.013123773038387299,ring-selected zero-retuning,0.001543805468827486,dwell,dwell_p0p25,active p=0.25,0.25,,fixed_probability,0.0422082394361496,True,1.0,1.0632719993591309,128,0.06750060617923737,0.042956385761499405,0.012327590957283974,0.07447187602519989,0.06995557993650436,0.14387863874435425,0.13438142836093903,0.3828752636909485,0.35968494415283203,0.042396556586027145,0.07447187602519989,0.038909029215574265,0.06929625570774078,1.0
pilot__lstm__t2__seed11,lstm,LSTM,t2,11,True,0.013123773038387299,ring-selected zero-retuning,0.001429517986252904,dwell,dwell_p0p50,active p=0.50,0.5,,fixed_probability,0.040284663438797,True,1.0,1.3930611610412598,128,0.06142605096101761,0.04080113023519516,0.014010455459356308,0.06673656404018402,0.06230022385716438,0.1345033347606659,0.12463746219873428,0.3935544788837433,0.37785249948501587,0.04054529219865799,0.06673656404018402,0.037657734006643295,0.06383209675550461,1.0
pilot__lstm__t2__seed11,lstm,LSTM,t2,11,True,0.013123773038387299,ring-selected zero-retuning,0.0013437445741146803,dwell,dwell_p0p75,active p=0.75,0.75,,fixed_probability,0.038172777742147446,True,1.0,1.492414951324463,128,0.056726984679698944,0.038862887769937515,0.013734246604144573,0.06127002835273743,0.05464997515082359,0.1255677491426468,0.11615650355815887,0.3662744164466858,0.3519626259803772,0.03869117796421051,0.06127002835273743,0.03497884422540665,0.06555937230587006,1.0
pilot__lstm__t2__seed11,lstm,LSTM,t2,11,True,0.013123773038387299,ring-selected zero-retuning,0.001390429213643074,id,id_h128,ID T=128,128,,variable_sparsity,0.04366657882928848,True,1.0,1.3622474670410156,128,0.06164667755365372,0.03880748152732849,0.012738920748233795,0.06776897609233856,0.06386379897594452,0.13300195336341858,0.12827637791633606,0.37813127040863037,0.36294540762901306,0.04000357538461685,0.06776897609233856,0.03858138620853424,0.06418222188949585,1.0
pilot__lstm__t2__seed11,lstm,LSTM,t2,11,True,0.013123773038387299,ring-selected zero-retuning,0.027532272040843964,length,length_h1024,T=1024,1024,,variable_sparsity,0.20294298231601715,True,1.0,1.6176867485046387,1024,0.30568116903305054,0.18824319541454315,0.013626795262098312,0.3404354453086853,0.3323970437049866,0.39098989963531494,0.39619016647338867,0.5793993473052979,0.5865590572357178,0.191844642162323,0.3404354453086853,0.18669283390045166,0.29277992248535156,1.0
pilot__lstm__t2__seed11,lstm,LSTM,t2,11,True,0.013123773038387299,ring-selected zero-retuning,0.08259379863739014,length,length_h2048,T=2048,2048,,variable_sparsity,0.36330273747444153,True,1.0,1.646860122680664,2048,0.5698920488357544,0.33712339401245117,0.013620417565107346,0.6475715637207031,0.6320405006408691,0.6876583099365234,0.6639219522476196,0.8214724063873291,0.799253523349762,0.34354227781295776,0.6475715637207031,0.3306080102920532,0.48404645919799805,1.0
pilot__lstm__t2__seed11,lstm,LSTM,t2,11,True,0.013123773038387299,ring-selected zero-retuning,0.003606197191402316,length,length_h256,T=256,256,,variable_sparsity,0.07375769317150116,True,1.0,1.46852445602417,256,0.10449640452861786,0.06350558996200562,0.013033190742135048,0.11681030690670013,0.11139586567878723,0.17155256867408752,0.16915009915828705,0.402704656124115,0.3778954744338989,0.06601777672767639,0.11681030690670013,0.06317497789859772,0.10373827815055847,1.0
pilot__lstm__t2__seed11,lstm,LSTM,t2,11,True,0.013123773038387299,ring-selected zero-retuning,0.009975934401154518,length,length_h512,T=512,512,,variable_sparsity,0.12022130936384201,True,1.0,1.5606231689453125,512,0.1772611290216446,0.10889977961778641,0.013520431704819202,0.2005683034658432,0.18382997810840607,0.24437281489372253,0.22790183126926422,0.44263267517089844,0.42266976833343506,0.11167584359645844,0.2005683034658432,0.10459206253290176,0.17905394732952118,1.0
pilot__lstm__t2__seed11,lstm,LSTM,t2,11,True,0.013123773038387299,ring-selected zero-retuning,0.0015202934155240655,smoothness,smooth_l0p5,GP ell=0.5,0.5,,variable_sparsity,0.04142722859978676,True,0.5,1.3333122730255127,128,0.062427401542663574,0.04110116884112358,0.013024145737290382,0.06859836727380753,0.06231458857655525,0.1333451271057129,0.1258581131696701,0.38269370794296265,0.360186904668808,0.04118143022060394,0.06859836727380753,0.03844870999455452,0.06394096463918686,1.0
pilot__lstm__t2__seed11,lstm,LSTM,t2,11,True,0.013123773038387299,ring-selected zero-retuning,0.0013589871814474463,smoothness,smooth_l2,GP ell=2.0,2.0,,variable_sparsity,0.042657382786273956,True,2.0,1.384145736694336,128,0.05890625715255737,0.037642233073711395,0.013236365281045437,0.06501077115535736,0.05678749084472656,0.13327503204345703,0.12401589006185532,0.3839282691478729,0.3679294288158417,0.0388767383992672,0.06501077115535736,0.034551918506622314,0.06423258781433105,1.0
pilot__lstm__t2__seed11,lstm,LSTM,t2,11,True,0.013123773038387299,ring-selected zero-retuning,0.0012565755750983953,velocity,velocity_x0p5,0.5x,0.5,,variable_sparsity,0.04231982305645943,True,1.0,1.1714093685150146,128,0.06216409057378769,0.03753206506371498,0.009700877591967583,0.06866072863340378,0.06220129877328873,0.14085572957992554,0.12873336672782898,0.3972138464450836,0.3870110511779785,0.038710594177246094,0.06866072863340378,0.03548692911863327,0.06500537693500519,0.5
pilot__lstm__t2__seed11,lstm,LSTM,t2,11,True,0.013123773038387299,ring-selected zero-retuning,0.0040823426097631454,velocity,velocity_x1p5,1.5x,1.5,,variable_sparsity,0.05184588581323624,True,1.0,1.4481725692749023,128,0.08589702099561691,0.057715319097042084,0.02388215996325016,0.09220531582832336,0.06690000742673874,0.140254944562912,0.1292334496974945,0.36081254482269287,0.35753586888313293,0.056270532310009,0.09220531582832336,0.04521099478006363,0.10227428376674652,1.5
pilot__lstm__t2__seed11,lstm,LSTM,t2,11,True,0.013123773038387299,ring-selected zero-retuning,0.021535374224185944,velocity,velocity_x2,2.0x,2.0,,variable_sparsity,0.08766353875398636,True,1.0,1.4958068132400513,128,0.17594580352306366,0.13031069934368134,0.0495259165763855,0.19284683465957642,0.09079650789499283,0.22543679177761078,0.14705529808998108,0.4243730306625366,0.37653183937072754,0.11981289833784103,0.19284683465957642,0.055555813014507294,0.27977898716926575,2.0
pilot__lstm__t2__seed12,lstm,LSTM,t2,12,True,0.010496674105525017,ring-selected zero-retuning,0.041843339800834656,combined,combined_h1024_x1p5,"T=1024, 1.5x",T1024_1.5x,,variable_sparsity,0.18807415664196014,True,1.0,1.6279666423797607,1024,0.31588831543922424,0.21091850101947784,0.023935316130518913,0.3404633104801178,0.2659803628921509,0.35260096192359924,0.2912803888320923,0.4767608046531677,0.41401106119155884,0.20532168447971344,0.3404633104801178,0.16344328224658966,0.3494834303855896,1.5
pilot__lstm__t2__seed12,lstm,LSTM,t2,12,True,0.010496674105525017,ring-selected zero-retuning,0.1425010859966278,combined,combined_h1024_x2,"T=1024, 2.0x",T1024_2.0x,,variable_sparsity,0.3323640525341034,True,1.0,1.6543196439743042,1024,0.6667235493659973,0.465573251247406,0.05589048191905022,0.72901451587677,0.5361131429672241,0.7251250743865967,0.500495195388794,0.77192223072052,0.6152441501617432,0.4329371452331543,0.72901451587677,0.318818598985672,0.9448385238647461,2.0
pilot__lstm__t2__seed12,lstm,LSTM,t2,12,True,0.010496674105525017,ring-selected zero-retuning,0.0010782522149384022,dwell,dwell_block64,64-step middle blank,middle_blank_64,,variable_sparsity,0.035355404019355774,True,1.0,1.2712488174438477,128,0.05763757601380348,0.03689020499587059,0.01136585883796215,0.06224410980939865,0.059293702244758606,0.11515162885189056,0.1093410775065422,0.3238101005554199,0.31713545322418213,0.03593334183096886,0.06224410980939865,0.03489810228347778,0.05526798218488693,1.0
pilot__lstm__t2__seed12,lstm,LSTM,t2,12,True,0.010496674105525017,ring-selected zero-retuning,0.0009034476242959499,dwell,dwell_dense,dense,dense,,dense,,True,1.0,1.5411663055419922,128,0.04384910315275192,0.03165698051452637,0.012981889769434929,0.047641053795814514,0.04317237809300423,0.10161207616329193,0.09404117614030838,0.31288760900497437,0.31395524740219116,0.03165698051452637,0.047641053795814514,0.028724750503897667,0.04843860864639282,1.0
pilot__lstm__t2__seed12,lstm,LSTM,t2,12,True,0.010496674105525017,ring-selected zero-retuning,0.001159962615929544,dwell,dwell_p0p25,active p=0.25,0.25,,fixed_probability,0.03696387633681297,True,1.0,1.0632719993591309,128,0.05757449194788933,0.03667765110731125,0.011589757166802883,0.06277322769165039,0.057521529495716095,0.11784546077251434,0.10939398407936096,0.31212544441223145,0.30746614933013916,0.03689183294773102,0.06277322769165039,0.0335560068488121,0.060412004590034485,1.0
pilot__lstm__t2__seed12,lstm,LSTM,t2,12,True,0.010496674105525017,ring-selected zero-retuning,0.000987121369689703,dwell,dwell_p0p50,active p=0.50,0.5,,fixed_probability,0.03296925500035286,True,1.0,1.3930611610412598,128,0.04893453046679497,0.03337505832314491,0.013026982545852661,0.05290170758962631,0.047649580985307693,0.10957718640565872,0.10607751458883286,0.31499430537223816,0.3153839707374573,0.03317403793334961,0.05290170758962631,0.029186412692070007,0.05325612798333168,1.0
pilot__lstm__t2__seed12,lstm,LSTM,t2,12,True,0.010496674105525017,ring-selected zero-retuning,0.0008000816451385617,dwell,dwell_p0p75,active p=0.75,0.75,,fixed_probability,0.029405798763036728,True,1.0,1.492414951324463,128,0.04144546762108803,0.030019531026482582,0.012676332145929337,0.04429814964532852,0.04024942219257355,0.10672105848789215,0.10524285584688187,0.3298690915107727,0.3212299346923828,0.02986682951450348,0.04429814964532852,0.02656298503279686,0.04773510619997978,1.0
pilot__lstm__t2__seed12,lstm,LSTM,t2,12,True,0.010496674105525017,ring-selected zero-retuning,0.0009066199418157339,id,id_h128,ID T=128,128,,variable_sparsity,0.03506658226251602,True,1.0,1.3622474670410156,128,0.04578467458486557,0.030922381207346916,0.012593653053045273,0.05057091265916824,0.04737088456749916,0.10538291931152344,0.09830658882856369,0.3035006821155548,0.29050686955451965,0.031942494213581085,0.05057091265916824,0.028865039348602295,0.05028991401195526,1.0
pilot__lstm__t2__seed12,lstm,LSTM,t2,12,True,0.010496674105525017,ring-selected zero-retuning,0.011529787443578243,length,length_h1024,T=1024,1024,,variable_sparsity,0.1479937881231308,True,1.0,1.6176867485046387,1024,0.18190789222717285,0.11125003546476364,0.012988721020519733,0.2006334513425827,0.1936609297990799,0.2249542623758316,0.22275769710540771,0.38098829984664917,0.376699298620224,0.12025222182273865,0.2006334513425827,0.11252395063638687,0.19075331091880798,1.0
pilot__lstm__t2__seed12,lstm,LSTM,t2,12,True,0.010496674105525017,ring-selected zero-retuning,0.03163142502307892,length,length_h2048,T=2048,2048,,variable_sparsity,0.24020302295684814,True,1.0,1.646860122680664,2048,0.3235104978084564,0.19022201001644135,0.012956874445080757,0.3607523441314697,0.3408995270729065,0.3806913495063782,0.3596615791320801,0.500221848487854,0.45651936531066895,0.2024768441915512,0.3607523441314697,0.18515115976333618,0.30945664644241333,1.0
pilot__lstm__t2__seed12,lstm,LSTM,t2,12,True,0.010496674105525017,ring-selected zero-retuning,0.0019658904056996107,length,length_h256,T=256,256,,variable_sparsity,0.058476805686950684,True,1.0,1.46852445602417,256,0.07246026396751404,0.04550813511013985,0.012881326489150524,0.0780380442738533,0.07172466814517975,0.12656334042549133,0.12134984135627747,0.3311816453933716,0.3218352198600769,0.048685986548662186,0.0780380442738533,0.04416312277317047,0.08085505664348602,1.0
pilot__lstm__t2__seed12,lstm,LSTM,t2,12,True,0.010496674105525017,ring-selected zero-retuning,0.004756409674882889,length,length_h512,T=512,512,,variable_sparsity,0.09633290767669678,True,1.0,1.5606231689453125,512,0.11545692384243011,0.06977836787700653,0.013091407716274261,0.1243172213435173,0.11447562277317047,0.15358708798885345,0.13658607006072998,0.3311052918434143,0.3121298551559448,0.07628956437110901,0.1243172213435173,0.07005168497562408,0.11814387142658234,1.0
pilot__lstm__t2__seed12,lstm,LSTM,t2,12,True,0.010496674105525017,ring-selected zero-retuning,0.00101983651984483,smoothness,smooth_l0p5,GP ell=0.5,0.5,,variable_sparsity,0.03518962487578392,True,0.5,1.3333122730255127,128,0.04955940693616867,0.034013666212558746,0.012511984445154667,0.05367370694875717,0.049885887652635574,0.1064419224858284,0.09895647317171097,0.3109472990036011,0.2910495400428772,0.034303128719329834,0.05367370694875717,0.03192351013422012,0.05392492190003395,1.0
pilot__lstm__t2__seed12,lstm,LSTM,t2,12,True,0.010496674105525017,ring-selected zero-retuning,0.0008744664373807609,smoothness,smooth_l2,GP ell=2.0,2.0,,variable_sparsity,0.034052252769470215,True,2.0,1.384145736694336,128,0.044106148183345795,0.03031836450099945,0.01312783733010292,0.047850482165813446,0.04274819418787956,0.10381998121738434,0.09947814792394638,0.3145359754562378,0.3021933138370514,0.03123747929930687,0.047850482165813446,0.028241654857993126,0.04823216423392296,1.0
pilot__lstm__t2__seed12,lstm,LSTM,t2,12,True,0.010496674105525017,ring-selected zero-retuning,0.0008575076935812831,velocity,velocity_x0p5,0.5x,0.5,,variable_sparsity,0.0353522002696991,True,1.0,1.1714093685150146,128,0.0480794757604599,0.03065420687198639,0.01029236800968647,0.05290108546614647,0.045745957642793655,0.11327944695949554,0.11052855849266052,0.3221755027770996,0.3154076337814331,0.031810641288757324,0.05290108546614647,0.02852817252278328,0.051527708768844604,0.5
pilot__lstm__t2__seed12,lstm,LSTM,t2,12,True,0.010496674105525017,ring-selected zero-retuning,0.0033783740364015102,velocity,velocity_x1p5,1.5x,1.5,,variable_sparsity,0.04813030734658241,True,1.0,1.4481725692749023,128,0.06944895535707474,0.04903891682624817,0.02149168774485588,0.07494146376848221,0.053928714245557785,0.12169624119997025,0.10348591208457947,0.32308056950569153,0.30228471755981445,0.04881525784730911,0.07494146376848221,0.0339987687766552,0.09321657568216324,1.5
pilot__lstm__t2__seed12,lstm,LSTM,t2,12,True,0.010496674105525017,ring-selected zero-retuning,0.01918075978755951,velocity,velocity_x2,2.0x,2.0,,variable_sparsity,0.08391214162111282,True,1.0,1.4958068132400513,128,0.14925965666770935,0.11804226040840149,0.04385799169540405,0.14889885485172272,0.07258293777704239,0.1815972626209259,0.11932826787233353,0.3518998324871063,0.31863194704055786,0.10964097082614899,0.14889885485172272,0.04615850746631622,0.25640368461608887,2.0
broad__calru__t2__lr0p01_eta1000_i50__seed10,calru,CA-LRU,t2,10,True,0.004256655462086201,topology-specific validation-selected,0.052628014236688614,combined,combined_h1024_x1p5,"T=1024, 1.5x",T1024_1.5x,,variable_sparsity,0.12493526190519333,True,1.0,1.6279666423797607,1024,0.3557998538017273,0.21356704831123352,0.06723565608263016,0.4100308418273926,0.2117902785539627,0.4088236689567566,0.2146180421113968,0.4088236689567566,0.2146180421113968,0.19185234606266022,0.4100308418273926,0.10007496178150177,0.4242943227291107,1.5
broad__calru__t2__lr0p01_eta1000_i50__seed10,calru,CA-LRU,t2,10,True,0.004256655462086201,topology-specific validation-selected,0.16659608483314514,combined,combined_h1024_x2,"T=1024, 2.0x",T1024_2.0x,,variable_sparsity,0.37935560941696167,True,1.0,1.6543196439743042,1024,0.8298287391662598,0.5173768401145935,0.13776084780693054,0.9428815245628357,0.6746444702148438,0.9401490688323975,0.6982278227806091,0.9401490688323975,0.6982278227806091,0.48356181383132935,0.9428815245628357,0.34686800837516785,1.1347483396530151,2.0
broad__calru__t2__lr0p01_eta1000_i50__seed10,calru,CA-LRU,t2,10,True,0.004256655462086201,topology-specific validation-selected,6.268343713600188e-05,dwell,dwell_block64,64-step middle blank,middle_blank_64,,variable_sparsity,0.008206170983612537,True,1.0,1.2712488174438477,128,0.009925571270287037,0.008818465285003185,0.0030388440936803818,0.011401261202991009,0.009007647633552551,0.011289713904261589,0.009308471344411373,0.011289713904261589,0.009308471344411373,0.008436733856797218,0.011401261202991009,0.006967877969145775,0.014954280108213425,1.0
broad__calru__t2__lr0p01_eta1000_i50__seed10,calru,CA-LRU,t2,10,True,0.004256655462086201,topology-specific validation-selected,0.00022390161757357419,dwell,dwell_dense,dense,dense,,dense,,True,1.0,1.5411663055419922,128,0.023242253810167313,0.015580585226416588,0.0033043147996068,0.02585427649319172,0.02086212858557701,0.0256965309381485,0.021231113001704216,0.0256965309381485,0.021231113001704216,0.015580585226416588,0.02585427649319172,0.012812240049242973,0.02886434644460678,1.0
broad__calru__t2__lr0p01_eta1000_i50__seed10,calru,CA-LRU,t2,10,True,0.004256655462086201,topology-specific validation-selected,6.165466038510203e-05,dwell,dwell_p0p25,active p=0.25,0.25,,fixed_probability,0.007885056547820568,True,1.0,1.0632719993591309,128,0.00989606324583292,0.007941914722323418,0.003379964269697666,0.010508930310606956,0.008817308582365513,0.010642904788255692,0.008686034008860588,0.010642904788255692,0.008686034008860588,0.007899369113147259,0.010508930310606956,0.00677324365824461,0.013696163892745972,1.0
broad__calru__t2__lr0p01_eta1000_i50__seed10,calru,CA-LRU,t2,10,True,0.004256655462086201,topology-specific validation-selected,0.00010179013042943552,dwell,dwell_p0p50,active p=0.50,0.5,,fixed_probability,0.010295148938894272,True,1.0,1.3930611610412598,128,0.014129246585071087,0.010347509756684303,0.00382357113994658,0.01563079096376896,0.012533433735370636,0.015727095305919647,0.012873874045908451,0.015727095305919647,0.012873874045908451,0.010321572422981262,0.01563079096376896,0.0087822787463665,0.018087610602378845,1.0
broad__calru__t2__lr0p01_eta1000_i50__seed10,calru,CA-LRU,t2,10,True,0.004256655462086201,topology-specific validation-selected,0.0001475631579523906,dwell,dwell_p0p75,active p=0.75,0.75,,fixed_probability,0.012690168805420399,True,1.0,1.492414951324463,128,0.018455177545547485,0.012728653848171234,0.0035092816688120365,0.020040933042764664,0.016629895195364952,0.01980012282729149,0.016501234844326973,0.01980012282729149,0.016501234844326973,0.012719077989459038,0.020040933042764664,0.010481975972652435,0.022675590589642525,1.0
broad__calru__t2__lr0p01_eta1000_i50__seed10,calru,CA-LRU,t2,10,True,0.004256655462086201,topology-specific validation-selected,0.00016066858370322734,id,id_h128,ID T=128,128,,variable_sparsity,0.008936632424592972,True,1.0,1.3622474670410156,128,0.019119516015052795,0.014215108007192612,0.003439114196226001,0.020814793184399605,0.01683845743536949,0.02092047780752182,0.017451325431466103,0.02092047780752182,0.017451325431466103,0.012915785424411297,0.020814793184399605,0.010373036377131939,0.023546509444713593,1.0
broad__calru__t2__lr0p01_eta1000_i50__seed10,calru,CA-LRU,t2,10,True,0.004256655462086201,topology-specific validation-selected,0.007461707107722759,length,length_h1024,T=1024,1024,,variable_sparsity,0.035608675330877304,True,1.0,1.6176867485046387,1024,0.11074946820735931,0.07163852453231812,0.02124917507171631,0.13218219578266144,0.08384852111339569,0.13230447471141815,0.08508788794279099,0.13230448961257935,0.08508788794279099,0.06281125545501709,0.13218219578266144,0.04770469665527344,0.09985407441854477,1.0
broad__calru__t2__lr0p01_eta1000_i50__seed10,calru,CA-LRU,t2,10,True,0.004256655462086201,topology-specific validation-selected,0.031180717051029205,length,length_h2048,T=2048,2048,,variable_sparsity,0.09492391347885132,True,1.0,1.646860122680664,2048,0.28031688928604126,0.16091465950012207,0.0519389882683754,0.35560205578804016,0.20486006140708923,0.3582202196121216,0.20521868765354156,0.3582202196121216,0.20521868765354156,0.1447344273328781,0.35560205578804016,0.10255765914916992,0.26314276456832886,1.0
broad__calru__t2__lr0p01_eta1000_i50__seed10,calru,CA-LRU,t2,10,True,0.004256655462086201,topology-specific validation-selected,0.0003719131927937269,length,length_h256,T=256,256,,variable_sparsity,0.013054306618869305,True,1.0,1.46852445602417,256,0.029160497710108757,0.021774504333734512,0.0047190128825604916,0.032095879316329956,0.025898588821291924,0.03180155158042908,0.02658642642199993,0.03180155158042908,0.02658642642199993,0.01963770017027855,0.032095879316329956,0.016227541491389275,0.03523816913366318,1.0
broad__calru__t2__lr0p01_eta1000_i50__seed10,calru,CA-LRU,t2,10,True,0.004256655462086201,topology-specific validation-selected,0.0012941702734678984,length,length_h512,T=512,512,,variable_sparsity,0.019764777272939682,True,1.0,1.5606231689453125,512,0.05018308013677597,0.03594718128442764,0.008889446035027504,0.05872081220149994,0.04473184049129486,0.05883599445223808,0.04472833126783371,0.05883599445223808,0.04472833126783371,0.031979240477085114,0.05872081220149994,0.026191139593720436,0.06008126586675644,1.0
broad__calru__t2__lr0p01_eta1000_i50__seed10,calru,CA-LRU,t2,10,True,0.004256655462086201,topology-specific validation-selected,0.00013609539018943906,smoothness,smooth_l0p5,GP ell=0.5,0.5,,variable_sparsity,0.00857146829366684,True,0.5,1.3333122730255127,128,0.01708824373781681,0.013576464727520943,0.0034248116426169872,0.018492622300982475,0.015317718498408794,0.017961882054805756,0.01520338375121355,0.017961882054805756,0.01520338375121355,0.012344460934400558,0.018492622300982475,0.010696422308683395,0.020962320268154144,1.0
broad__calru__t2__lr0p01_eta1000_i50__seed10,calru,CA-LRU,t2,10,True,0.004256655462086201,topology-specific validation-selected,0.0001812530099414289,smoothness,smooth_l2,GP ell=2.0,2.0,,variable_sparsity,0.009112664498388767,True,2.0,1.384145736694336,128,0.019861986860632896,0.014554604887962341,0.0034691549371927977,0.02176530659198761,0.017374739050865173,0.021769000217318535,0.017779402434825897,0.021768998354673386,0.017779402434825897,0.013215046375989914,0.02176530659198761,0.009880797006189823,0.02513962797820568,1.0
broad__calru__t2__lr0p01_eta1000_i50__seed10,calru,CA-LRU,t2,10,True,0.004256655462086201,topology-specific validation-selected,5.318277544574812e-05,velocity,velocity_x0p5,0.5x,0.5,,variable_sparsity,0.005430171731859446,True,1.0,1.1714093685150146,128,0.010565722361207008,0.008533733896911144,0.0028106989338994026,0.011461382731795311,0.009092951193451881,0.011302651837468147,0.0089981434866786,0.011302651837468147,0.0089981434866786,0.007769776973873377,0.011461382731795311,0.0068499427288770676,0.012420093640685081,0.5
broad__calru__t2__lr0p01_eta1000_i50__seed10,calru,CA-LRU,t2,10,True,0.004256655462086201,topology-specific validation-selected,0.0011017383076250553,velocity,velocity_x1p5,1.5x,1.5,,variable_sparsity,0.01963898539543152,True,1.0,1.4481725692749023,128,0.03604673594236374,0.02486315555870533,0.00528311962261796,0.039273444563150406,0.02424420788884163,0.03959095478057861,0.02416081540286541,0.03959095478057861,0.02416081540286541,0.02357720211148262,0.039273444563150406,0.014346664771437645,0.04259846732020378,1.5
broad__calru__t2__lr0p01_eta1000_i50__seed10,calru,CA-LRU,t2,10,True,0.004256655462086201,topology-specific validation-selected,0.012880444526672363,velocity,velocity_x2,2.0x,2.0,,variable_sparsity,0.06435975432395935,True,1.0,1.4958068132400513,128,0.10001718997955322,0.06743733584880829,0.012868798337876797,0.11360085010528564,0.03723127394914627,0.11563669890165329,0.03782232105731964,0.11563669890165329,0.03782232105731964,0.06667977571487427,0.11360085010528564,0.02148953080177307,0.15142664313316345,2.0
refine__calru__t2__lr0p01_eta1000_i50__seed11,calru,CA-LRU,t2,11,True,0.010683359578251839,topology-specific validation-selected,0.1350007951259613,combined,combined_h1024_x1p5,"T=1024, 1.5x",T1024_1.5x,,variable_sparsity,0.1900877058506012,True,1.0,1.6279666423797607,1024,0.665020763874054,0.4831084609031677,0.076433464884758,0.7471072673797607,0.5534132719039917,0.7495214939117432,0.5553731322288513,0.7495214939117432,0.5553731322288513,0.41131871938705444,0.7471072673797607,0.3118451237678528,0.8760716319084167,1.5
refine__calru__t2__lr0p01_eta1000_i50__seed11,calru,CA-LRU,t2,11,True,0.010683359578251839,topology-specific validation-selected,0.27961862087249756,combined,combined_h1024_x2,"T=1024, 2.0x",T1024_2.0x,,variable_sparsity,0.45204833149909973,True,1.0,1.6543196439743042,1024,1.107572317123413,0.7984462380409241,0.13013026118278503,1.1752924919128418,1.0941838026046753,1.1734592914581299,1.1045445203781128,1.1734592914581299,1.1045445203781128,0.7135791778564453,1.1752924919128418,0.6852884888648987,1.2895240783691406,2.0
refine__calru__t2__lr0p01_eta1000_i50__seed11,calru,CA-LRU,t2,11,True,0.010683359578251839,topology-specific validation-selected,0.0004814184212591499,dwell,dwell_block64,64-step middle blank,middle_blank_64,,variable_sparsity,0.023742591962218285,True,1.0,1.2712488174438477,128,0.02780063822865486,0.024883650243282318,0.00886625424027443,0.03084266185760498,0.025582388043403625,0.030958782881498337,0.026127904653549194,0.030958782881498337,0.026127904653549194,0.024172265082597733,0.03084266185760498,0.02129688486456871,0.04326740279793739,1.0
refine__calru__t2__lr0p01_eta1000_i50__seed11,calru,CA-LRU,t2,11,True,0.010683359578251839,topology-specific validation-selected,0.0015718918293714523,dwell,dwell_dense,dense,dense,,dense,,True,1.0,1.5411663055419922,128,0.059211134910583496,0.041277289390563965,0.009421290829777718,0.06246944144368172,0.04772985726594925,0.06249910220503807,0.04667741805315018,0.06249910593032837,0.04667741805315018,0.041277289390563965,0.06246944144368172,0.033488694578409195,0.07764387130737305,1.0
refine__calru__t2__lr0p01_eta1000_i50__seed11,calru,CA-LRU,t2,11,True,0.010683359578251839,topology-specific validation-selected,0.00038157548988237977,dwell,dwell_p0p25,active p=0.25,0.25,,fixed_probability,0.020432086661458015,True,1.0,1.0632719993591309,128,0.02530299872159958,0.020829778164625168,0.009247048757970333,0.02663690596818924,0.021974096074700356,0.026906093582510948,0.02214904874563217,0.026906095445156097,0.02214904874563217,0.020532188937067986,0.02663690596818924,0.018755273893475533,0.035487547516822815,1.0
refine__calru__t2__lr0p01_eta1000_i50__seed11,calru,CA-LRU,t2,11,True,0.010683359578251839,topology-specific validation-selected,0.0006989964749664068,dwell,dwell_p0p50,active p=0.50,0.5,,fixed_probability,0.027305535972118378,True,1.0,1.3930611610412598,128,0.03705772012472153,0.027850139886140823,0.009125418961048126,0.0392216295003891,0.03072613663971424,0.03939316049218178,0.031694307923316956,0.03939317166805267,0.031694307923316956,0.02758036181330681,0.0392216295003891,0.022403869777917862,0.050514496862888336,1.0
refine__calru__t2__lr0p01_eta1000_i50__seed11,calru,CA-LRU,t2,11,True,0.010683359578251839,topology-specific validation-selected,0.0010358969448134303,dwell,dwell_p0p75,active p=0.75,0.75,,fixed_probability,0.033873364329338074,True,1.0,1.492414951324463,128,0.047446005046367645,0.03413429111242294,0.008889148011803627,0.05087313428521156,0.038591619580984116,0.05112072080373764,0.03905565291643143,0.05112071707844734,0.03905565291643143,0.034069374203681946,0.05087313428521156,0.027256403118371964,0.062144044786691666,1.0
refine__calru__t2__lr0p01_eta1000_i50__seed11,calru,CA-LRU,t2,11,True,0.010683359578251839,topology-specific validation-selected,0.001040756469592452,id,id_h128,ID T=128,128,,variable_sparsity,0.023813897743821144,True,1.0,1.3622474670410156,128,0.046094320714473724,0.03661109134554863,0.009166190400719643,0.048643868416547775,0.036335255950689316,0.04888016730546951,0.03762583062052727,0.04888016730546951,0.03762583062052727,0.03346100077033043,0.048643868416547775,0.027873389422893524,0.06477588415145874,1.0
refine__calru__t2__lr0p01_eta1000_i50__seed11,calru,CA-LRU,t2,11,True,0.010683359578251839,topology-specific validation-selected,0.0436757430434227,length,length_h1024,T=1024,1024,,variable_sparsity,0.07703349739313126,True,1.0,1.6176867485046387,1024,0.3365776538848877,0.2286345362663269,0.0328853577375412,0.38420435786247253,0.21278057992458344,0.3851853013038635,0.21465975046157837,0.3851853013038635,0.21465975046157837,0.1914924681186676,0.38420435786247253,0.12218517810106277,0.41093090176582336,1.0
refine__calru__t2__lr0p01_eta1000_i50__seed11,calru,CA-LRU,t2,11,True,0.010683359578251839,topology-specific validation-selected,0.11540529131889343,length,length_h2048,T=2048,2048,,variable_sparsity,0.14479303359985352,True,1.0,1.646860122680664,2048,0.6273698806762695,0.439563125371933,0.06083285063505173,0.7080877423286438,0.4933883547782898,0.707969069480896,0.4878014624118805,0.707969069480896,0.4878014624118805,0.3672885298728943,0.7080877423286438,0.2714283764362335,0.7937784790992737,1.0
refine__calru__t2__lr0p01_eta1000_i50__seed11,calru,CA-LRU,t2,11,True,0.010683359578251839,topology-specific validation-selected,0.002440772019326687,length,length_h256,T=256,256,,variable_sparsity,0.03193923830986023,True,1.0,1.46852445602417,256,0.07164560258388519,0.053729988634586334,0.010788904502987862,0.08208681643009186,0.058951590210199356,0.08243215829133987,0.05974125862121582,0.08243215084075928,0.05974125862121582,0.04839036613702774,0.08208681643009186,0.040067948400974274,0.0949491560459137,1.0
refine__calru__t2__lr0p01_eta1000_i50__seed11,calru,CA-LRU,t2,11,True,0.010683359578251839,topology-specific validation-selected,0.010875817388296127,length,length_h512,T=512,512,,variable_sparsity,0.04580487683415413,True,1.0,1.5606231689453125,512,0.15961843729019165,0.10514146089553833,0.017865080386400223,0.19166608154773712,0.11848855018615723,0.19223469495773315,0.11990763992071152,0.19223469495773315,0.11990762501955032,0.09059207141399384,0.19166608154773712,0.06718696653842926,0.17248240113258362,1.0
refine__calru__t2__lr0p01_eta1000_i50__seed11,calru,CA-LRU,t2,11,True,0.010683359578251839,topology-specific validation-selected,0.0009663074743002653,smoothness,smooth_l0p5,GP ell=0.5,0.5,,variable_sparsity,0.022847063839435577,True,0.5,1.3333122730255127,128,0.044008638709783554,0.03486918658018112,0.008874674327671528,0.048628319054841995,0.03762629255652428,0.04906090721487999,0.036969006061553955,0.04906091094017029,0.036969006061553955,0.03190988302230835,0.048628319054841995,0.026386333629488945,0.05861687660217285,1.0
refine__calru__t2__lr0p01_eta1000_i50__seed11,calru,CA-LRU,t2,11,True,0.010683359578251839,topology-specific validation-selected,0.0011270903050899506,smoothness,smooth_l2,GP ell=2.0,2.0,,variable_sparsity,0.025154318660497665,True,2.0,1.384145736694336,128,0.0499701127409935,0.03769015893340111,0.009212860837578773,0.05584140866994858,0.04213949665427208,0.056135669350624084,0.04219780117273331,0.05613567307591438,0.04219780117273331,0.03460440784692764,0.05584140866994858,0.028362225741147995,0.06713791936635971,1.0
refine__calru__t2__lr0p01_eta1000_i50__seed11,calru,CA-LRU,t2,11,True,0.010683359578251839,topology-specific validation-selected,0.0003648998390417546,velocity,velocity_x0p5,0.5x,0.5,,variable_sparsity,0.017029985785484314,True,1.0,1.1714093685150146,128,0.02513851784169674,0.02149556763470173,0.008970189839601517,0.02622199058532715,0.020958134904503822,0.026418890804052353,0.02148035727441311,0.026418890804052353,0.02148035727441311,0.020396344363689423,0.02622199058532715,0.018285777419805527,0.03788029029965401,0.5
refine__calru__t2__lr0p01_eta1000_i50__seed11,calru,CA-LRU,t2,11,True,0.010683359578251839,topology-specific validation-selected,0.004270889330655336,velocity,velocity_x1p5,1.5x,1.5,,variable_sparsity,0.043706826865673065,True,1.0,1.4481725692749023,128,0.08526377379894257,0.06128682568669319,0.011349763721227646,0.09465285390615463,0.06320957839488983,0.095085009932518,0.06255541741847992,0.095085009932518,0.06255541741847992,0.056959427893161774,0.09465285390615463,0.03938478231430054,0.11101866513490677,1.5
refine__calru__t2__lr0p01_eta1000_i50__seed11,calru,CA-LRU,t2,11,True,0.010683359578251839,topology-specific validation-selected,0.02226170152425766,velocity,velocity_x2,2.0x,2.0,,variable_sparsity,0.10536947846412659,True,1.0,1.4958068132400513,128,0.1787761002779007,0.12204326689243317,0.018337953835725784,0.19609561562538147,0.08890779316425323,0.1964561492204666,0.08711744099855423,0.1964561492204666,0.08711730688810349,0.11793893575668335,0.19609561562538147,0.05527935177087784,0.28604018688201904,2.0
refine__calru__t2__lr0p01_eta1000_i50__seed12,calru,CA-LRU,t2,12,True,0.006148263346403837,topology-specific validation-selected,0.022807160392403603,combined,combined_h1024_x1p5,"T=1024, 1.5x",T1024_1.5x,,variable_sparsity,0.08587338775396347,True,1.0,1.6279666423797607,1024,0.2295127511024475,0.1588306427001953,0.030773069709539413,0.2628370523452759,0.18210449814796448,0.26383423805236816,0.1864824742078781,0.26383423805236816,0.1864824742078781,0.14095620810985565,0.2628370523452759,0.09928280860185623,0.2375277280807495,1.5
refine__calru__t2__lr0p01_eta1000_i50__seed12,calru,CA-LRU,t2,12,True,0.006148263346403837,topology-specific validation-selected,0.11562056839466095,combined,combined_h1024_x2,"T=1024, 2.0x",T1024_2.0x,,variable_sparsity,0.26842033863067627,True,1.0,1.6543196439743042,1024,0.616885244846344,0.41853392124176025,0.07748030871152878,0.6742571592330933,0.4132436215877533,0.6751053333282471,0.4125708043575287,0.6751053333282471,0.4125708043575287,0.3817563056945801,0.6742571592330933,0.22138729691505432,1.0095161199569702,2.0
refine__calru__t2__lr0p01_eta1000_i50__seed12,calru,CA-LRU,t2,12,True,0.006148263346403837,topology-specific validation-selected,0.00011392191663617268,dwell,dwell_block64,64-step middle blank,middle_blank_64,,variable_sparsity,0.011523661203682423,True,1.0,1.2712488174438477,128,0.014118338003754616,0.012752444483339787,0.0038440616335719824,0.016608847305178642,0.01401083916425705,0.01660960353910923,0.014002501033246517,0.01660960353910923,0.014002501033246517,0.011986367404460907,0.016608847305178642,0.010400401428341866,0.019960854202508926,1.0
refine__calru__t2__lr0p01_eta1000_i50__seed12,calru,CA-LRU,t2,12,True,0.006148263346403837,topology-specific validation-selected,0.0004953687312081456,dwell,dwell_dense,dense,dense,,dense,,True,1.0,1.5411663055419922,128,0.03416192904114723,0.02290516346693039,0.004668567795306444,0.03723561763763428,0.028307456523180008,0.037648819386959076,0.02982301451265812,0.037648819386959076,0.02982301451265812,0.02290516346693039,0.03723561763763428,0.01870596408843994,0.04098702594637871,1.0
refine__calru__t2__lr0p01_eta1000_i50__seed12,calru,CA-LRU,t2,12,True,0.006148263346403837,topology-specific validation-selected,9.785512520466e-05,dwell,dwell_p0p25,active p=0.25,0.25,,fixed_probability,0.010994751937687397,True,1.0,1.0632719993591309,128,0.013512042351067066,0.010919139720499516,0.0037693523336201906,0.014074543491005898,0.01159240584820509,0.014464432373642921,0.012720318511128426,0.014464432373642921,0.012720318511128426,0.01097572036087513,0.014074543491005898,0.00971427746117115,0.018192924559116364,1.0
refine__calru__t2__lr0p01_eta1000_i50__seed12,calru,CA-LRU,t2,12,True,0.006148263346403837,topology-specific validation-selected,0.00014995504170656204,dwell,dwell_p0p50,active p=0.50,0.5,,fixed_probability,0.013472862541675568,True,1.0,1.3930611610412598,128,0.018078388646245003,0.013707239180803299,0.004088149406015873,0.019568074494600296,0.0171334370970726,0.020135248079895973,0.017007766291499138,0.020135248079895973,0.017007766291499138,0.01359113771468401,0.019568074494600296,0.012333937920629978,0.022360436618328094,1.0
refine__calru__t2__lr0p01_eta1000_i50__seed12,calru,CA-LRU,t2,12,True,0.006148263346403837,topology-specific validation-selected,0.00024616249720565975,dwell,dwell_p0p75,active p=0.75,0.75,,fixed_probability,0.0169249065220356,True,1.0,1.492414951324463,128,0.024499855935573578,0.017277156934142113,0.004168654792010784,0.02658603899180889,0.023292502388358116,0.02694595605134964,0.023716984316706657,0.02694595605134964,0.023716984316706657,0.01718951389193535,0.02658603899180889,0.014835914596915245,0.029757220298051834,1.0
refine__calru__t2__lr0p01_eta1000_i50__seed12,calru,CA-LRU,t2,12,True,0.006148263346403837,topology-specific validation-selected,0.0003117424785159528,id,id_h128,ID T=128,128,,variable_sparsity,0.012410392053425312,True,1.0,1.3622474670410156,128,0.02614259161055088,0.020115762948989868,0.004332614131271839,0.0285229180008173,0.02203463390469551,0.028989683836698532,0.02212844043970108,0.028989683836698532,0.02212844043970108,0.018219048157334328,0.0285229180008173,0.01485432405024767,0.0323202908039093,1.0
refine__calru__t2__lr0p01_eta1000_i50__seed12,calru,CA-LRU,t2,12,True,0.006148263346403837,topology-specific validation-selected,0.004431457258760929,length,length_h1024,T=1024,1024,,variable_sparsity,0.03660242632031441,True,1.0,1.6176867485046387,1024,0.0976487323641777,0.07746484875679016,0.01291842944920063,0.1055334061384201,0.07830243557691574,0.10578891634941101,0.0799209326505661,0.10578891634941101,0.0799209326505661,0.06745360046625137,0.1055334061384201,0.05482252687215805,0.12783589959144592,1.0
refine__calru__t2__lr0p01_eta1000_i50__seed12,calru,CA-LRU,t2,12,True,0.006148263346403837,topology-specific validation-selected,0.01126537099480629,length,length_h2048,T=2048,2048,,variable_sparsity,0.06510181725025177,True,1.0,1.646860122680664,2048,0.17634010314941406,0.1233019307255745,0.022550707682967186,0.20231224596500397,0.16698221862316132,0.2023850828409195,0.16728271543979645,0.2023850828409195,0.16728271543979645,0.10903185606002808,0.20231224596500397,0.09226596355438232,0.19706109166145325,1.0
refine__calru__t2__lr0p01_eta1000_i50__seed12,calru,CA-LRU,t2,12,True,0.006148263346403837,topology-specific validation-selected,0.0007994354236871004,length,length_h256,T=256,256,,variable_sparsity,0.017315395176410675,True,1.0,1.46852445602417,256,0.042567864060401917,0.03165188804268837,0.005147361196577549,0.04695455729961395,0.03554932773113251,0.04724787548184395,0.03625308349728584,0.04724787548184395,0.03625308349728584,0.028138861060142517,0.04695455729961395,0.02288972958922386,0.05124438554048538,1.0
refine__calru__t2__lr0p01_eta1000_i50__seed12,calru,CA-LRU,t2,12,True,0.006148263346403837,topology-specific validation-selected,0.0021484186872839928,length,length_h512,T=512,512,,variable_sparsity,0.024939697235822678,True,1.0,1.5606231689453125,512,0.06826753914356232,0.05170285701751709,0.007691758219152689,0.07275934517383575,0.05379899591207504,0.07271178811788559,0.053149525076150894,0.07271178811788559,0.053149525076150894,0.04514050483703613,0.07275934517383575,0.03443356603384018,0.08614837378263474,1.0
refine__calru__t2__lr0p01_eta1000_i50__seed12,calru,CA-LRU,t2,12,True,0.006148263346403837,topology-specific validation-selected,0.0002662226324900985,smoothness,smooth_l0p5,GP ell=0.5,0.5,,variable_sparsity,0.01163861807435751,True,0.5,1.3333122730255127,128,0.023552343249320984,0.01867280900478363,0.004273482598364353,0.02523200213909149,0.019781457260251045,0.025510087609291077,0.02017761766910553,0.025510087609291077,0.02017761766910553,0.016941310837864876,0.02523200213909149,0.013669243082404137,0.031726133078336716,1.0
refine__calru__t2__lr0p01_eta1000_i50__seed12,calru,CA-LRU,t2,12,True,0.006148263346403837,topology-specific validation-selected,0.0003616627072915435,smoothness,smooth_l2,GP ell=2.0,2.0,,variable_sparsity,0.012622683309018612,True,2.0,1.384145736694336,128,0.028423750773072243,0.021227309480309486,0.004431380890309811,0.03123086504638195,0.020564284175634384,0.03165936470031738,0.021788332611322403,0.03165936470031738,0.021788332611322403,0.019109239801764488,0.03123086504638195,0.014144143089652061,0.037863366305828094,1.0
refine__calru__t2__lr0p01_eta1000_i50__seed12,calru,CA-LRU,t2,12,True,0.006148263346403837,topology-specific validation-selected,0.00010759547876659781,velocity,velocity_x0p5,0.5x,0.5,,variable_sparsity,0.009050847962498665,True,1.0,1.1714093685150146,128,0.014818459749221802,0.012187657877802849,0.0036900248378515244,0.015977784991264343,0.013559147715568542,0.016486087813973427,0.01435778196901083,0.016486087813973427,0.01435778196901083,0.011415516957640648,0.015977784991264343,0.010083569213747978,0.01948367804288864,0.5
refine__calru__t2__lr0p01_eta1000_i50__seed12,calru,CA-LRU,t2,12,True,0.006148263346403837,topology-specific validation-selected,0.0010274536907672882,velocity,velocity_x1p5,1.5x,1.5,,variable_sparsity,0.021097373217344284,True,1.0,1.4481725692749023,128,0.04248503968119621,0.031762342900037766,0.006121882703155279,0.04600419104099274,0.0289805568754673,0.04656529799103737,0.029947062954306602,0.04656529799103737,0.029947062954306602,0.029137108474969864,0.04600419104099274,0.02027912065386772,0.06297418475151062,1.5
refine__calru__t2__lr0p01_eta1000_i50__seed12,calru,CA-LRU,t2,12,True,0.006148263346403837,topology-specific validation-selected,0.00890536792576313,velocity,velocity_x2,2.0x,2.0,,variable_sparsity,0.05809931457042694,True,1.0,1.4958068132400513,128,0.09733027219772339,0.06582222878932953,0.012236170470714569,0.11140531301498413,0.04419239982962608,0.11393600702285767,0.04541183263063431,0.11393600702285767,0.04541183263063431,0.06392119824886322,0.11140531301498413,0.028041347861289978,0.15620918571949005,2.0
pilot__rnn__s2__seed10,rnn,RNN,s2,10,False,0.2955823242664337,ring-selected zero-retuning,0.3727968633174896,combined,combined_h1024_x1p5,"T=1024, 1.5x",T1024_1.5x,,variable_sparsity,1.369194507598877,True,1.0,1.5011184215545654,1024,1.5267225503921509,1.4007456302642822,0.5074338912963867,1.5396826267242432,1.4923374652862549,1.5934339761734009,1.6254361867904663,1.5745985507965088,1.594307541847229,1.393015742301941,1.5396826267242432,1.3953065872192383,1.848584532737732,1.5
pilot__rnn__s2__seed10,rnn,RNN,s2,10,False,0.2955823242664337,ring-selected zero-retuning,0.3803868889808655,combined,combined_h1024_x2,"T=1024, 2.0x",T1024_2.0x,,variable_sparsity,1.4641380310058594,True,1.0,1.5028951168060303,1024,1.6059942245483398,1.4585398435592651,0.5469173192977905,1.635848879814148,1.643094539642334,1.5202131271362305,1.4531607627868652,1.5031273365020752,1.4874955415725708,1.459911584854126,1.635848879814148,1.4814262390136719,1.8417892456054688,2.0
pilot__rnn__s2__seed10,rnn,RNN,s2,10,False,0.2955823242664337,ring-selected zero-retuning,0.21788154542446136,dwell,dwell_block64,64-step middle blank,middle_blank_64,,variable_sparsity,0.8522494435310364,True,1.0,1.157697081565857,128,1.1765673160552979,0.9648275971412659,0.4639182686805725,1.2399091720581055,1.1687425374984741,1.3162777423858643,1.2313438653945923,1.376914381980896,1.3304158449172974,0.8946415185928345,1.2399091720581055,0.8738081455230713,1.475998878479004,1.0
pilot__rnn__s2__seed10,rnn,RNN,s2,10,False,0.2955823242664337,ring-selected zero-retuning,0.2407178282737732,dwell,dwell_dense,dense,dense,,dense,,True,1.0,1.3137948513031006,128,1.1455514430999756,1.0050793886184692,0.48834189772605896,1.136845588684082,1.0985677242279053,1.2780624628067017,1.159968614578247,1.414480447769165,1.3782932758331299,1.0050793886184692,1.136845588684082,1.0351189374923706,1.4358917474746704,1.0
pilot__rnn__s2__seed10,rnn,RNN,s2,10,False,0.2955823242664337,ring-selected zero-retuning,0.17844054102897644,dwell,dwell_p0p25,active p=0.25,0.25,,fixed_probability,0.734933078289032,True,1.0,1.1387076377868652,128,0.998914897441864,0.7672943472862244,0.4643431007862091,1.0826501846313477,1.0121703147888184,1.1938376426696777,1.0881342887878418,1.3853282928466797,1.326061487197876,0.7430786490440369,1.0826501846313477,0.6920918226242065,1.1936348676681519,1.0
pilot__rnn__s2__seed10,rnn,RNN,s2,10,False,0.2955823242664337,ring-selected zero-retuning,0.22027456760406494,dwell,dwell_p0p50,active p=0.50,0.5,,fixed_probability,0.8991939425468445,True,1.0,1.2634965181350708,128,1.1572754383087158,0.9088419079780579,0.5182392001152039,1.2089461088180542,1.1327661275863647,1.2047151327133179,1.1792080402374268,1.3597652912139893,1.3107540607452393,0.9040626287460327,1.2089461088180542,0.8905373215675354,1.359981656074524,1.0
pilot__rnn__s2__seed10,rnn,RNN,s2,10,False,0.2955823242664337,ring-selected zero-retuning,0.23084917664527893,dwell,dwell_p0p75,active p=0.75,0.75,,fixed_probability,0.9432269930839539,True,1.0,1.2911617755889893,128,1.1437525749206543,0.9674147367477417,0.511001467704773,1.185217022895813,1.1223759651184082,1.284399390220642,1.2089898586273193,1.3909239768981934,1.3418362140655518,0.9613965749740601,1.185217022895813,0.9685666561126709,1.444580316543579,1.0
pilot__rnn__s2__seed10,rnn,RNN,s2,10,False,0.2955823242664337,ring-selected zero-retuning,0.21677707135677338,id,id_h128,ID T=128,128,,variable_sparsity,0.710083544254303,True,1.0,1.196302056312561,128,1.0647008419036865,0.9687785506248474,0.47537001967430115,1.0922061204910278,1.0211207866668701,1.2185895442962646,1.158373475074768,1.4048690795898438,1.3794747591018677,0.9050995111465454,1.0922061204910278,0.9280095100402832,1.4024394750595093,1.0
pilot__rnn__s2__seed10,rnn,RNN,s2,10,False,0.2955823242664337,ring-selected zero-retuning,0.3784019947052002,length,length_h1024,T=1024,1024,,variable_sparsity,1.353962779045105,True,1.0,1.5051929950714111,1024,1.5935280323028564,1.42539381980896,0.504029393196106,1.6049009561538696,1.5958894491195679,1.575439453125,1.5236961841583252,1.6007097959518433,1.5579818487167358,1.407893419265747,1.6049009561538696,1.414792776107788,1.8882160186767578,1.0
pilot__rnn__s2__seed10,rnn,RNN,s2,10,False,0.2955823242664337,ring-selected zero-retuning,0.4157736897468567,length,length_h2048,T=2048,2048,,variable_sparsity,1.4455108642578125,True,1.0,1.54164457321167,2048,1.574042558670044,1.5130354166030884,0.48278868198394775,1.5314183235168457,1.5420799255371094,1.5625463724136353,1.5288121700286865,1.551992654800415,1.5201789140701294,1.4964790344238281,1.5314183235168457,1.5121819972991943,1.9578790664672852,1.0
pilot__rnn__s2__seed10,rnn,RNN,s2,10,False,0.2955823242664337,ring-selected zero-retuning,0.25786107778549194,length,length_h256,T=256,256,,variable_sparsity,0.9354031682014465,True,1.0,1.3367786407470703,256,1.2617747783660889,1.1010384559631348,0.5127451419830322,1.3181977272033691,1.2944631576538086,1.366670846939087,1.3197193145751953,1.4314076900482178,1.395694375038147,1.0604510307312012,1.3181977272033691,1.080265998840332,1.5242056846618652,1.0
pilot__rnn__s2__seed10,rnn,RNN,s2,10,False,0.2955823242664337,ring-selected zero-retuning,0.31351497769355774,length,length_h512,T=512,512,,variable_sparsity,1.155523419380188,True,1.0,1.4333817958831787,512,1.454321026802063,1.2585150003433228,0.5216189622879028,1.4778931140899658,1.399665117263794,1.503218412399292,1.4799871444702148,1.456343412399292,1.4470990896224976,1.2332613468170166,1.4778931140899658,1.2319188117980957,1.6923902034759521,1.0
pilot__rnn__s2__seed10,rnn,RNN,s2,10,False,0.2955823242664337,ring-selected zero-retuning,0.24221456050872803,smoothness,smooth_l0p5,GP ell=0.5,0.5,,variable_sparsity,0.7650066018104553,True,0.5,1.2707858085632324,128,1.2459982633590698,1.0766059160232544,0.5163536667823792,1.305427074432373,1.2342529296875,1.3335585594177246,1.2838871479034424,1.375510811805725,1.3003089427947998,0.999904215335846,1.305427074432373,0.9886511564254761,1.5056567192077637,1.0
pilot__rnn__s2__seed10,rnn,RNN,s2,10,False,0.2955823242664337,ring-selected zero-retuning,0.21387621760368347,smoothness,smooth_l2,GP ell=2.0,2.0,,variable_sparsity,0.7333188652992249,True,2.0,1.1337003707885742,128,1.0667264461517334,0.9454641342163086,0.4600600004196167,1.0816607475280762,1.0468088388442993,1.1862120628356934,1.0722434520721436,1.343991994857788,1.2156683206558228,0.8932435512542725,1.0816607475280762,0.9376278519630432,1.3542218208312988,1.0
pilot__rnn__s2__seed10,rnn,RNN,s2,10,False,0.2955823242664337,ring-selected zero-retuning,0.18737606704235077,velocity,velocity_x0p5,0.5x,0.5,,variable_sparsity,0.5825064778327942,True,1.0,1.1049447059631348,128,1.0499564409255981,0.8486829996109009,0.46103987097740173,1.0744231939315796,0.9816920161247253,1.2026560306549072,1.161622405052185,1.336183786392212,1.249094843864441,0.7831623554229736,1.0744231939315796,0.7784457802772522,1.217038869857788,0.5
pilot__rnn__s2__seed10,rnn,RNN,s2,10,False,0.2955823242664337,ring-selected zero-retuning,0.24262535572052002,velocity,velocity_x1p5,1.5x,1.5,,variable_sparsity,0.8303809762001038,True,1.0,1.2319731712341309,128,1.1501991748809814,1.0678507089614868,0.48792171478271484,1.1752275228500366,1.1232528686523438,1.3584210872650146,1.3121331930160522,1.495924472808838,1.4734469652175903,1.0093964338302612,1.1752275228500366,1.0290194749832153,1.5394338369369507,1.5
pilot__rnn__s2__seed10,rnn,RNN,s2,10,False,0.2955823242664337,ring-selected zero-retuning,0.26052212715148926,velocity,velocity_x2,2.0x,2.0,,variable_sparsity,0.9018130302429199,True,1.0,1.2675329446792603,128,1.202183485031128,1.1347297430038452,0.5083488821983337,1.2323262691497803,1.1574195623397827,1.362426996231079,1.2636504173278809,1.4329307079315186,1.4128443002700806,1.0773961544036865,1.2323262691497803,1.120377779006958,1.5827988386154175,2.0
pilot__rnn__s2__seed11,rnn,RNN,s2,11,False,0.33671221137046814,ring-selected zero-retuning,0.3433353900909424,combined,combined_h1024_x1p5,"T=1024, 1.5x",T1024_1.5x,,variable_sparsity,1.469249963760376,True,1.0,1.5011184215545654,1024,1.5621757507324219,1.4342607259750366,0.6651265621185303,1.5396777391433716,1.541500449180603,1.5794520378112793,1.6303023099899292,1.577463150024414,1.611364483833313,1.4428331851959229,1.5396777391433716,1.471604824066162,1.8286397457122803,1.5
pilot__rnn__s2__seed11,rnn,RNN,s2,11,False,0.33671221137046814,ring-selected zero-retuning,0.3651944100856781,combined,combined_h1024_x2,"T=1024, 2.0x",T1024_2.0x,,variable_sparsity,1.4675685167312622,True,1.0,1.5028951168060303,1024,1.5692150592803955,1.4820181131362915,0.6417124271392822,1.5681798458099365,1.5928362607955933,1.6606082916259766,1.697095274925232,1.657078742980957,1.6199188232421875,1.478477954864502,1.5681798458099365,1.4897589683532715,1.8112773895263672,2.0
pilot__rnn__s2__seed11,rnn,RNN,s2,11,False,0.33671221137046814,ring-selected zero-retuning,0.2628391683101654,dwell,dwell_block64,64-step middle blank,middle_blank_64,,variable_sparsity,1.1254889965057373,True,1.0,1.157697081565857,128,1.328965187072754,1.084377408027649,0.6511269807815552,1.3894298076629639,1.3513569831848145,1.5069997310638428,1.4635146856307983,1.5149357318878174,1.4721641540527344,1.1100082397460938,1.3894298076629639,1.058837652206421,1.7108592987060547,1.0
pilot__rnn__s2__seed11,rnn,RNN,s2,11,False,0.33671221137046814,ring-selected zero-retuning,0.26029568910598755,dwell,dwell_dense,dense,dense,,dense,,True,1.0,1.3137948513031006,128,1.2225849628448486,1.0944838523864746,0.5522729158401489,1.2389492988586426,1.1641935110092163,1.5526350736618042,1.4676095247268677,1.5520353317260742,1.4727447032928467,1.0944838523864746,1.2389492988586426,1.1190249919891357,1.549839735031128,1.0
pilot__rnn__s2__seed11,rnn,RNN,s2,11,False,0.33671221137046814,ring-selected zero-retuning,0.24510154128074646,dwell,dwell_p0p25,active p=0.25,0.25,,fixed_probability,1.0629246234893799,True,1.0,1.1387076377868652,128,1.4618723392486572,1.0732121467590332,0.5972921848297119,1.4992265701293945,1.4642313718795776,1.5422955751419067,1.543110728263855,1.5415520668029785,1.5177556276321411,1.065514087677002,1.4992265701293945,1.0265164375305176,1.604806900024414,1.0
pilot__rnn__s2__seed11,rnn,RNN,s2,11,False,0.33671221137046814,ring-selected zero-retuning,0.25707733631134033,dwell,dwell_p0p50,active p=0.50,0.5,,fixed_probability,1.0878702402114868,True,1.0,1.2634965181350708,128,1.3246575593948364,1.096232295036316,0.6155490875244141,1.322713851928711,1.2960819005966187,1.4976439476013184,1.4938631057739258,1.4840397834777832,1.476218342781067,1.0920898914337158,1.322713851928711,1.1061317920684814,1.5565017461776733,1.0
pilot__rnn__s2__seed11,rnn,RNN,s2,11,False,0.33671221137046814,ring-selected zero-retuning,0.25445756316185,dwell,dwell_p0p75,active p=0.75,0.75,,fixed_probability,1.0611374378204346,True,1.0,1.2911617755889893,128,1.251207947731018,1.087442398071289,0.585951566696167,1.2888548374176025,1.1693297624588013,1.512416958808899,1.4413337707519531,1.5310614109039307,1.477257490158081,1.080897331237793,1.2888548374176025,1.0924205780029297,1.5603313446044922,1.0
pilot__rnn__s2__seed11,rnn,RNN,s2,11,False,0.33671221137046814,ring-selected zero-retuning,0.2504821717739105,id,id_h128,ID T=128,128,,variable_sparsity,0.9686813354492188,True,1.0,1.196302056312561,128,1.2063744068145752,1.0800487995147705,0.568651020526886,1.273293375968933,1.1725393533706665,1.4956181049346924,1.4402658939361572,1.492963433265686,1.429307460784912,1.0526351928710938,1.273293375968933,1.0870826244354248,1.5241284370422363,1.0
pilot__rnn__s2__seed11,rnn,RNN,s2,11,False,0.33671221137046814,ring-selected zero-retuning,0.3448758125305176,length,length_h1024,T=1024,1024,,variable_sparsity,1.4898486137390137,True,1.0,1.5051929950714111,1024,1.5991950035095215,1.4618971347808838,0.7033342123031616,1.5878093242645264,1.5008082389831543,1.578948736190796,1.481980323791504,1.572007179260254,1.517913579940796,1.468745231628418,1.5878093242645264,1.4824295043945312,1.8403071165084839,1.0
pilot__rnn__s2__seed11,rnn,RNN,s2,11,False,0.33671221137046814,ring-selected zero-retuning,0.35230153799057007,length,length_h2048,T=2048,2048,,variable_sparsity,1.5200438499450684,True,1.0,1.54164457321167,2048,1.559433937072754,1.504086971282959,0.7237931489944458,1.6279228925704956,1.6327564716339111,1.6318786144256592,1.650554895401001,1.6254760026931763,1.6200557947158813,1.5079994201660156,1.6279228925704956,1.4975981712341309,1.7911887168884277,1.0
pilot__rnn__s2__seed11,rnn,RNN,s2,11,False,0.33671221137046814,ring-selected zero-retuning,0.28210604190826416,length,length_h256,T=256,256,,variable_sparsity,1.1398022174835205,True,1.0,1.3367786407470703,256,1.331012487411499,1.1946814060211182,0.6356172561645508,1.3900749683380127,1.294380784034729,1.546241044998169,1.5612467527389526,1.557381272315979,1.562676191329956,1.1812337636947632,1.3900749683380127,1.2139172554016113,1.6213817596435547,1.0
pilot__rnn__s2__seed11,rnn,RNN,s2,11,False,0.33671221137046814,ring-selected zero-retuning,0.31920894980430603,length,length_h512,T=512,512,,variable_sparsity,1.3378537893295288,True,1.0,1.4333817958831787,512,1.538877248764038,1.3413528203964233,0.673943281173706,1.5549876689910889,1.5076349973678589,1.5755643844604492,1.5693825483322144,1.5702341794967651,1.5543208122253418,1.340494990348816,1.5549876689910889,1.36531662940979,1.7862417697906494,1.0
pilot__rnn__s2__seed11,rnn,RNN,s2,11,False,0.33671221137046814,ring-selected zero-retuning,0.2718786597251892,smoothness,smooth_l0p5,GP ell=0.5,0.5,,variable_sparsity,1.065971851348877,True,0.5,1.2707858085632324,128,1.432981252670288,1.1904877424240112,0.5864675045013428,1.4376022815704346,1.426393985748291,1.5221478939056396,1.5388052463531494,1.5230557918548584,1.492064356803894,1.1598376035690308,1.4376022815704346,1.168459177017212,1.6523921489715576,1.0
pilot__rnn__s2__seed11,rnn,RNN,s2,11,False,0.33671221137046814,ring-selected zero-retuning,0.24106459319591522,smoothness,smooth_l2,GP ell=2.0,2.0,,variable_sparsity,0.9926757216453552,True,2.0,1.1337003707885742,128,1.193515419960022,1.031309962272644,0.5615518093109131,1.2180042266845703,1.1319197416305542,1.5234802961349487,1.4946657419204712,1.5432264804840088,1.5379432439804077,1.021799921989441,1.2180042266845703,1.04928457736969,1.492232084274292,1.0
pilot__rnn__s2__seed11,rnn,RNN,s2,11,False,0.33671221137046814,ring-selected zero-retuning,0.2368858903646469,velocity,velocity_x0p5,0.5x,0.5,,variable_sparsity,0.8771944046020508,True,1.0,1.1049447059631348,128,1.2792959213256836,1.0461891889572144,0.5869666934013367,1.3406586647033691,1.3053572177886963,1.5106401443481445,1.5788068771362305,1.5108000040054321,1.5778347253799438,1.0045902729034424,1.3406586647033691,0.9891891479492188,1.4933900833129883,0.5
pilot__rnn__s2__seed11,rnn,RNN,s2,11,False,0.33671221137046814,ring-selected zero-retuning,0.26475098729133606,velocity,velocity_x1p5,1.5x,1.5,,variable_sparsity,1.0493758916854858,True,1.0,1.2319731712341309,128,1.2754971981048584,1.1436338424682617,0.5604643225669861,1.2895506620407104,1.2622466087341309,1.474727988243103,1.5483304262161255,1.4587814807891846,1.511775255203247,1.1204317808151245,1.2895506620407104,1.1720861196517944,1.602879285812378,1.5
pilot__rnn__s2__seed11,rnn,RNN,s2,11,False,0.33671221137046814,ring-selected zero-retuning,0.274856299161911,velocity,velocity_x2,2.0x,2.0,,variable_sparsity,1.0715293884277344,True,1.0,1.2675329446792603,128,1.2803338766098022,1.1650797128677368,0.556523323059082,1.2904664278030396,1.2467050552368164,1.5031691789627075,1.5417004823684692,1.523249626159668,1.4879872798919678,1.1420518159866333,1.2904664278030396,1.1817973852157593,1.6028907299041748,2.0
pilot__rnn__s2__seed12,rnn,RNN,s2,12,False,0.4194331467151642,ring-selected zero-retuning,0.3402186632156372,combined,combined_h1024_x1p5,"T=1024, 1.5x",T1024_1.5x,,variable_sparsity,1.4773279428482056,True,1.0,1.5011184215545654,1024,1.5633574724197388,1.5249261856079102,0.7918133735656738,1.603917121887207,1.6504961252212524,1.5910013914108276,1.6299999952316284,1.5912799835205078,1.632262945175171,1.513264775276184,1.603917121887207,1.5144177675247192,1.705566167831421,1.5
pilot__rnn__s2__seed12,rnn,RNN,s2,12,False,0.4194331467151642,ring-selected zero-retuning,0.3482019901275635,combined,combined_h1024_x2,"T=1024, 2.0x",T1024_2.0x,,variable_sparsity,1.5092722177505493,True,1.0,1.5028951168060303,1024,1.5668762922286987,1.5303961038589478,0.7579030990600586,1.6034362316131592,1.576154112815857,1.600731611251831,1.5691978931427002,1.6001558303833008,1.5690245628356934,1.5252207517623901,1.6034362316131592,1.5479729175567627,1.709351658821106,2.0
pilot__rnn__s2__seed12,rnn,RNN,s2,12,False,0.4194331467151642,ring-selected zero-retuning,0.3089793622493744,dwell,dwell_block64,64-step middle blank,middle_blank_64,,variable_sparsity,1.3699625730514526,True,1.0,1.157697081565857,128,1.4890038967132568,1.2905076742172241,0.7121454477310181,1.5096004009246826,1.4762706756591797,1.5683845281600952,1.5620298385620117,1.568261981010437,1.5614954233169556,1.340043306350708,1.5096004009246826,1.3188433647155762,1.9887847900390625,1.0
pilot__rnn__s2__seed12,rnn,RNN,s2,12,False,0.4194331467151642,ring-selected zero-retuning,0.3113996386528015,dwell,dwell_dense,dense,dense,,dense,,True,1.0,1.3137948513031006,128,1.4976580142974854,1.3473025560379028,0.698196291923523,1.517587661743164,1.4598281383514404,1.537371277809143,1.4959464073181152,1.5393500328063965,1.525704264640808,1.3473025560379028,1.517587661743164,1.3881468772888184,1.7361438274383545,1.0
pilot__rnn__s2__seed12,rnn,RNN,s2,12,False,0.4194331467151642,ring-selected zero-retuning,0.29364070296287537,dwell,dwell_p0p25,active p=0.25,0.25,,fixed_probability,1.2625194787979126,True,1.0,1.1387076377868652,128,1.542671799659729,1.2803751230239868,0.7178139686584473,1.564110279083252,1.5608618259429932,1.5815730094909668,1.592738151550293,1.5814800262451172,1.592953085899353,1.2670137882232666,1.564110279083252,1.2502312660217285,1.8384716510772705,1.0
pilot__rnn__s2__seed12,rnn,RNN,s2,12,False,0.4194331467151642,ring-selected zero-retuning,0.30463969707489014,dwell,dwell_p0p50,active p=0.50,0.5,,fixed_probability,1.3236185312271118,True,1.0,1.2634965181350708,128,1.493453025817871,1.3266944885253906,0.7148550748825073,1.4942731857299805,1.5165141820907593,1.5403028726577759,1.581774353981018,1.5403800010681152,1.5822973251342773,1.325170636177063,1.4942731857299805,1.350902795791626,1.7547166347503662,1.0
pilot__rnn__s2__seed12,rnn,RNN,s2,12,False,0.4194331467151642,ring-selected zero-retuning,0.30780506134033203,dwell,dwell_p0p75,active p=0.75,0.75,,fixed_probability,1.3326562643051147,True,1.0,1.2911617755889893,128,1.507106065750122,1.3390183448791504,0.7082270383834839,1.5640602111816406,1.531189203262329,1.6013665199279785,1.6339728832244873,1.60178542137146,1.6431612968444824,1.3374354839324951,1.5640602111816406,1.3851089477539062,1.7423310279846191,1.0
pilot__rnn__s2__seed12,rnn,RNN,s2,12,False,0.4194331467151642,ring-selected zero-retuning,0.300240159034729,id,id_h128,ID T=128,128,,variable_sparsity,1.1727133989334106,True,1.0,1.196302056312561,128,1.4724732637405396,1.3252336978912354,0.7047785520553589,1.5069184303283691,1.4414316415786743,1.5098310708999634,1.4764765501022339,1.511351466178894,1.4765942096710205,1.2876899242401123,1.5069184303283691,1.330657958984375,1.7413060665130615,1.0
pilot__rnn__s2__seed12,rnn,RNN,s2,12,False,0.4194331467151642,ring-selected zero-retuning,0.33697542548179626,length,length_h1024,T=1024,1024,,variable_sparsity,1.507779836654663,True,1.0,1.5051929950714111,1024,1.5615437030792236,1.537285566329956,0.8180009126663208,1.5508291721343994,1.6075005531311035,1.5433980226516724,1.5961800813674927,1.5434887409210205,1.5971264839172363,1.5300567150115967,1.5508291721343994,1.535524845123291,1.7306292057037354,1.0
pilot__rnn__s2__seed12,rnn,RNN,s2,12,False,0.4194331467151642,ring-selected zero-retuning,0.3399547040462494,length,length_h2048,T=2048,2048,,variable_sparsity,1.536989688873291,True,1.0,1.54164457321167,2048,1.5781680345535278,1.5537358522415161,0.8274614214897156,1.5670595169067383,1.5499545335769653,1.571904182434082,1.574276328086853,1.5718529224395752,1.5749164819717407,1.549629807472229,1.5670595169067383,1.541117548942566,1.7010657787322998,1.0
pilot__rnn__s2__seed12,rnn,RNN,s2,12,False,0.4194331467151642,ring-selected zero-retuning,0.32045823335647583,length,length_h256,T=256,256,,variable_sparsity,1.385021448135376,True,1.0,1.3367786407470703,256,1.5355815887451172,1.4249894618988037,0.7662754058837891,1.5639100074768066,1.5043768882751465,1.5440726280212402,1.4774914979934692,1.5441217422485352,1.4800280332565308,1.4151957035064697,1.5639100074768066,1.434486985206604,1.753902792930603,1.0
pilot__rnn__s2__seed12,rnn,RNN,s2,12,False,0.4194331467151642,ring-selected zero-retuning,0.33095523715019226,length,length_h512,T=512,512,,variable_sparsity,1.4828860759735107,True,1.0,1.4333817958831787,512,1.579443097114563,1.489289402961731,0.799883246421814,1.60250723361969,1.591383934020996,1.597421646118164,1.5808883905410767,1.5972474813461304,1.5802440643310547,1.4877192974090576,1.60250723361969,1.5037355422973633,1.7736783027648926,1.0
pilot__rnn__s2__seed12,rnn,RNN,s2,12,False,0.4194331467151642,ring-selected zero-retuning,0.30843085050582886,smoothness,smooth_l0p5,GP ell=0.5,0.5,,variable_sparsity,1.2141269445419312,True,0.5,1.2707858085632324,128,1.5600991249084473,1.3781784772872925,0.7033236026763916,1.6068928241729736,1.6052780151367188,1.5866607427597046,1.6862900257110596,1.586944818496704,1.6882987022399902,1.3377964496612549,1.6068928241729736,1.339975118637085,1.823412537574768,1.0
pilot__rnn__s2__seed12,rnn,RNN,s2,12,False,0.4194331467151642,ring-selected zero-retuning,0.2985094487667084,smoothness,smooth_l2,GP ell=2.0,2.0,,variable_sparsity,1.1685452461242676,True,2.0,1.1337003707885742,128,1.456172227859497,1.3088089227676392,0.7037025690078735,1.5368068218231201,1.4873188734054565,1.592401385307312,1.6414157152175903,1.5952292680740356,1.6431865692138672,1.274282455444336,1.5368068218231201,1.3456735610961914,1.7290000915527344,1.0
pilot__rnn__s2__seed12,rnn,RNN,s2,12,False,0.4194331467151642,ring-selected zero-retuning,0.293148010969162,velocity,velocity_x0p5,0.5x,0.5,,variable_sparsity,1.0824675559997559,True,1.0,1.1049447059631348,128,1.4491523504257202,1.301497220993042,0.7144234776496887,1.451387882232666,1.4202075004577637,1.5043649673461914,1.5101948976516724,1.504814624786377,1.5106686353683472,1.2475820779800415,1.451387882232666,1.2684581279754639,1.7265174388885498,0.5
pilot__rnn__s2__seed12,rnn,RNN,s2,12,False,0.4194331467151642,ring-selected zero-retuning,0.3083924949169159,velocity,velocity_x1p5,1.5x,1.5,,variable_sparsity,1.2165180444717407,True,1.0,1.2319731712341309,128,1.488342046737671,1.3448926210403442,0.6902385354042053,1.498928427696228,1.474968671798706,1.5643138885498047,1.5523728132247925,1.567615270614624,1.5545742511749268,1.3132927417755127,1.498928427696228,1.3581135272979736,1.766979694366455,1.5
pilot__rnn__s2__seed12,rnn,RNN,s2,12,False,0.4194331467151642,ring-selected zero-retuning,0.3147340714931488,velocity,velocity_x2,2.0x,2.0,,variable_sparsity,1.2391091585159302,True,1.0,1.2675329446792603,128,1.4715031385421753,1.345558762550354,0.6707097887992859,1.4829541444778442,1.4513496160507202,1.5831255912780762,1.5361716747283936,1.5854177474975586,1.5357228517532349,1.3193554878234863,1.4829541444778442,1.367294192314148,1.739621877670288,2.0
pilot__gru__s2__seed10,gru,GRU,s2,10,False,0.02658451721072197,ring-selected zero-retuning,0.13734374940395355,combined,combined_h1024_x1p5,"T=1024, 1.5x",T1024_1.5x,,variable_sparsity,0.3650790750980377,True,1.0,1.5011184215545654,1024,0.7820411920547485,0.6270126700401306,0.10486426204442978,0.8219183683395386,0.7151246666908264,0.8223500847816467,0.7200090885162354,0.8915767669677734,0.7925168871879578,0.5628392696380615,0.8219183683395386,0.4625518321990967,1.061030626296997,1.5
pilot__gru__s2__seed10,gru,GRU,s2,10,False,0.02658451721072197,ring-selected zero-retuning,0.28841590881347656,combined,combined_h1024_x2,"T=1024, 2.0x",T1024_2.0x,,variable_sparsity,0.711279034614563,True,1.0,1.5028951168060303,1024,1.2725895643234253,1.0579924583435059,0.22340020537376404,1.3257811069488525,1.32722008228302,1.3138055801391602,1.3008754253387451,1.3407304286956787,1.2590746879577637,0.9730480313301086,1.3257811069488525,0.9549778699874878,1.6106178760528564,2.0
pilot__gru__s2__seed10,gru,GRU,s2,10,False,0.02658451721072197,ring-selected zero-retuning,0.00400882912799716,dwell,dwell_block64,64-step middle blank,middle_blank_64,,variable_sparsity,0.07671000808477402,True,1.0,1.157697081565857,128,0.12448194622993469,0.09518475085496902,0.024031437933444977,0.13283377885818481,0.11446782946586609,0.20899763703346252,0.1919906735420227,0.49682649970054626,0.44422686100006104,0.08366679400205612,0.13283377885818481,0.07170873135328293,0.13800953328609467,1.0
pilot__gru__s2__seed10,gru,GRU,s2,10,False,0.02658451721072197,ring-selected zero-retuning,0.006127048283815384,dwell,dwell_dense,dense,dense,,dense,,True,1.0,1.3137948513031006,128,0.1251792311668396,0.0964815765619278,0.04217420518398285,0.1376710832118988,0.1140197366476059,0.20830954611301422,0.18317319452762604,0.47882285714149475,0.4066121578216553,0.0964815765619278,0.1376710832118988,0.080206960439682,0.1681983470916748,1.0
pilot__gru__s2__seed10,gru,GRU,s2,10,False,0.02658451721072197,ring-selected zero-retuning,0.0023567266762256622,dwell,dwell_p0p25,active p=0.25,0.25,,fixed_probability,0.06556490063667297,True,1.0,1.1387076377868652,128,0.09026866406202316,0.06885907799005508,0.020663496106863022,0.09626605361700058,0.08413045853376389,0.1819586455821991,0.15463311970233917,0.4386424124240875,0.3879270553588867,0.06639407575130463,0.09626605361700058,0.0635468065738678,0.10245213657617569,1.0
pilot__gru__s2__seed10,gru,GRU,s2,10,False,0.02658451721072197,ring-selected zero-retuning,0.0028130579739809036,dwell,dwell_p0p50,active p=0.50,0.5,,fixed_probability,0.0737452283501625,True,1.0,1.2634965181350708,128,0.09148672968149185,0.0706067681312561,0.024596385657787323,0.09936987608671188,0.0920005738735199,0.17849323153495789,0.16045071184635162,0.45850005745887756,0.4078250229358673,0.07216143608093262,0.09936987608671188,0.06535211205482483,0.10772968083620071,1.0
pilot__gru__s2__seed10,gru,GRU,s2,10,False,0.02658451721072197,ring-selected zero-retuning,0.003561057848855853,dwell,dwell_p0p75,active p=0.75,0.75,,fixed_probability,0.08732138574123383,True,1.0,1.2911617755889893,128,0.09795902669429779,0.07507467269897461,0.031181085854768753,0.10501499474048615,0.09321234375238419,0.19067510962486267,0.16418799757957458,0.4821207821369171,0.412029504776001,0.07812178134918213,0.10501499474048615,0.07050900161266327,0.11140260100364685,1.0
pilot__gru__s2__seed10,gru,GRU,s2,10,False,0.02658451721072197,ring-selected zero-retuning,0.004526861011981964,id,id_h128,ID T=128,128,,variable_sparsity,0.0750899389386177,True,1.0,1.196302056312561,128,0.11004157364368439,0.08744381368160248,0.03323502838611603,0.12062764167785645,0.1075691282749176,0.19740648567676544,0.17386795580387115,0.46077215671539307,0.3956582248210907,0.08440284430980682,0.12062764167785645,0.07508893311023712,0.13335344195365906,1.0
pilot__gru__s2__seed10,gru,GRU,s2,10,False,0.02658451721072197,ring-selected zero-retuning,0.04629754275083542,length,length_h1024,T=1024,1024,,variable_sparsity,0.22563590109348297,True,1.0,1.5051929950714111,1024,0.43883854150772095,0.3230801522731781,0.03608294948935509,0.4668141007423401,0.39883285760879517,0.4953695833683014,0.44544321298599243,0.6396530866622925,0.5951535105705261,0.2992064356803894,0.4668141007423401,0.26206421852111816,0.5003224611282349,1.0
pilot__gru__s2__seed10,gru,GRU,s2,10,False,0.02658451721072197,ring-selected zero-retuning,0.09012797474861145,length,length_h2048,T=2048,2048,,variable_sparsity,0.3233555555343628,True,1.0,1.54164457321167,2048,0.6152951717376709,0.46863415837287903,0.03667834773659706,0.6597399711608887,0.5455430150032043,0.6758878827095032,0.5940825343132019,0.7901571393013,0.7137110233306885,0.43301331996917725,0.6597399711608887,0.3904891908168793,0.7142401933670044,1.0
pilot__gru__s2__seed10,gru,GRU,s2,10,False,0.02658451721072197,ring-selected zero-retuning,0.008693508803844452,length,length_h256,T=256,256,,variable_sparsity,0.10390560328960419,True,1.0,1.3367786407470703,256,0.17743507027626038,0.12726017832756042,0.034766487777233124,0.19687184691429138,0.16696138679981232,0.24882185459136963,0.21314825117588043,0.48528242111206055,0.42786815762519836,0.12153735756874084,0.19687184691429138,0.10980343073606491,0.19282221794128418,1.0
pilot__gru__s2__seed10,gru,GRU,s2,10,False,0.02658451721072197,ring-selected zero-retuning,0.021042106673121452,length,length_h512,T=512,512,,variable_sparsity,0.15137074887752533,True,1.0,1.4333817958831787,512,0.29926103353500366,0.20707540214061737,0.036343932151794434,0.33325761556625366,0.28913670778274536,0.3750758171081543,0.3324988782405853,0.589175820350647,0.5146766901016235,0.193416565656662,0.33325761556625366,0.16725048422813416,0.3328291177749634,1.0
pilot__gru__s2__seed10,gru,GRU,s2,10,False,0.02658451721072197,ring-selected zero-retuning,0.004839458502829075,smoothness,smooth_l0p5,GP ell=0.5,0.5,,variable_sparsity,0.06932059675455093,True,0.5,1.2707858085632324,128,0.11598028242588043,0.09419558197259903,0.03379480913281441,0.12464369088411331,0.1122499629855156,0.19204425811767578,0.18070118129253387,0.46411052346229553,0.4138409495353699,0.08807249367237091,0.12464369088411331,0.077677421271801,0.13466191291809082,1.0
pilot__gru__s2__seed10,gru,GRU,s2,10,False,0.02658451721072197,ring-selected zero-retuning,0.004740753676742315,smoothness,smooth_l2,GP ell=2.0,2.0,,variable_sparsity,0.07523064315319061,True,2.0,1.1337003707885742,128,0.11548831313848495,0.08959753066301346,0.03456544503569603,0.1283787488937378,0.1095239669084549,0.1936919242143631,0.17321141064167023,0.4384956359863281,0.3854113817214966,0.08606105297803879,0.1283787488937378,0.07730509340763092,0.13814669847488403,1.0
pilot__gru__s2__seed10,gru,GRU,s2,10,False,0.02658451721072197,ring-selected zero-retuning,0.002085298066958785,velocity,velocity_x0p5,0.5x,0.5,,variable_sparsity,0.07006456702947617,True,1.0,1.1049447059631348,128,0.08514386415481567,0.061211831867694855,0.018954508006572723,0.09314286708831787,0.08830096572637558,0.18188004195690155,0.15622791647911072,0.4721473455429077,0.4172057509422302,0.06339097023010254,0.09314286708831787,0.05991514399647713,0.0951600968837738,0.5
pilot__gru__s2__seed10,gru,GRU,s2,10,False,0.02658451721072197,ring-selected zero-retuning,0.02629082277417183,velocity,velocity_x1p5,1.5x,1.5,,variable_sparsity,0.104385606944561,True,1.0,1.2319731712341309,128,0.2302539348602295,0.20933495461940765,0.0847732424736023,0.2463720291852951,0.14753730595111847,0.2764396071434021,0.21053455770015717,0.4978698492050171,0.42535075545310974,0.18350118398666382,0.2463720291852951,0.10753241926431656,0.35711669921875,1.5
pilot__gru__s2__seed10,gru,GRU,s2,10,False,0.02658451721072197,ring-selected zero-retuning,0.07992135733366013,velocity,velocity_x2,2.0x,2.0,,variable_sparsity,0.1983327716588974,True,1.0,1.2675329446792603,128,0.5096843838691711,0.4547584354877472,0.1762513518333435,0.5451274514198303,0.30928781628608704,0.5420866012573242,0.32733070850372314,0.7241230607032776,0.563448429107666,0.39163801074028015,0.5451274514198303,0.20373983681201935,1.0299947261810303,2.0
pilot__gru__s2__seed11,gru,GRU,s2,11,False,0.3276699185371399,ring-selected zero-retuning,0.3528682589530945,combined,combined_h1024_x1p5,"T=1024, 1.5x",T1024_1.5x,,variable_sparsity,1.4900436401367188,True,1.0,1.5011184215545654,1024,1.558060884475708,1.4374052286148071,0.6523725986480713,1.5150607824325562,1.4944244623184204,1.5657322406768799,1.569563627243042,1.6162487268447876,1.6599398851394653,1.4503016471862793,1.5150607824325562,1.4659574031829834,1.8795480728149414,1.5
pilot__gru__s2__seed11,gru,GRU,s2,11,False,0.3276699185371399,ring-selected zero-retuning,0.3545161187648773,combined,combined_h1024_x2,"T=1024, 2.0x",T1024_2.0x,,variable_sparsity,1.4583109617233276,True,1.0,1.5028951168060303,1024,1.5114223957061768,1.406623363494873,0.6251031160354614,1.5053125619888306,1.4149391651153564,1.4650890827178955,1.469735026359558,1.496994972229004,1.487452507019043,1.419286847114563,1.5053125619888306,1.4506127834320068,1.8357820510864258,2.0
pilot__gru__s2__seed11,gru,GRU,s2,11,False,0.3276699185371399,ring-selected zero-retuning,0.2510837912559509,dwell,dwell_block64,64-step middle blank,middle_blank_64,,variable_sparsity,1.0161781311035156,True,1.0,1.157697081565857,128,1.3102571964263916,1.0300413370132446,0.6003479957580566,1.373340368270874,1.3009816408157349,1.4048539400100708,1.39159095287323,1.5039901733398438,1.4860403537750244,1.0213983058929443,1.373340368270874,0.9487811326980591,1.7176883220672607,1.0
pilot__gru__s2__seed11,gru,GRU,s2,11,False,0.3276699185371399,ring-selected zero-retuning,0.25161755084991455,dwell,dwell_dense,dense,dense,,dense,,True,1.0,1.3137948513031006,128,1.1834900379180908,1.043513536453247,0.567526638507843,1.191422939300537,1.1415246725082397,1.4315208196640015,1.3352829217910767,1.519577980041504,1.4473896026611328,1.043513536453247,1.191422939300537,1.0557786226272583,1.5147353410720825,1.0
pilot__gru__s2__seed11,gru,GRU,s2,11,False,0.3276699185371399,ring-selected zero-retuning,0.23196211457252502,dwell,dwell_p0p25,active p=0.25,0.25,,fixed_probability,0.9439699053764343,True,1.0,1.1387076377868652,128,1.4012246131896973,0.9598945379257202,0.5858883261680603,1.4447709321975708,1.4155199527740479,1.5119256973266602,1.4959710836410522,1.6127824783325195,1.60929536819458,0.9479782581329346,1.4447709321975708,0.9306895732879639,1.4702706336975098,1.0
pilot__gru__s2__seed11,gru,GRU,s2,11,False,0.3276699185371399,ring-selected zero-retuning,0.24861425161361694,dwell,dwell_p0p50,active p=0.50,0.5,,fixed_probability,1.0315643548965454,True,1.0,1.2634965181350708,128,1.2978410720825195,1.0260584354400635,0.5942193269729614,1.3236901760101318,1.2604222297668457,1.4222705364227295,1.3698532581329346,1.4929015636444092,1.4879343509674072,1.0287857055664062,1.3236901760101318,1.0264071226119995,1.541224479675293,1.0
pilot__gru__s2__seed11,gru,GRU,s2,11,False,0.3276699185371399,ring-selected zero-retuning,0.2503684163093567,dwell,dwell_p0p75,active p=0.75,0.75,,fixed_probability,1.0501099824905396,True,1.0,1.2911617755889893,128,1.285211443901062,1.0510268211364746,0.582659125328064,1.3391789197921753,1.2487393617630005,1.4646449089050293,1.453491449356079,1.5579696893692017,1.5214468240737915,1.0507986545562744,1.3391789197921753,1.0408908128738403,1.5457723140716553,1.0
pilot__gru__s2__seed11,gru,GRU,s2,11,False,0.3276699185371399,ring-selected zero-retuning,0.24367956817150116,id,id_h128,ID T=128,128,,variable_sparsity,0.8781625628471375,True,1.0,1.196302056312561,128,1.2307939529418945,1.0498785972595215,0.580180287361145,1.2304372787475586,1.1716573238372803,1.4433594942092896,1.3930467367172241,1.5391192436218262,1.5092023611068726,1.0076098442077637,1.2304372787475586,1.0353212356567383,1.520071029663086,1.0
pilot__gru__s2__seed11,gru,GRU,s2,11,False,0.3276699185371399,ring-selected zero-retuning,0.33909863233566284,length,length_h1024,T=1024,1024,,variable_sparsity,1.429626703262329,True,1.0,1.5051929950714111,1024,1.5479730367660522,1.4174836874008179,0.6772640347480774,1.5885015726089478,1.6781615018844604,1.5238466262817383,1.5660443305969238,1.5243804454803467,1.5315629243850708,1.4204587936401367,1.5885015726089478,1.4272434711456299,1.873229742050171,1.0
pilot__gru__s2__seed11,gru,GRU,s2,11,False,0.3276699185371399,ring-selected zero-retuning,0.35467493534088135,length,length_h2048,T=2048,2048,,variable_sparsity,1.491092324256897,True,1.0,1.54164457321167,2048,1.5685322284698486,1.491261601448059,0.6884275078773499,1.5738801956176758,1.5331884622573853,1.548858404159546,1.452401876449585,1.5451372861862183,1.4947776794433594,1.4912201166152954,1.5738801956176758,1.5037670135498047,1.8527092933654785,1.0
pilot__gru__s2__seed11,gru,GRU,s2,11,False,0.3276699185371399,ring-selected zero-retuning,0.28069210052490234,length,length_h256,T=256,256,,variable_sparsity,1.0911091566085815,True,1.0,1.3367786407470703,256,1.3598408699035645,1.1794044971466064,0.6319823265075684,1.3563635349273682,1.321431040763855,1.5000123977661133,1.4521054029464722,1.5511006116867065,1.5010231733322144,1.1577686071395874,1.3563635349273682,1.1779767274856567,1.6594505310058594,1.0
pilot__gru__s2__seed11,gru,GRU,s2,11,False,0.3276699185371399,ring-selected zero-retuning,0.31390684843063354,length,length_h512,T=512,512,,variable_sparsity,1.2861316204071045,True,1.0,1.4333817958831787,512,1.4709126949310303,1.312190294265747,0.6554648876190186,1.5147768259048462,1.440754771232605,1.550971269607544,1.5207552909851074,1.58259916305542,1.5391902923583984,1.3058006763458252,1.5147768259048462,1.3216215372085571,1.821782112121582,1.0
pilot__gru__s2__seed11,gru,GRU,s2,11,False,0.3276699185371399,ring-selected zero-retuning,0.2631440758705139,smoothness,smooth_l0p5,GP ell=0.5,0.5,,variable_sparsity,0.8723289966583252,True,0.5,1.2707858085632324,128,1.3799198865890503,1.1609402894973755,0.5935614109039307,1.4102649688720703,1.42350435256958,1.488539457321167,1.4537819623947144,1.5080435276031494,1.4707952737808228,1.0898971557617188,1.4102649688720703,1.100662350654602,1.625756025314331,1.0
pilot__gru__s2__seed11,gru,GRU,s2,11,False,0.3276699185371399,ring-selected zero-retuning,0.23429644107818604,smoothness,smooth_l2,GP ell=2.0,2.0,,variable_sparsity,0.8251653909683228,True,2.0,1.1337003707885742,128,1.1241402626037598,1.0001990795135498,0.571241021156311,1.1239330768585205,1.0356906652450562,1.3721457719802856,1.355647325515747,1.519901990890503,1.4652159214019775,0.9571137428283691,1.1239330768585205,1.003330945968628,1.4747039079666138,1.0
pilot__gru__s2__seed11,gru,GRU,s2,11,False,0.3276699185371399,ring-selected zero-retuning,0.23050276935100555,velocity,velocity_x0p5,0.5x,0.5,,variable_sparsity,0.7416868209838867,True,1.0,1.1049447059631348,128,1.2372691631317139,0.9984138011932373,0.5850224494934082,1.2387937307357788,1.1956241130828857,1.3840115070343018,1.3226531744003296,1.4783523082733154,1.4303680658340454,0.9352192282676697,1.2387937307357788,0.8983401656150818,1.5068180561065674,0.5
pilot__gru__s2__seed11,gru,GRU,s2,11,False,0.3276699185371399,ring-selected zero-retuning,0.2537393569946289,velocity,velocity_x1p5,1.5x,1.5,,variable_sparsity,0.9050438404083252,True,1.0,1.2319731712341309,128,1.2100085020065308,1.090514063835144,0.5790473222732544,1.2335097789764404,1.1711254119873047,1.427353024482727,1.3625054359436035,1.500136375427246,1.4290046691894531,1.0448596477508545,1.2335097789764404,1.0832375288009644,1.5599241256713867,1.5
pilot__gru__s2__seed11,gru,GRU,s2,11,False,0.3276699185371399,ring-selected zero-retuning,0.26461049914360046,velocity,velocity_x2,2.0x,2.0,,variable_sparsity,0.9599681496620178,True,1.0,1.2675329446792603,128,1.2301177978515625,1.122814416885376,0.5709952116012573,1.2380990982055664,1.1388121843338013,1.4539833068847656,1.3587278127670288,1.5161480903625488,1.4506850242614746,1.0827291011810303,1.2380990982055664,1.13936448097229,1.5879071950912476,2.0
pilot__gru__s2__seed12,gru,GRU,s2,12,False,0.36985331773757935,ring-selected zero-retuning,0.3361714482307434,combined,combined_h1024_x1p5,"T=1024, 1.5x",T1024_1.5x,,variable_sparsity,1.4366658926010132,True,1.0,1.5011184215545654,1024,1.547522783279419,1.4401013851165771,0.7470211982727051,1.542614221572876,1.5514761209487915,1.5507546663284302,1.5188283920288086,1.5316269397735596,1.5636895895004272,1.4392597675323486,1.542614221572876,1.4320106506347656,1.8926128149032593,1.5
pilot__gru__s2__seed12,gru,GRU,s2,12,False,0.36985331773757935,ring-selected zero-retuning,0.34553730487823486,combined,combined_h1024_x2,"T=1024, 2.0x",T1024_2.0x,,variable_sparsity,1.4541115760803223,True,1.0,1.5028951168060303,1024,1.5666358470916748,1.44403874874115,0.7000610828399658,1.5251215696334839,1.522867202758789,1.5852489471435547,1.5978862047195435,1.6013059616088867,1.6734081506729126,1.4465066194534302,1.5251215696334839,1.4306830167770386,1.8951127529144287,2.0
pilot__gru__s2__seed12,gru,GRU,s2,12,False,0.36985331773757935,ring-selected zero-retuning,0.278129518032074,dwell,dwell_block64,64-step middle blank,middle_blank_64,,variable_sparsity,1.0963631868362427,True,1.0,1.157697081565857,128,1.2809776067733765,1.1443626880645752,0.7213151454925537,1.3038523197174072,1.2551159858703613,1.4059536457061768,1.3309509754180908,1.500326156616211,1.4877434968948364,1.1144376993179321,1.3038523197174072,1.0476866960525513,1.8573639392852783,1.0
pilot__gru__s2__seed12,gru,GRU,s2,12,False,0.36985331773757935,ring-selected zero-retuning,0.2811776399612427,dwell,dwell_dense,dense,dense,,dense,,True,1.0,1.3137948513031006,128,1.3217921257019043,1.1961714029312134,0.6527007818222046,1.2965012788772583,1.2770469188690186,1.4567220211029053,1.4115710258483887,1.5410206317901611,1.5906776189804077,1.1961714029312134,1.2965012788772583,1.2169198989868164,1.6671180725097656,1.0
pilot__gru__s2__seed12,gru,GRU,s2,12,False,0.36985331773757935,ring-selected zero-retuning,0.2665402591228485,dwell,dwell_p0p25,active p=0.25,0.25,,fixed_probability,1.0835343599319458,True,1.0,1.1387076377868652,128,1.410916805267334,1.1106278896331787,0.732450544834137,1.4357876777648926,1.407704472541809,1.523789405822754,1.464126706123352,1.594099521636963,1.6175599098205566,1.090354084968567,1.4357876777648926,1.0912837982177734,1.6147639751434326,1.0
pilot__gru__s2__seed12,gru,GRU,s2,12,False,0.36985331773757935,ring-selected zero-retuning,0.2789548933506012,dwell,dwell_p0p50,active p=0.50,0.5,,fixed_probability,1.1817225217819214,True,1.0,1.2634965181350708,128,1.353459358215332,1.1939306259155273,0.7108854055404663,1.3925429582595825,1.3797824382781982,1.4592514038085938,1.4054315090179443,1.5090214014053345,1.486667275428772,1.1878831386566162,1.3925429582595825,1.19618821144104,1.6717947721481323,1.0
pilot__gru__s2__seed12,gru,GRU,s2,12,False,0.36985331773757935,ring-selected zero-retuning,0.2789299786090851,dwell,dwell_p0p75,active p=0.75,0.75,,fixed_probability,1.1753315925598145,True,1.0,1.2911617755889893,128,1.3170819282531738,1.1896554231643677,0.6819652318954468,1.3577295541763306,1.305145263671875,1.4637212753295898,1.404416561126709,1.5109026432037354,1.5121184587478638,1.186091661453247,1.3577295541763306,1.172045111656189,1.7116649150848389,1.0
pilot__gru__s2__seed12,gru,GRU,s2,12,False,0.36985331773757935,ring-selected zero-retuning,0.27036798000335693,id,id_h128,ID T=128,128,,variable_sparsity,0.9184953570365906,True,1.0,1.196302056312561,128,1.2789121866226196,1.171018362045288,0.6792958974838257,1.2729169130325317,1.2605736255645752,1.4143837690353394,1.3203153610229492,1.4747931957244873,1.4508312940597534,1.108858585357666,1.2729169130325317,1.1453520059585571,1.609082818031311,1.0
pilot__gru__s2__seed12,gru,GRU,s2,12,False,0.36985331773757935,ring-selected zero-retuning,0.32769855856895447,length,length_h1024,T=1024,1024,,variable_sparsity,1.4105974435806274,True,1.0,1.5051929950714111,1024,1.5492008924484253,1.439012050628662,0.804205060005188,1.580125331878662,1.5794118642807007,1.5950714349746704,1.577431082725525,1.5476558208465576,1.5617057085037231,1.4320505857467651,1.580125331878662,1.426225185394287,1.9044581651687622,1.0
pilot__gru__s2__seed12,gru,GRU,s2,12,False,0.36985331773757935,ring-selected zero-retuning,0.33548471331596375,length,length_h2048,T=2048,2048,,variable_sparsity,1.4740544557571411,True,1.0,1.54164457321167,2048,1.5601478815078735,1.4890460968017578,0.8249889612197876,1.6153535842895508,1.6955324411392212,1.5889400243759155,1.5903071165084839,1.569513201713562,1.5953022241592407,1.4853702783584595,1.6153535842895508,1.5175931453704834,1.8555243015289307,1.0
pilot__gru__s2__seed12,gru,GRU,s2,12,False,0.36985331773757935,ring-selected zero-retuning,0.2945828437805176,length,length_h256,T=256,256,,variable_sparsity,1.1157773733139038,True,1.0,1.3367786407470703,256,1.363828182220459,1.2630254030227661,0.7397713661193848,1.4077706336975098,1.3315911293029785,1.4996976852416992,1.4692879915237427,1.5350476503372192,1.5257021188735962,1.2269434928894043,1.4077706336975098,1.254331111907959,1.735187292098999,1.0
pilot__gru__s2__seed12,gru,GRU,s2,12,False,0.36985331773757935,ring-selected zero-retuning,0.31324267387390137,length,length_h512,T=512,512,,variable_sparsity,1.2959469556808472,True,1.0,1.4333817958831787,512,1.463727355003357,1.3490371704101562,0.7781863808631897,1.4813677072525024,1.395381212234497,1.5203572511672974,1.5356107950210571,1.576646089553833,1.642331838607788,1.3360193967819214,1.4813677072525024,1.3440110683441162,1.8384556770324707,1.0
pilot__gru__s2__seed12,gru,GRU,s2,12,False,0.36985331773757935,ring-selected zero-retuning,0.2876177132129669,smoothness,smooth_l0p5,GP ell=0.5,0.5,,variable_sparsity,0.9364421367645264,True,0.5,1.2707858085632324,128,1.4388806819915771,1.2861676216125488,0.6900862455368042,1.4639382362365723,1.4594804048538208,1.5041992664337158,1.4521774053573608,1.5265617370605469,1.5338300466537476,1.2000811100006104,1.4639382362365723,1.2397345304489136,1.7059800624847412,1.0
pilot__gru__s2__seed12,gru,GRU,s2,12,False,0.36985331773757935,ring-selected zero-retuning,0.2651910185813904,smoothness,smooth_l2,GP ell=2.0,2.0,,variable_sparsity,0.9124670028686523,True,2.0,1.1337003707885742,128,1.211232304573059,1.1337844133377075,0.671273410320282,1.2589666843414307,1.2604141235351562,1.36067533493042,1.2732930183410645,1.4610917568206787,1.3801803588867188,1.0793060064315796,1.2589666843414307,1.1159579753875732,1.5723576545715332,1.0
pilot__gru__s2__seed12,gru,GRU,s2,12,False,0.36985331773757935,ring-selected zero-retuning,0.266073077917099,velocity,velocity_x0p5,0.5x,0.5,,variable_sparsity,0.793640673160553,True,1.0,1.1049447059631348,128,1.2779040336608887,1.1599445343017578,0.7170212268829346,1.3054845333099365,1.2939667701721191,1.3871736526489258,1.3227688074111938,1.492331624031067,1.46988844871521,1.0697771310806274,1.3054845333099365,1.1069893836975098,1.6212236881256104,0.5
pilot__gru__s2__seed12,gru,GRU,s2,12,False,0.36985331773757935,ring-selected zero-retuning,0.2756882309913635,velocity,velocity_x1p5,1.5x,1.5,,variable_sparsity,0.9761466979980469,True,1.0,1.2319731712341309,128,1.2485183477401733,1.1786941289901733,0.6456042528152466,1.3234001398086548,1.259740948677063,1.4086267948150635,1.3734980821609497,1.5274173021316528,1.5176416635513306,1.1288361549377441,1.3234001398086548,1.172180414199829,1.6282460689544678,1.5
pilot__gru__s2__seed12,gru,GRU,s2,12,False,0.36985331773757935,ring-selected zero-retuning,0.2805287837982178,velocity,velocity_x2,2.0x,2.0,,variable_sparsity,1.0338972806930542,True,1.0,1.2675329446792603,128,1.245337724685669,1.1781070232391357,0.6173245310783386,1.3035832643508911,1.2857615947723389,1.4262771606445312,1.4011973142623901,1.5512769222259521,1.5336552858352661,1.1426091194152832,1.3035832643508911,1.1702419519424438,1.6785926818847656,2.0
pilot__lstm__s2__seed10,lstm,LSTM,s2,10,True,0.014883749186992645,ring-selected zero-retuning,0.0668630301952362,combined,combined_h1024_x1p5,"T=1024, 1.5x",T1024_1.5x,,variable_sparsity,0.33547428250312805,True,1.0,1.5011184215545654,1024,0.5167924761772156,0.34545278549194336,0.03310490399599075,0.5526772737503052,0.4390430152416229,0.5631775856018066,0.42676520347595215,0.7204103469848633,0.6425700187683105,0.3430080711841583,0.5526772737503052,0.27700358629226685,0.6241415739059448,1.5
pilot__lstm__s2__seed10,lstm,LSTM,s2,10,True,0.014883749186992645,ring-selected zero-retuning,0.2397422045469284,combined,combined_h1024_x2,"T=1024, 2.0x",T1024_2.0x,,variable_sparsity,0.6800774931907654,True,1.0,1.5028951168060303,1024,1.1040558815002441,0.8005683422088623,0.08563049882650375,1.1707020998001099,1.0029243230819702,1.1684322357177734,0.9930701851844788,1.2299792766571045,1.1196449995040894,0.7710482478141785,1.1707020998001099,0.6818822622299194,1.5020983219146729,2.0
pilot__lstm__s2__seed10,lstm,LSTM,s2,10,True,0.014883749186992645,ring-selected zero-retuning,0.0016826208448037505,dwell,dwell_block64,64-step middle blank,middle_blank_64,,variable_sparsity,0.05554291978478432,True,1.0,1.157697081565857,128,0.09322744607925415,0.05756556615233421,0.011519305408000946,0.0977465808391571,0.09151921421289444,0.18040980398654938,0.16780178248882294,0.5155563354492188,0.5140367150306702,0.056304555386304855,0.0977465808391571,0.05233941599726677,0.08696089684963226,1.0
pilot__lstm__s2__seed10,lstm,LSTM,s2,10,True,0.014883749186992645,ring-selected zero-retuning,0.001100932015106082,dwell,dwell_dense,dense,dense,,dense,,True,1.0,1.3137948513031006,128,0.06349152326583862,0.044194113463163376,0.013274027034640312,0.06933745741844177,0.06179429218173027,0.15744224190711975,0.15427279472351074,0.4804335832595825,0.4979608952999115,0.044194113463163376,0.06933745741844177,0.03907950222492218,0.07267985492944717,1.0
pilot__lstm__s2__seed10,lstm,LSTM,s2,10,True,0.014883749186992645,ring-selected zero-retuning,0.0013380380114540458,dwell,dwell_p0p25,active p=0.25,0.25,,fixed_probability,0.05152208358049393,True,1.0,1.1387076377868652,128,0.07747827470302582,0.05192646384239197,0.01002437248826027,0.08365019410848618,0.07884570956230164,0.16918031871318817,0.16478241980075836,0.5004836320877075,0.4897194802761078,0.0516238696873188,0.08365019410848618,0.04988393187522888,0.07891405373811722,1.0
pilot__lstm__s2__seed10,lstm,LSTM,s2,10,True,0.014883749186992645,ring-selected zero-retuning,0.001135070575401187,dwell,dwell_p0p50,active p=0.50,0.5,,fixed_probability,0.045475415885448456,True,1.0,1.2634965181350708,128,0.06724011898040771,0.046081241220235825,0.012261196039617062,0.07388916611671448,0.069329172372818,0.16740193963050842,0.1615249663591385,0.5090500116348267,0.5084326863288879,0.04578113555908203,0.07388916611671448,0.04343856871128082,0.06845588982105255,1.0
pilot__lstm__s2__seed10,lstm,LSTM,s2,10,True,0.014883749186992645,ring-selected zero-retuning,0.0010281441500410438,dwell,dwell_p0p75,active p=0.75,0.75,,fixed_probability,0.04208594560623169,True,1.0,1.2911617755889893,128,0.06145201623439789,0.04359877109527588,0.013000613078474998,0.06743694096803665,0.061858925968408585,0.16123776137828827,0.15710806846618652,0.49190476536750793,0.4884949028491974,0.043222371488809586,0.06743694096803665,0.03990387171506882,0.06739776581525803,1.0
pilot__lstm__s2__seed10,lstm,LSTM,s2,10,True,0.014883749186992645,ring-selected zero-retuning,0.0012162481434643269,id,id_h128,ID T=128,128,,variable_sparsity,0.05313025787472725,True,1.0,1.196302056312561,128,0.06921599805355072,0.04423413425683975,0.012750675901770592,0.0755552425980568,0.0673016831278801,0.17015552520751953,0.16221433877944946,0.502348780632019,0.5115801692008972,0.046423960477113724,0.0755552425980568,0.04017623886466026,0.07800252735614777,1.0
pilot__lstm__s2__seed10,lstm,LSTM,s2,10,True,0.014883749186992645,ring-selected zero-retuning,0.01649535447359085,length,length_h1024,T=1024,1024,,variable_sparsity,0.22684530913829803,True,1.0,1.5051929950714111,1024,0.25902706384658813,0.15959230065345764,0.012643830850720406,0.28085118532180786,0.24799610674381256,0.3193279206752777,0.2794193923473358,0.5731866359710693,0.5331292748451233,0.1760692298412323,0.28085118532180786,0.1625727415084839,0.287846177816391,1.0
pilot__lstm__s2__seed10,lstm,LSTM,s2,10,True,0.014883749186992645,ring-selected zero-retuning,0.03705935925245285,length,length_h2048,T=2048,2048,,variable_sparsity,0.3568660616874695,True,1.0,1.54164457321167,2048,0.38166654109954834,0.2321595549583435,0.012754807248711586,0.4156923294067383,0.35738083720207214,0.4480840563774109,0.39366522431373596,0.6351577043533325,0.5897026062011719,0.2627362906932831,0.4156923294067383,0.23192058503627777,0.4032542109489441,1.0
pilot__lstm__s2__seed10,lstm,LSTM,s2,10,True,0.014883749186992645,ring-selected zero-retuning,0.0030607818625867367,length,length_h256,T=256,256,,variable_sparsity,0.08923941850662231,True,1.0,1.3367786407470703,256,0.11355417966842651,0.06946167349815369,0.012742647901177406,0.1230972409248352,0.1119014248251915,0.19739164412021637,0.18748560547828674,0.5046983957290649,0.5020977258682251,0.07430803030729294,0.1230972409248352,0.06712429225444794,0.12205180525779724,1.0
pilot__lstm__s2__seed10,lstm,LSTM,s2,10,True,0.014883749186992645,ring-selected zero-retuning,0.007233798503875732,length,length_h512,T=512,512,,variable_sparsity,0.1438826471567154,True,1.0,1.4333817958831787,512,0.17321836948394775,0.10671496391296387,0.012994946911931038,0.18933424353599548,0.1686430126428604,0.24039432406425476,0.215532124042511,0.5205692052841187,0.5053908228874207,0.11582852900028229,0.18933424353599548,0.10505213588476181,0.18420091271400452,1.0
pilot__lstm__s2__seed10,lstm,LSTM,s2,10,True,0.014883749186992645,ring-selected zero-retuning,0.0011018947698175907,smoothness,smooth_l0p5,GP ell=0.5,0.5,,variable_sparsity,0.05234422907233238,True,0.5,1.2707858085632324,128,0.06572560966014862,0.04216179624199867,0.012276232242584229,0.07349953800439835,0.06689631193876266,0.16750764846801758,0.15966345369815826,0.4993053376674652,0.49753743410110474,0.044668253511190414,0.07349953800439835,0.039997946470975876,0.07004469633102417,1.0
pilot__lstm__s2__seed10,lstm,LSTM,s2,10,True,0.014883749186992645,ring-selected zero-retuning,0.0012497499119490385,smoothness,smooth_l2,GP ell=2.0,2.0,,variable_sparsity,0.052578121423721313,True,2.0,1.1337003707885742,128,0.07094935327768326,0.045053403824567795,0.013273252174258232,0.07757741212844849,0.06817086040973663,0.16775983572006226,0.15504279732704163,0.4973987340927124,0.4992148280143738,0.046905647963285446,0.07757741212844849,0.04323388636112213,0.07654640078544617,1.0
pilot__lstm__s2__seed10,lstm,LSTM,s2,10,True,0.014883749186992645,ring-selected zero-retuning,0.0010396110592409968,velocity,velocity_x0p5,0.5x,0.5,,variable_sparsity,0.053588684648275375,True,1.0,1.1049447059631348,128,0.066859170794487,0.041245147585868835,0.009388387203216553,0.07281920313835144,0.06376470625400543,0.17451322078704834,0.17362280189990997,0.5041332840919495,0.49093055725097656,0.04428356885910034,0.07281920313835144,0.040592923760414124,0.07092289626598358,0.5
pilot__lstm__s2__seed10,lstm,LSTM,s2,10,True,0.014883749186992645,ring-selected zero-retuning,0.006424882914870977,velocity,velocity_x1p5,1.5x,1.5,,variable_sparsity,0.07452499121427536,True,1.0,1.2319731712341309,128,0.11691608279943466,0.08604682981967926,0.030159616842865944,0.12546205520629883,0.09200706332921982,0.19891706109046936,0.18405689299106598,0.5031156539916992,0.4963430166244507,0.08321067690849304,0.12546205520629883,0.05683637410402298,0.14964452385902405,1.5
pilot__lstm__s2__seed10,lstm,LSTM,s2,10,True,0.014883749186992645,ring-selected zero-retuning,0.03708518296480179,velocity,velocity_x2,2.0x,2.0,,variable_sparsity,0.1491899937391281,True,1.0,1.2675329446792603,128,0.27789950370788574,0.22666117548942566,0.07177365571260452,0.29666489362716675,0.14350663125514984,0.34485113620758057,0.2088482677936554,0.6023184657096863,0.5002641677856445,0.20759126543998718,0.29666489362716675,0.08231472969055176,0.5133920311927795,2.0
pilot__lstm__s2__seed11,lstm,LSTM,s2,11,True,0.016061924397945404,ring-selected zero-retuning,0.08633770793676376,combined,combined_h1024_x1p5,"T=1024, 1.5x",T1024_1.5x,,variable_sparsity,0.3459737300872803,True,1.0,1.5011184215545654,1024,0.5957117676734924,0.4011475145816803,0.03514953330159187,0.6287163496017456,0.5157684087753296,0.6441398859024048,0.5285197496414185,0.7767134308815002,0.680737316608429,0.38763001561164856,0.6287163496017456,0.296295702457428,0.8120214939117432,1.5
pilot__lstm__s2__seed11,lstm,LSTM,s2,11,True,0.016061924397945404,ring-selected zero-retuning,0.2691003382205963,combined,combined_h1024_x2,"T=1024, 2.0x",T1024_2.0x,,variable_sparsity,0.7195406556129456,True,1.0,1.5028951168060303,1024,1.213870882987976,0.8837177157402039,0.08838294446468353,1.2653053998947144,1.2125602960586548,1.270835280418396,1.2127494812011719,1.3326584100723267,1.2458068132400513,0.8434945344924927,1.2653053998947144,0.7152345180511475,1.5348509550094604,2.0
pilot__lstm__s2__seed11,lstm,LSTM,s2,11,True,0.016061924397945404,ring-selected zero-retuning,0.0017217793501913548,dwell,dwell_block64,64-step middle blank,middle_blank_64,,variable_sparsity,0.05480849742889404,True,1.0,1.157697081565857,128,0.0915326327085495,0.05652506649494171,0.011145374737679958,0.09683407843112946,0.09145919978618622,0.18616212904453278,0.17742930352687836,0.5134395956993103,0.49208375811576843,0.055454883724451065,0.09683407843112946,0.05046333000063896,0.09272005409002304,1.0
pilot__lstm__s2__seed11,lstm,LSTM,s2,11,True,0.016061924397945404,ring-selected zero-retuning,0.0012952960096299648,dwell,dwell_dense,dense,dense,,dense,,True,1.0,1.3137948513031006,128,0.06910988688468933,0.047272175550460815,0.014184452593326569,0.07491494715213776,0.06673918664455414,0.15925835072994232,0.14642909169197083,0.4990202486515045,0.47442907094955444,0.047272175550460815,0.07491494715213776,0.04143834114074707,0.07978298515081406,1.0
pilot__lstm__s2__seed11,lstm,LSTM,s2,11,True,0.016061924397945404,ring-selected zero-retuning,0.00153133156709373,dwell,dwell_p0p25,active p=0.25,0.25,,fixed_probability,0.05275680124759674,True,1.0,1.1387076377868652,128,0.08031266927719116,0.05198045074939728,0.009802248328924179,0.08753767609596252,0.07885176688432693,0.18149052560329437,0.1725485622882843,0.4975079298019409,0.49418821930885315,0.05256138741970062,0.08753767609596252,0.04603700339794159,0.08488041162490845,1.0
pilot__lstm__s2__seed11,lstm,LSTM,s2,11,True,0.016061924397945404,ring-selected zero-retuning,0.00131949910428375,dwell,dwell_p0p50,active p=0.50,0.5,,fixed_probability,0.048197418451309204,True,1.0,1.2634965181350708,128,0.07311898469924927,0.04781755432486534,0.0120820552110672,0.08081578463315964,0.06950878351926804,0.17851385474205017,0.16552455723285675,0.5101616382598877,0.48156148195266724,0.04800572246313095,0.08081578463315964,0.0421849861741066,0.07823176681995392,1.0
pilot__lstm__s2__seed11,lstm,LSTM,s2,11,True,0.016061924397945404,ring-selected zero-retuning,0.0012005380121991038,dwell,dwell_p0p75,active p=0.75,0.75,,fixed_probability,0.04577178508043289,True,1.0,1.2911617755889893,128,0.06873811781406403,0.04587673395872116,0.013365154154598713,0.07467754930257797,0.07097292691469193,0.16269662976264954,0.14468050003051758,0.4836578965187073,0.4344818592071533,0.04585061967372894,0.07467754930257797,0.04069610685110092,0.07639947533607483,1.0
pilot__lstm__s2__seed11,lstm,LSTM,s2,11,True,0.016061924397945404,ring-selected zero-retuning,0.0012861141003668308,id,id_h128,ID T=128,128,,variable_sparsity,0.050393324345350266,True,1.0,1.196302056312561,128,0.07112160325050354,0.04619733244180679,0.013192597776651382,0.0784282386302948,0.07035752385854721,0.1716744601726532,0.1598324477672577,0.5085968971252441,0.48387226462364197,0.04723019897937775,0.0784282386302948,0.040614064782857895,0.0792388841509819,1.0
pilot__lstm__s2__seed11,lstm,LSTM,s2,11,True,0.016061924397945404,ring-selected zero-retuning,0.018804579973220825,length,length_h1024,T=1024,1024,,variable_sparsity,0.2239609807729721,True,1.0,1.5051929950714111,1024,0.28102532029151917,0.17772075533866882,0.01327588316053152,0.30216118693351746,0.2736206650733948,0.3395276665687561,0.3097013235092163,0.5722647905349731,0.5324417352676392,0.18904957175254822,0.30216118693351746,0.16924862563610077,0.3187667727470398,1.0
pilot__lstm__s2__seed11,lstm,LSTM,s2,11,True,0.016061924397945404,ring-selected zero-retuning,0.04024785757064819,length,length_h2048,T=2048,2048,,variable_sparsity,0.34912383556365967,True,1.0,1.54164457321167,2048,0.41070303320884705,0.26056382060050964,0.013425932265818119,0.4479382038116455,0.3858838975429535,0.46555110812187195,0.3987220525741577,0.659083366394043,0.5874699354171753,0.28227782249450684,0.4479382038116455,0.2557164132595062,0.4746721386909485,1.0
pilot__lstm__s2__seed11,lstm,LSTM,s2,11,True,0.016061924397945404,ring-selected zero-retuning,0.0032976155634969473,length,length_h256,T=256,256,,variable_sparsity,0.08529829233884811,True,1.0,1.3367786407470703,256,0.11883774399757385,0.07409976422786713,0.01321643590927124,0.12950082123279572,0.1129036471247673,0.2062467634677887,0.19950397312641144,0.5077421069145203,0.47414982318878174,0.07684385776519775,0.12950082123279572,0.06781448423862457,0.12368500232696533,1.0
pilot__lstm__s2__seed11,lstm,LSTM,s2,11,True,0.016061924397945404,ring-selected zero-retuning,0.007967242039740086,length,length_h512,T=512,512,,variable_sparsity,0.13929316401481628,True,1.0,1.4333817958831787,512,0.18241451680660248,0.11490342020988464,0.013834193348884583,0.20077034831047058,0.1742475926876068,0.25410133600234985,0.22622862458229065,0.5184299945831299,0.4750596880912781,0.12088381499052048,0.20077034831047058,0.10563770681619644,0.20980218052864075,1.0
pilot__lstm__s2__seed11,lstm,LSTM,s2,11,True,0.016061924397945404,ring-selected zero-retuning,0.00124443625099957,smoothness,smooth_l0p5,GP ell=0.5,0.5,,variable_sparsity,0.050354793667793274,True,0.5,1.2707858085632324,128,0.07016409188508987,0.04582468047738075,0.01300409808754921,0.0759400874376297,0.07162721455097198,0.16742971539497375,0.15461647510528564,0.5127722024917603,0.4842675030231476,0.04693979024887085,0.0759400874376297,0.04217753931879997,0.07884744554758072,1.0
pilot__lstm__s2__seed11,lstm,LSTM,s2,11,True,0.016061924397945404,ring-selected zero-retuning,0.0014096281956881285,smoothness,smooth_l2,GP ell=2.0,2.0,,variable_sparsity,0.051658984273672104,True,2.0,1.1337003707885742,128,0.0761931911110878,0.04810703545808792,0.013777175918221474,0.0838000476360321,0.07385065406560898,0.17645327746868134,0.1685062199831009,0.5118532180786133,0.4711974859237671,0.04898136109113693,0.0838000476360321,0.043271683156490326,0.07946604490280151,1.0
pilot__lstm__s2__seed11,lstm,LSTM,s2,11,True,0.016061924397945404,ring-selected zero-retuning,0.0010672560892999172,velocity,velocity_x0p5,0.5x,0.5,,variable_sparsity,0.04875057190656662,True,1.0,1.1049447059631348,128,0.06781584024429321,0.04168245941400528,0.009777870029211044,0.07518467307090759,0.06735838204622269,0.18273654580116272,0.16849343478679657,0.5271055698394775,0.5040977001190186,0.043422311544418335,0.07518467307090759,0.03931032866239548,0.06831970810890198,0.5
pilot__lstm__s2__seed11,lstm,LSTM,s2,11,True,0.016061924397945404,ring-selected zero-retuning,0.00759113859385252,velocity,velocity_x1p5,1.5x,1.5,,variable_sparsity,0.0747838169336319,True,1.0,1.2319731712341309,128,0.1255045235157013,0.09217885136604309,0.03265010192990303,0.13512404263019562,0.09423328191041946,0.204329252243042,0.177338108420372,0.5118910074234009,0.4731239974498749,0.08789698034524918,0.13512404263019562,0.05709897726774216,0.16957175731658936,1.5
pilot__lstm__s2__seed11,lstm,LSTM,s2,11,True,0.016061924397945404,ring-selected zero-retuning,0.036932311952114105,velocity,velocity_x2,2.0x,2.0,,variable_sparsity,0.15476864576339722,True,1.0,1.2675329446792603,128,0.2956008017063141,0.22740790247917175,0.07761573791503906,0.323458731174469,0.164338156580925,0.35655999183654785,0.22948606312274933,0.6021181344985962,0.494534432888031,0.2095274031162262,0.323458731174469,0.09106998145580292,0.5747988224029541,2.0
pilot__lstm__s2__seed12,lstm,LSTM,s2,12,True,0.012160596437752247,ring-selected zero-retuning,0.07861962169408798,combined,combined_h1024_x1p5,"T=1024, 1.5x",T1024_1.5x,,variable_sparsity,0.3227093815803528,True,1.0,1.5011184215545654,1024,0.5541297197341919,0.3755907416343689,0.033009760081768036,0.578615128993988,0.4720030725002289,0.5862377285957336,0.4680103659629822,0.6654074192047119,0.5852229595184326,0.3626348674297333,0.578615128993988,0.2776075601577759,0.7374475598335266,1.5
pilot__lstm__s2__seed12,lstm,LSTM,s2,12,True,0.012160596437752247,ring-selected zero-retuning,0.2609853148460388,combined,combined_h1024_x2,"T=1024, 2.0x",T1024_2.0x,,variable_sparsity,0.6528855562210083,True,1.0,1.5028951168060303,1024,1.1493654251098633,0.8672466278076172,0.07992082834243774,1.181222677230835,1.1412056684494019,1.1842148303985596,1.1322883367538452,1.204728603363037,1.1234065294265747,0.8147284388542175,1.181222677230835,0.6907473206520081,1.5049588680267334,2.0
pilot__lstm__s2__seed12,lstm,LSTM,s2,12,True,0.012160596437752247,ring-selected zero-retuning,0.0009734972845762968,dwell,dwell_block64,64-step middle blank,middle_blank_64,,variable_sparsity,0.0413113534450531,True,1.0,1.157697081565857,128,0.0665605366230011,0.04267159104347229,0.010353414341807365,0.07019822299480438,0.0643494501709938,0.13198350369930267,0.12209729850292206,0.36211422085762024,0.3429733216762543,0.04182355850934982,0.07019822299480438,0.03912000358104706,0.06740715354681015,1.0
pilot__lstm__s2__seed12,lstm,LSTM,s2,12,True,0.012160596437752247,ring-selected zero-retuning,0.000822440895717591,dwell,dwell_dense,dense,dense,,dense,,True,1.0,1.3137948513031006,128,0.052971020340919495,0.03793775662779808,0.012527760118246078,0.05722106248140335,0.052808284759521484,0.11870847642421722,0.11082770675420761,0.36005812883377075,0.3344342112541199,0.03793775662779808,0.05722106248140335,0.03313838690519333,0.059507034718990326,1.0
pilot__lstm__s2__seed12,lstm,LSTM,s2,12,True,0.012160596437752247,ring-selected zero-retuning,0.0009773450437933207,dwell,dwell_p0p25,active p=0.25,0.25,,fixed_probability,0.04238003492355347,True,1.0,1.1387076377868652,128,0.06468166410923004,0.043193936347961426,0.00994680542498827,0.0696544200181961,0.06455767154693604,0.12767702341079712,0.12011641263961792,0.35043638944625854,0.308500200510025,0.042584896087646484,0.0696544200181961,0.038633909076452255,0.06547534465789795,1.0
pilot__lstm__s2__seed12,lstm,LSTM,s2,12,True,0.012160596437752247,ring-selected zero-retuning,0.0008907754672691226,dwell,dwell_p0p50,active p=0.50,0.5,,fixed_probability,0.038308072835206985,True,1.0,1.2634965181350708,128,0.05570482462644577,0.039104729890823364,0.013029121793806553,0.06007525324821472,0.055487778037786484,0.11851183325052261,0.1111382320523262,0.34350115060806274,0.3233896791934967,0.0387100949883461,0.06007525324821472,0.03471751883625984,0.061881884932518005,1.0
pilot__lstm__s2__seed12,lstm,LSTM,s2,12,True,0.012160596437752247,ring-selected zero-retuning,0.0007866201922297478,dwell,dwell_p0p75,active p=0.75,0.75,,fixed_probability,0.03585977479815483,True,1.0,1.2911617755889893,128,0.0521572008728981,0.037021853029727936,0.013431968167424202,0.05620727315545082,0.054234448820352554,0.12245014309883118,0.11335719376802444,0.36864978075027466,0.34401312470436096,0.03673271834850311,0.05620727315545082,0.034377604722976685,0.05615268275141716,1.0
pilot__lstm__s2__seed12,lstm,LSTM,s2,12,True,0.012160596437752247,ring-selected zero-retuning,0.0008630384691059589,id,id_h128,ID T=128,128,,variable_sparsity,0.04053046926856041,True,1.0,1.196302056312561,128,0.05516243353486061,0.037509121000766754,0.012600235641002655,0.059964798390865326,0.05284666642546654,0.12261037528514862,0.11185391992330551,0.35724449157714844,0.32872194051742554,0.03825283795595169,0.059964798390865326,0.033405400812625885,0.06291493773460388,1.0
pilot__lstm__s2__seed12,lstm,LSTM,s2,12,True,0.012160596437752247,ring-selected zero-retuning,0.01215306669473648,length,length_h1024,T=1024,1024,,variable_sparsity,0.17898604273796082,True,1.0,1.5051929950714111,1024,0.22774703800678253,0.14012914896011353,0.012671024538576603,0.2410435974597931,0.202985018491745,0.2661062180995941,0.23454010486602783,0.44178324937820435,0.4176527261734009,0.14964905381202698,0.2410435974597931,0.13714341819286346,0.2501016855239868,1.0
pilot__lstm__s2__seed12,lstm,LSTM,s2,12,True,0.012160596437752247,ring-selected zero-retuning,0.025355443358421326,length,length_h2048,T=2048,2048,,variable_sparsity,0.2580370604991913,True,1.0,1.54164457321167,2048,0.32013750076293945,0.2092072069644928,0.012609456665813923,0.34830039739608765,0.3107357919216156,0.36903756856918335,0.3229224979877472,0.5058432817459106,0.4357196092605591,0.2211797833442688,0.34830039739608765,0.1995745748281479,0.3600190281867981,1.0
pilot__lstm__s2__seed12,lstm,LSTM,s2,12,True,0.012160596437752247,ring-selected zero-retuning,0.0019534905441105366,length,length_h256,T=256,256,,variable_sparsity,0.06743839383125305,True,1.0,1.3367786407470703,256,0.08741914480924606,0.05543731153011322,0.012561475858092308,0.09550347924232483,0.08660374581813812,0.1491541564464569,0.13542653620243073,0.37755516171455383,0.3597980737686157,0.05837806686758995,0.09550347924232483,0.05312640964984894,0.09264568239450455,1.0
pilot__lstm__s2__seed12,lstm,LSTM,s2,12,True,0.012160596437752247,ring-selected zero-retuning,0.004825771786272526,length,length_h512,T=512,512,,variable_sparsity,0.11078011989593506,True,1.0,1.4333817958831787,512,0.14170648157596588,0.08629318326711655,0.012912187725305557,0.1563042849302292,0.14294247329235077,0.19203662872314453,0.17305396497249603,0.3882198929786682,0.3628996014595032,0.09229741990566254,0.1563042849302292,0.08371289074420929,0.13979285955429077,1.0
pilot__lstm__s2__seed12,lstm,LSTM,s2,12,True,0.012160596437752247,ring-selected zero-retuning,0.000809353543445468,smoothness,smooth_l0p5,GP ell=0.5,0.5,,variable_sparsity,0.03972119092941284,True,0.5,1.2707858085632324,128,0.05284486711025238,0.03714689239859581,0.012264653109014034,0.057508498430252075,0.05070797726511955,0.11697043478488922,0.10737741738557816,0.3493446111679077,0.3128799498081207,0.03778056800365448,0.057508498430252075,0.033296432346105576,0.059452399611473083,1.0
pilot__lstm__s2__seed12,lstm,LSTM,s2,12,True,0.012160596437752247,ring-selected zero-retuning,0.0009632979054003954,smoothness,smooth_l2,GP ell=2.0,2.0,,variable_sparsity,0.04104023054242134,True,2.0,1.1337003707885742,128,0.058860067278146744,0.03913744539022446,0.013149069622159004,0.06511540710926056,0.057910092175006866,0.12821722030639648,0.1236998587846756,0.3661499321460724,0.3218234181404114,0.039605822414159775,0.06511540710926056,0.03433292359113693,0.06515701115131378,1.0
pilot__lstm__s2__seed12,lstm,LSTM,s2,12,True,0.012160596437752247,ring-selected zero-retuning,0.0006311364122666419,velocity,velocity_x0p5,0.5x,0.5,,variable_sparsity,0.040293700993061066,True,1.0,1.1049447059631348,128,0.05144490674138069,0.03276693820953369,0.008243042975664139,0.05496855080127716,0.04981701821088791,0.1148805245757103,0.10330905765295029,0.3348427414894104,0.2985422909259796,0.034619688987731934,0.05496855080127716,0.031228985637426376,0.054951272904872894,0.5
pilot__lstm__s2__seed12,lstm,LSTM,s2,12,True,0.012160596437752247,ring-selected zero-retuning,0.00631024269387126,velocity,velocity_x1p5,1.5x,1.5,,variable_sparsity,0.06444381922483444,True,1.0,1.2319731712341309,128,0.1109195202589035,0.08381263166666031,0.029894229024648666,0.11867453157901764,0.07412158697843552,0.16778001189231873,0.1370808631181717,0.390310138463974,0.3660435676574707,0.0790449008345604,0.11867453157901764,0.04804137721657753,0.14813053607940674,1.5
pilot__lstm__s2__seed12,lstm,LSTM,s2,12,True,0.012160596437752247,ring-selected zero-retuning,0.042090706527233124,velocity,velocity_x2,2.0x,2.0,,variable_sparsity,0.14382585883140564,True,1.0,1.2675329446792603,128,0.30803027749061584,0.24301184713840485,0.06788244843482971,0.33371374011039734,0.13772663474082947,0.34991520643234253,0.18249228596687317,0.5047883987426758,0.36169394850730896,0.21859674155712128,0.33371374011039734,0.07846499979496002,0.5818935632705688,2.0
broad__calru__s2__lr0p003_eta1000_i50__seed10,calru,CA-LRU,s2,10,True,0.02049138955771923,topology-specific validation-selected,0.2331860512495041,combined,combined_h1024_x1p5,"T=1024, 1.5x",T1024_1.5x,,variable_sparsity,0.5449514389038086,True,1.0,1.5011184215545654,1024,1.2887123823165894,0.9472433924674988,0.2074328064918518,1.3402965068817139,1.285119891166687,1.3437784910202026,1.259252905845642,1.3437784910202026,1.2592527866363525,0.8486822843551636,1.3402965068817139,0.8854014873504639,1.3381611108779907,1.5
broad__calru__s2__lr0p003_eta1000_i50__seed10,calru,CA-LRU,s2,10,True,0.02049138955771923,topology-specific validation-selected,0.3149430751800537,combined,combined_h1024_x2,"T=1024, 2.0x",T1024_2.0x,,variable_sparsity,0.8720868825912476,True,1.0,1.5028951168060303,1024,1.4621131420135498,1.168713927268982,0.2622740566730499,1.4961689710617065,1.5113320350646973,1.4981588125228882,1.5042757987976074,1.4981589317321777,1.5042756795883179,1.0960407257080078,1.4961689710617065,1.1641846895217896,1.4898052215576172,2.0
broad__calru__s2__lr0p003_eta1000_i50__seed10,calru,CA-LRU,s2,10,True,0.02049138955771923,topology-specific validation-selected,0.000775184656959027,dwell,dwell_block64,64-step middle blank,middle_blank_64,,variable_sparsity,0.03732834756374359,True,1.0,1.157697081565857,128,0.047975875437259674,0.04111107811331749,0.008472307585179806,0.054718971252441406,0.04764384403824806,0.05532931163907051,0.047577470541000366,0.055329229682683945,0.047577470541000366,0.038752757012844086,0.054718971252441406,0.03336818516254425,0.06631899625062943,1.0
broad__calru__s2__lr0p003_eta1000_i50__seed10,calru,CA-LRU,s2,10,True,0.02049138955771923,topology-specific validation-selected,0.003308580256998539,dwell,dwell_dense,dense,dense,,dense,,True,1.0,1.3137948513031006,128,0.11524646729230881,0.07387468218803406,0.011544179171323776,0.12888240814208984,0.09761684387922287,0.12038126587867737,0.09346813708543777,0.12038126587867737,0.09346750378608704,0.07387468218803406,0.12888240814208984,0.06051930412650108,0.1413554847240448,1.0
broad__calru__s2__lr0p003_eta1000_i50__seed10,calru,CA-LRU,s2,10,True,0.02049138955771923,topology-specific validation-selected,0.001310846651904285,dwell,dwell_p0p25,active p=0.25,0.25,,fixed_probability,0.04544128105044365,True,1.0,1.1387076377868652,128,0.06445777416229248,0.04686703532934189,0.008381564170122147,0.07069824635982513,0.0529368557035923,0.07065914571285248,0.055537186563014984,0.07065913826227188,0.055537186563014984,0.04580015689134598,0.07069824635982513,0.037494685500860214,0.08997792750597,1.0
broad__calru__s2__lr0p003_eta1000_i50__seed10,calru,CA-LRU,s2,10,True,0.02049138955771923,topology-specific validation-selected,0.0017167674377560616,dwell,dwell_p0p50,active p=0.50,0.5,,fixed_probability,0.05367231369018555,True,1.0,1.2634965181350708,128,0.07908402383327484,0.055678047239780426,0.008883660659193993,0.088056780397892,0.0696699395775795,0.08510303497314453,0.06445688754320145,0.08510299026966095,0.06445688754320145,0.054684486240148544,0.088056780397892,0.04564758017659187,0.09527149796485901,1.0
broad__calru__s2__lr0p003_eta1000_i50__seed10,calru,CA-LRU,s2,10,True,0.02049138955771923,topology-specific validation-selected,0.002114434726536274,dwell,dwell_p0p75,active p=0.75,0.75,,fixed_probability,0.058833472430706024,True,1.0,1.2911617755889893,128,0.09123657643795013,0.06131263077259064,0.009759878739714622,0.10148812085390091,0.08191452920436859,0.09482467174530029,0.07656681537628174,0.09482441842556,0.07656759023666382,0.060695797204971313,0.10148812085390091,0.05110757797956467,0.10243498533964157,1.0
broad__calru__s2__lr0p003_eta1000_i50__seed10,calru,CA-LRU,s2,10,True,0.02049138955771923,topology-specific validation-selected,0.0022892432752996683,id,id_h128,ID T=128,128,,variable_sparsity,0.046280670911073685,True,1.0,1.196302056312561,128,0.09152638912200928,0.06639215350151062,0.010084738954901695,0.10193680226802826,0.08317527174949646,0.09730203449726105,0.07913879305124283,0.09730198234319687,0.07913879305124283,0.061441611498594284,0.10193680226802826,0.04954487830400467,0.11215023696422577,1.0
broad__calru__s2__lr0p003_eta1000_i50__seed10,calru,CA-LRU,s2,10,True,0.02049138955771923,topology-specific validation-selected,0.12790259718894958,length,length_h1024,T=1024,1024,,variable_sparsity,0.2602103352546692,True,1.0,1.5051929950714111,1024,0.9602891206741333,0.6149063110351562,0.1465328335762024,1.0596299171447754,0.9986092448234558,1.0631295442581177,1.0067002773284912,1.0631295442581177,1.0067002773284912,0.5280061364173889,1.0596299171447754,0.49346932768821716,0.9383679628372192,1.0
broad__calru__s2__lr0p003_eta1000_i50__seed10,calru,CA-LRU,s2,10,True,0.02049138955771923,topology-specific validation-selected,0.2515268623828888,length,length_h2048,T=2048,2048,,variable_sparsity,0.5034187436103821,True,1.0,1.54164457321167,2048,1.2955334186553955,1.0072375535964966,0.2157675325870514,1.337770700454712,1.2738537788391113,1.3376061916351318,1.2953379154205322,1.3376061916351318,1.2953379154205322,0.8837064504623413,1.337770700454712,0.9517996907234192,1.4225151538848877,1.0
broad__calru__s2__lr0p003_eta1000_i50__seed10,calru,CA-LRU,s2,10,True,0.02049138955771923,topology-specific validation-selected,0.00783483125269413,length,length_h256,T=256,256,,variable_sparsity,0.07289555668830872,True,1.0,1.3367786407470703,256,0.17831087112426758,0.11727020144462585,0.01821364276111126,0.2102920114994049,0.1483008712530136,0.2085624635219574,0.14507435262203217,0.20856249332427979,0.1450747847557068,0.10639660060405731,0.2102920114994049,0.08883196115493774,0.2014455795288086,1.0
broad__calru__s2__lr0p003_eta1000_i50__seed10,calru,CA-LRU,s2,10,True,0.02049138955771923,topology-specific validation-selected,0.035485558211803436,length,length_h512,T=512,512,,variable_sparsity,0.1286419779062271,True,1.0,1.4333817958831787,512,0.43950435519218445,0.26557856798171997,0.05403963103890419,0.5064019560813904,0.39695554971694946,0.507989227771759,0.39622506499290466,0.5079892873764038,0.39622488617897034,0.23200157284736633,0.5064019560813904,0.19584709405899048,0.4423842430114746,1.0
broad__calru__s2__lr0p003_eta1000_i50__seed10,calru,CA-LRU,s2,10,True,0.02049138955771923,topology-specific validation-selected,0.0019363693427294493,smoothness,smooth_l0p5,GP ell=0.5,0.5,,variable_sparsity,0.04563542827963829,True,0.5,1.2707858085632324,128,0.0868622213602066,0.06267285346984863,0.009800431318581104,0.09584249556064606,0.07888505607843399,0.09162619709968567,0.07670383900403976,0.09162618219852448,0.07670383900403976,0.05847901105880737,0.09584249556064606,0.04932811111211777,0.10087183862924576,1.0
broad__calru__s2__lr0p003_eta1000_i50__seed10,calru,CA-LRU,s2,10,True,0.02049138955771923,topology-specific validation-selected,0.0025347601622343063,smoothness,smooth_l2,GP ell=2.0,2.0,,variable_sparsity,0.04702192172408104,True,2.0,1.1337003707885742,128,0.09785405546426773,0.06834132224321365,0.0110638327896595,0.10931234061717987,0.08398918062448502,0.10458865016698837,0.0789780393242836,0.10458870977163315,0.0789780393242836,0.06309345364570618,0.10931234061717987,0.049883998930454254,0.12281540781259537,1.0
broad__calru__s2__lr0p003_eta1000_i50__seed10,calru,CA-LRU,s2,10,True,0.02049138955771923,topology-specific validation-selected,0.0007066336693242192,velocity,velocity_x0p5,0.5x,0.5,,variable_sparsity,0.027153892442584038,True,1.0,1.1049447059631348,128,0.04688245803117752,0.03955523669719696,0.008078708313405514,0.050742246210575104,0.04346868395805359,0.04846637696027756,0.040669623762369156,0.048466309905052185,0.04066815972328186,0.03650258854031563,0.050742246210575104,0.033655084669589996,0.06169732287526131,0.5
broad__calru__s2__lr0p003_eta1000_i50__seed10,calru,CA-LRU,s2,10,True,0.02049138955771923,topology-specific validation-selected,0.010435407981276512,velocity,velocity_x1p5,1.5x,1.5,,variable_sparsity,0.09029990434646606,True,1.0,1.2319731712341309,128,0.18098777532577515,0.1174849271774292,0.02053593099117279,0.20772361755371094,0.13012319803237915,0.2023681402206421,0.13179105520248413,0.2023681402206421,0.13179105520248413,0.11079320311546326,0.20772361755371094,0.07673749327659607,0.2268291860818863,1.5
broad__calru__s2__lr0p003_eta1000_i50__seed10,calru,CA-LRU,s2,10,True,0.02049138955771923,topology-specific validation-selected,0.04646745324134827,velocity,velocity_x2,2.0x,2.0,,variable_sparsity,0.21205170452594757,True,1.0,1.2675329446792603,128,0.38313138484954834,0.24785566329956055,0.04494383931159973,0.41120240092277527,0.22336804866790771,0.408619225025177,0.2168838083744049,0.4086192846298218,0.2168838083744049,0.23904234170913696,0.41120240092277527,0.11917952448129654,0.6189242005348206,2.0
refine__calru__s2__lr0p003_eta1000_i50__seed11,calru,CA-LRU,s2,11,False,0.04839681088924408,topology-specific validation-selected,0.29379022121429443,combined,combined_h1024_x1p5,"T=1024, 1.5x",T1024_1.5x,,variable_sparsity,0.6727196574211121,True,1.0,1.5011184215545654,1024,1.3593977689743042,1.0863628387451172,0.17644087970256805,1.3646509647369385,1.3360447883605957,1.368072271347046,1.3274405002593994,1.368072271347046,1.3274405002593994,0.9850206971168518,1.3646509647369385,1.0128918886184692,1.4962501525878906,1.5
refine__calru__s2__lr0p003_eta1000_i50__seed11,calru,CA-LRU,s2,11,False,0.04839681088924408,topology-specific validation-selected,0.353039026260376,combined,combined_h1024_x2,"T=1024, 2.0x",T1024_2.0x,,variable_sparsity,0.9238075017929077,True,1.0,1.5028951168060303,1024,1.4602348804473877,1.2471599578857422,0.23865823447704315,1.5101029872894287,1.545157790184021,1.5067840814590454,1.538002610206604,1.5067840814590454,1.538002610206604,1.1679389476776123,1.5101029872894287,1.2082056999206543,1.589021921157837,2.0
refine__calru__s2__lr0p003_eta1000_i50__seed11,calru,CA-LRU,s2,11,False,0.04839681088924408,topology-specific validation-selected,0.00525351008400321,dwell,dwell_block64,64-step middle blank,middle_blank_64,,variable_sparsity,0.09671233594417572,True,1.0,1.157697081565857,128,0.11470922827720642,0.1053413525223732,0.03308524191379547,0.12877899408340454,0.11151859909296036,0.13175815343856812,0.11661195009946823,0.13175815343856812,0.11661195009946823,0.09996165335178375,0.12877899408340454,0.08762145787477493,0.15376609563827515,1.0
refine__calru__s2__lr0p003_eta1000_i50__seed11,calru,CA-LRU,s2,11,False,0.04839681088924408,topology-specific validation-selected,0.01647081784904003,dwell,dwell_dense,dense,dense,,dense,,True,1.0,1.3137948513031006,128,0.24515560269355774,0.16866526007652283,0.036467764526605606,0.2728443443775177,0.23479053378105164,0.2782464325428009,0.23465551435947418,0.2782464325428009,0.23465551435947418,0.16866526007652283,0.2728443443775177,0.1363016813993454,0.2786793112754822,1.0
refine__calru__s2__lr0p003_eta1000_i50__seed11,calru,CA-LRU,s2,11,False,0.04839681088924408,topology-specific validation-selected,0.004772153217345476,dwell,dwell_p0p25,active p=0.25,0.25,,fixed_probability,0.09525377303361893,True,1.0,1.1387076377868652,128,0.11512239277362823,0.09711436182260513,0.03214586526155472,0.12115726619958878,0.10701809078454971,0.12257413566112518,0.10671298205852509,0.12257413566112518,0.10671298205852509,0.09572210907936096,0.12115726619958878,0.08505228161811829,0.14741262793540955,1.0
refine__calru__s2__lr0p003_eta1000_i50__seed11,calru,CA-LRU,s2,11,False,0.04839681088924408,topology-specific validation-selected,0.00815138965845108,dwell,dwell_p0p50,active p=0.50,0.5,,fixed_probability,0.12059183418750763,True,1.0,1.2634965181350708,128,0.16122397780418396,0.12274578958749771,0.03333089500665665,0.17177677154541016,0.14623819291591644,0.1752946972846985,0.14720933139324188,0.1752946972846985,0.14720933139324188,0.12167879939079285,0.17177677154541016,0.10556381940841675,0.19404387474060059,1.0
refine__calru__s2__lr0p003_eta1000_i50__seed11,calru,CA-LRU,s2,11,False,0.04839681088924408,topology-specific validation-selected,0.011465312913060188,dwell,dwell_p0p75,active p=0.75,0.75,,fixed_probability,0.14031727612018585,True,1.0,1.2911617755889893,128,0.19836869835853577,0.14299431443214417,0.03429008275270462,0.21475693583488464,0.18410898745059967,0.2189437747001648,0.19127559661865234,0.2189437747001648,0.19127559661865234,0.14232824742794037,0.21475693583488464,0.1201111227273941,0.22002863883972168,1.0
refine__calru__s2__lr0p003_eta1000_i50__seed11,calru,CA-LRU,s2,11,False,0.04839681088924408,topology-specific validation-selected,0.011462673544883728,id,id_h128,ID T=128,128,,variable_sparsity,0.10673075169324875,True,1.0,1.196302056312561,128,0.19498832523822784,0.15253908932209015,0.03524257242679596,0.21018126606941223,0.16547681391239166,0.21373219788074493,0.169844388961792,0.21373221278190613,0.169844388961792,0.14126315712928772,0.21018126606941223,0.11951188743114471,0.22982293367385864,1.0
refine__calru__s2__lr0p003_eta1000_i50__seed11,calru,CA-LRU,s2,11,False,0.04839681088924408,topology-specific validation-selected,0.2121710479259491,length,length_h1024,T=1024,1024,,variable_sparsity,0.37231484055519104,True,1.0,1.5051929950714111,1024,1.1373835802078247,0.854396402835846,0.11023136973381042,1.1910624504089355,1.1882944107055664,1.1916961669921875,1.187214970588684,1.1916961669921875,1.187214970588684,0.7362868785858154,1.1910624504089355,0.7147200107574463,1.2463030815124512,1.0
refine__calru__s2__lr0p003_eta1000_i50__seed11,calru,CA-LRU,s2,11,False,0.04839681088924408,topology-specific validation-selected,0.31366145610809326,length,length_h2048,T=2048,2048,,variable_sparsity,0.6416658759117126,True,1.0,1.54164457321167,2048,1.383638620376587,1.16365385055542,0.18930503726005554,1.4246430397033691,1.409773588180542,1.4224536418914795,1.4275850057601929,1.4224536418914795,1.4275850057601929,1.035667896270752,1.4246430397033691,1.0947157144546509,1.503814935684204,1.0
refine__calru__s2__lr0p003_eta1000_i50__seed11,calru,CA-LRU,s2,11,False,0.04839681088924408,topology-specific validation-selected,0.02761693112552166,length,length_h256,T=256,256,,variable_sparsity,0.14094991981983185,True,1.0,1.3367786407470703,256,0.33969753980636597,0.24191902577877045,0.03988998010754585,0.3871757388114929,0.2878245711326599,0.3939979672431946,0.2864038646221161,0.3939979672431946,0.2864038646221161,0.21717746555805206,0.3871757388114929,0.17425748705863953,0.4087590277194977,1.0
refine__calru__s2__lr0p003_eta1000_i50__seed11,calru,CA-LRU,s2,11,False,0.04839681088924408,topology-specific validation-selected,0.09617069363594055,length,length_h512,T=512,512,,variable_sparsity,0.21853339672088623,True,1.0,1.4333817958831787,512,0.7488208413124084,0.4880901277065277,0.058226849883794785,0.8550171852111816,0.6699972152709961,0.8594685792922974,0.6703183650970459,0.8594685792922974,0.6703183650970459,0.42199450731277466,0.8550171852111816,0.35750898718833923,0.8129562139511108,1.0
refine__calru__s2__lr0p003_eta1000_i50__seed11,calru,CA-LRU,s2,11,False,0.04839681088924408,topology-specific validation-selected,0.010129306465387344,smoothness,smooth_l0p5,GP ell=0.5,0.5,,variable_sparsity,0.09864293783903122,True,0.5,1.2707858085632324,128,0.18147492408752441,0.14601722359657288,0.034159597009420395,0.19452333450317383,0.16596458852291107,0.1973569244146347,0.16891232132911682,0.1973569244146347,0.16891232132911682,0.1343558132648468,0.19452333450317383,0.11541994661092758,0.22055044770240784,1.0
refine__calru__s2__lr0p003_eta1000_i50__seed11,calru,CA-LRU,s2,11,False,0.04839681088924408,topology-specific validation-selected,0.013744737021625042,smoothness,smooth_l2,GP ell=2.0,2.0,,variable_sparsity,0.1160229742527008,True,2.0,1.1337003707885742,128,0.22501921653747559,0.16433197259902954,0.03553087264299393,0.24698927998542786,0.18586310744285583,0.2535330057144165,0.19738304615020752,0.2535330057144165,0.19738304615020752,0.15244048833847046,0.24698927998542786,0.12586753070354462,0.27214646339416504,1.0
refine__calru__s2__lr0p003_eta1000_i50__seed11,calru,CA-LRU,s2,11,False,0.04839681088924408,topology-specific validation-selected,0.0045308200642466545,velocity,velocity_x0p5,0.5x,0.5,,variable_sparsity,0.07569359987974167,True,1.0,1.1049447059631348,128,0.11719679087400436,0.0992182195186615,0.033095791935920715,0.12708057463169098,0.11208701878786087,0.12923158705234528,0.11031996458768845,0.12923158705234528,0.11031996458768845,0.09342752397060394,0.12708057463169098,0.0868462324142456,0.1359887719154358,0.5
refine__calru__s2__lr0p003_eta1000_i50__seed11,calru,CA-LRU,s2,11,False,0.04839681088924408,topology-specific validation-selected,0.03357245773077011,velocity,velocity_x1p5,1.5x,1.5,,variable_sparsity,0.1678328663110733,True,1.0,1.2319731712341309,128,0.35176563262939453,0.25194215774536133,0.04192390292882919,0.39765751361846924,0.27044758200645447,0.4079846143722534,0.2690574824810028,0.4079846143722534,0.2690572738647461,0.2312382608652115,0.39765751361846924,0.1639108806848526,0.46206945180892944,1.5
refine__calru__s2__lr0p003_eta1000_i50__seed11,calru,CA-LRU,s2,11,False,0.04839681088924408,topology-specific validation-selected,0.09120649099349976,velocity,velocity_x2,2.0x,2.0,,variable_sparsity,0.2984811067581177,True,1.0,1.2675329446792603,128,0.6025646924972534,0.4228333830833435,0.05724392831325531,0.6811294555664062,0.4526655673980713,0.695183277130127,0.46186184883117676,0.695183277130127,0.46186184883117676,0.3922234773635864,0.6811294555664062,0.2424507439136505,0.9172145128250122,2.0
refine__calru__s2__lr0p003_eta1000_i50__seed12,calru,CA-LRU,s2,12,False,0.02780994400382042,topology-specific validation-selected,0.26362234354019165,combined,combined_h1024_x1p5,"T=1024, 1.5x",T1024_1.5x,,variable_sparsity,0.6382246017456055,True,1.0,1.5011184215545654,1024,1.2781600952148438,1.019027829170227,0.2235644906759262,1.362502098083496,1.3122124671936035,1.362889051437378,1.2842750549316406,1.362889051437378,1.2842750549316406,0.9257314205169678,1.362502098083496,0.9530430436134338,1.4317879676818848,1.5
refine__calru__s2__lr0p003_eta1000_i50__seed12,calru,CA-LRU,s2,12,False,0.02780994400382042,topology-specific validation-selected,0.30905672907829285,combined,combined_h1024_x2,"T=1024, 2.0x",T1024_2.0x,,variable_sparsity,0.9286572933197021,True,1.0,1.5028951168060303,1024,1.4209678173065186,1.171112060546875,0.31867194175720215,1.459969162940979,1.3487873077392578,1.4606515169143677,1.3615953922271729,1.4606515169143677,1.3615953922271729,1.1117109060287476,1.459969162940979,1.1718634366989136,1.5581883192062378,2.0
refine__calru__s2__lr0p003_eta1000_i50__seed12,calru,CA-LRU,s2,12,False,0.02780994400382042,topology-specific validation-selected,0.002273435704410076,dwell,dwell_block64,64-step middle blank,middle_blank_64,,variable_sparsity,0.05951531603932381,True,1.0,1.157697081565857,128,0.07434684038162231,0.060792967677116394,0.010570954531431198,0.08523926138877869,0.06874334812164307,0.09308469295501709,0.07521382719278336,0.0930846780538559,0.07521462440490723,0.05999642610549927,0.08523926138877869,0.042666733264923096,0.10603127628564835,1.0
refine__calru__s2__lr0p003_eta1000_i50__seed12,calru,CA-LRU,s2,12,False,0.02780994400382042,topology-specific validation-selected,0.007807399611920118,dwell,dwell_dense,dense,dense,,dense,,True,1.0,1.3137948513031006,128,0.17131973803043365,0.10559871792793274,0.020189177244901657,0.19582456350326538,0.14584538340568542,0.21258948743343353,0.1662922352552414,0.21258948743343353,0.16629187762737274,0.10559871792793274,0.19582456350326538,0.07571196556091309,0.2125043272972107,1.0
refine__calru__s2__lr0p003_eta1000_i50__seed12,calru,CA-LRU,s2,12,False,0.02780994400382042,topology-specific validation-selected,0.002318864455446601,dwell,dwell_p0p25,active p=0.25,0.25,,fixed_probability,0.059804245829582214,True,1.0,1.1387076377868652,128,0.0846996158361435,0.059413935989141464,0.009527690708637238,0.09024260938167572,0.0697743222117424,0.09344455599784851,0.07096704840660095,0.09344454109668732,0.07096704840660095,0.05970599874854088,0.09024260938167572,0.04472365602850914,0.12643060088157654,1.0
refine__calru__s2__lr0p003_eta1000_i50__seed12,calru,CA-LRU,s2,12,False,0.02780994400382042,topology-specific validation-selected,0.004152873530983925,dwell,dwell_p0p50,active p=0.50,0.5,,fixed_probability,0.07668624073266983,True,1.0,1.2634965181350708,128,0.1102685034275055,0.07518939673900604,0.011162839829921722,0.12007827311754227,0.08501880615949631,0.12801897525787354,0.09021866321563721,0.12801897525787354,0.09021866321563721,0.07593086361885071,0.12007827311754227,0.05154003947973251,0.14062443375587463,1.0
refine__calru__s2__lr0p003_eta1000_i50__seed12,calru,CA-LRU,s2,12,False,0.02780994400382042,topology-specific validation-selected,0.0054317740723490715,dwell,dwell_p0p75,active p=0.75,0.75,,fixed_probability,0.08792786300182343,True,1.0,1.2911617755889893,128,0.13199743628501892,0.08628036081790924,0.014542801305651665,0.14669619500637054,0.10917605459690094,0.15930688381195068,0.12114813178777695,0.15930688381195068,0.12114813178777695,0.0866902768611908,0.14669619500637054,0.06254422664642334,0.1616896241903305,1.0
refine__calru__s2__lr0p003_eta1000_i50__seed12,calru,CA-LRU,s2,12,False,0.02780994400382042,topology-specific validation-selected,0.005899490788578987,id,id_h128,ID T=128,128,,variable_sparsity,0.06222376227378845,True,1.0,1.196302056312561,128,0.1400059014558792,0.09709735214710236,0.01627505011856556,0.15864995121955872,0.12044376879930496,0.17183105647563934,0.13484521210193634,0.17183102667331696,0.13484521210193634,0.08851304650306702,0.15864995121955872,0.06287705898284912,0.16887915134429932,1.0
refine__calru__s2__lr0p003_eta1000_i50__seed12,calru,CA-LRU,s2,12,False,0.02780994400382042,topology-specific validation-selected,0.187382310628891,length,length_h1024,T=1024,1024,,variable_sparsity,0.30457764863967896,True,1.0,1.5051929950714111,1024,1.091519832611084,0.8060174584388733,0.13681048154830933,1.1543469429016113,1.010058045387268,1.1592751741409302,1.0073457956314087,1.1592750549316406,1.0073459148406982,0.6831652522087097,1.1543469429016113,0.7023839950561523,1.178833246231079,1.0
refine__calru__s2__lr0p003_eta1000_i50__seed12,calru,CA-LRU,s2,12,False,0.02780994400382042,topology-specific validation-selected,0.27698808908462524,length,length_h2048,T=2048,2048,,variable_sparsity,0.5520908236503601,True,1.0,1.54164457321167,2048,1.3530982732772827,1.1264126300811768,0.24054238200187683,1.342735767364502,1.2350057363510132,1.3420891761779785,1.241485834121704,1.3420891761779785,1.241485834121704,0.9855948686599731,1.342735767364502,1.0400751829147339,1.5374958515167236,1.0
refine__calru__s2__lr0p003_eta1000_i50__seed12,calru,CA-LRU,s2,12,False,0.02780994400382042,topology-specific validation-selected,0.020116742700338364,length,length_h256,T=256,256,,variable_sparsity,0.09404589235782623,True,1.0,1.3367786407470703,256,0.3022662401199341,0.19409291446208954,0.02918628416955471,0.3622339367866516,0.27315640449523926,0.37298208475112915,0.27942997217178345,0.37298211455345154,0.27942997217178345,0.16957730054855347,0.3622339367866516,0.14174702763557434,0.323508083820343,1.0
refine__calru__s2__lr0p003_eta1000_i50__seed12,calru,CA-LRU,s2,12,False,0.02780994400382042,topology-specific validation-selected,0.08237835764884949,length,length_h512,T=512,512,,variable_sparsity,0.1652318686246872,True,1.0,1.4333817958831787,512,0.6889462471008301,0.446521133184433,0.06719749420881271,0.7817946672439575,0.6609694361686707,0.7861313819885254,0.6836378574371338,0.7861313819885254,0.6836378574371338,0.3775486946105957,0.7817946672439575,0.3309743404388428,0.7701412439346313,1.0
refine__calru__s2__lr0p003_eta1000_i50__seed12,calru,CA-LRU,s2,12,False,0.02780994400382042,topology-specific validation-selected,0.00452928151935339,smoothness,smooth_l0p5,GP ell=0.5,0.5,,variable_sparsity,0.057987671345472336,True,0.5,1.2707858085632324,128,0.12479354441165924,0.09186117351055145,0.01501314714550972,0.1372138112783432,0.1073596179485321,0.1447305828332901,0.11693272739648819,0.1447305679321289,0.11693272739648819,0.08352304995059967,0.1372138112783432,0.06803615391254425,0.14982450008392334,1.0
refine__calru__s2__lr0p003_eta1000_i50__seed12,calru,CA-LRU,s2,12,False,0.02780994400382042,topology-specific validation-selected,0.006949793081730604,smoothness,smooth_l2,GP ell=2.0,2.0,,variable_sparsity,0.06633023917675018,True,2.0,1.1337003707885742,128,0.1494615375995636,0.09976903349161148,0.0170375294983387,0.17312359809875488,0.10793546587228775,0.1869426816701889,0.12114813178777695,0.18694257736206055,0.12114813178777695,0.09153792262077332,0.17312359809875488,0.062355782836675644,0.1746698021888733,1.0
refine__calru__s2__lr0p003_eta1000_i50__seed12,calru,CA-LRU,s2,12,False,0.02780994400382042,topology-specific validation-selected,0.0011447337456047535,velocity,velocity_x0p5,0.5x,0.5,,variable_sparsity,0.03357910364866257,True,1.0,1.1049447059631348,128,0.061814084649086,0.04685072600841522,0.011749383993446827,0.06914810836315155,0.05358067527413368,0.07476416230201721,0.058794163167476654,0.07476416230201721,0.058794163167476654,0.043583858758211136,0.06914810836315155,0.03693738207221031,0.07446584105491638,0.5
refine__calru__s2__lr0p003_eta1000_i50__seed12,calru,CA-LRU,s2,12,False,0.02780994400382042,topology-specific validation-selected,0.022733991965651512,velocity,velocity_x1p5,1.5x,1.5,,variable_sparsity,0.13528908789157867,True,1.0,1.2319731712341309,128,0.2687445282936096,0.18198764324188232,0.029201369732618332,0.30353277921676636,0.21911996603012085,0.3227180242538452,0.24182742834091187,0.3227180242538452,0.24182742834091187,0.17049255967140198,0.30353277921676636,0.1098218709230423,0.3572807013988495,1.5
refine__calru__s2__lr0p003_eta1000_i50__seed12,calru,CA-LRU,s2,12,False,0.02780994400382042,topology-specific validation-selected,0.06929945945739746,velocity,velocity_x2,2.0x,2.0,,variable_sparsity,0.2876971960067749,True,1.0,1.2675329446792603,128,0.5027174949645996,0.3315986394882202,0.05542181432247162,0.561353325843811,0.3391685485839844,0.5782583951950073,0.39003685116767883,0.5782583355903625,0.39003685116767883,0.3207921087741852,0.561353325843811,0.18674761056900024,0.7845867872238159,2.0
