job_id,model,model_label,topology,seed,task_success,validation_error,selection_regime,component_mse,condition_axis,condition_id,condition_label,condition_value,divergence_step,dwell_profile,dwell_step_mean_error_radians,finite,gp_length_scale,hold_baseline_mean_error_radians,horizon,last_quarter_mean_error_radians,moving_step_mean_error_radians,output_norm_absolute_error,post_blank_0_mean_error_radians,post_blank_0_median_error_radians,post_blank_128_mean_error_radians,post_blank_128_median_error_radians,post_blank_512_mean_error_radians,post_blank_512_median_error_radians,sequence_mean_error_radians,terminal_mean_error_radians,trial_median_error_radians,trial_p90_error_radians,velocity_scale
pilot__rnn__s1__seed12,rnn,RNN,s1,12,True,0.02054002322256565,ring-selected zero-retuning,0.2844001352787018,combined,combined_h1024_x1p5,"T=1024, 1.5x",T1024_1.5x,,variable_sparsity,0.500806450843811,True,1.0,1.4864857196807861,1024,1.0459668636322021,0.686905026435852,0.04901093244552612,1.1588728427886963,1.0575006008148193,1.2128450870513916,1.0901939868927002,1.3442400693893433,1.2269108295440674,0.6413111090660095,1.1588728427886963,0.5531060695648193,1.2058439254760742,1.5
pilot__rnn__s1__seed12,rnn,RNN,s1,12,True,0.02054002322256565,ring-selected zero-retuning,0.4483494758605957,combined,combined_h1024_x2,"T=1024, 2.0x",T1024_2.0x,,variable_sparsity,0.7308569550514221,True,1.0,1.537050485610962,1024,1.3075339794158936,0.9598227143287659,0.10624386370182037,1.3802417516708374,1.3164833784103394,1.4412914514541626,1.3276383876800537,1.4903115034103394,1.5090429782867432,0.9037263989448547,1.3802417516708374,0.7733774185180664,1.6646195650100708,2.0
pilot__rnn__s1__seed12,rnn,RNN,s1,12,True,0.02054002322256565,ring-selected zero-retuning,0.005408814642578363,dwell,dwell_block64,64-step middle blank,middle_blank_64,,variable_sparsity,0.05974533036351204,True,1.0,1.1519736051559448,128,0.09947022795677185,0.07070093601942062,0.025940947234630585,0.11032144725322723,0.08166313171386719,0.1953783929347992,0.17951035499572754,0.39484432339668274,0.3667421340942383,0.06387073546648026,0.11032144725322723,0.04797134920954704,0.1197933554649353,1.0
pilot__rnn__s1__seed12,rnn,RNN,s1,12,True,0.02054002322256565,ring-selected zero-retuning,0.006354588083922863,dwell,dwell_dense,dense,dense,,dense,,True,1.0,1.4443029165267944,128,0.11430775374174118,0.0718708336353302,0.02333824895322323,0.1312585026025772,0.1107933521270752,0.22868484258651733,0.2029709666967392,0.44663578271865845,0.40689682960510254,0.0718708336353302,0.1312585026025772,0.0584627166390419,0.11905792355537415,1.0
pilot__rnn__s1__seed12,rnn,RNN,s1,12,True,0.02054002322256565,ring-selected zero-retuning,0.0033186711370944977,dwell,dwell_p0p25,active p=0.25,0.25,,fixed_probability,0.05179447680711746,True,1.0,0.9348552227020264,128,0.08190634846687317,0.056068915873765945,0.022821325808763504,0.09028546512126923,0.0796668529510498,0.1697545051574707,0.14519023895263672,0.38994163274765015,0.3516025245189667,0.05287039279937744,0.09028546512126923,0.04265708476305008,0.09870047122240067,1.0
pilot__rnn__s1__seed12,rnn,RNN,s1,12,True,0.02054002322256565,ring-selected zero-retuning,0.0041728694923222065,dwell,dwell_p0p50,active p=0.50,0.5,,fixed_probability,0.06152986362576485,True,1.0,1.2523558139801025,128,0.09339556097984314,0.05886814370751381,0.025776904076337814,0.10503832995891571,0.08808231353759766,0.17959412932395935,0.16195200383663177,0.3862802982330322,0.32131338119506836,0.06018665432929993,0.10503832995891571,0.05111446976661682,0.10160747170448303,1.0
pilot__rnn__s1__seed12,rnn,RNN,s1,12,True,0.02054002322256565,ring-selected zero-retuning,0.0054804375395178795,dwell,dwell_p0p75,active p=0.75,0.75,,fixed_probability,0.07553542405366898,True,1.0,1.375307321548462,128,0.11067016422748566,0.06872258335351944,0.024258676916360855,0.12172001600265503,0.11046695709228516,0.19616520404815674,0.17049455642700195,0.38679972290992737,0.3225867748260498,0.07041768729686737,0.12172001600265503,0.05821821093559265,0.12836313247680664,1.0
pilot__rnn__s1__seed12,rnn,RNN,s1,12,True,0.02054002322256565,ring-selected zero-retuning,0.0048037003725767136,id,id_h128,ID T=128,128,,variable_sparsity,0.052149467170238495,True,1.0,1.2498135566711426,128,0.1009359359741211,0.06814853847026825,0.023651957511901855,0.11344023048877716,0.09829043596982956,0.19944331049919128,0.18242788314819336,0.41280117630958557,0.34587666392326355,0.06421029567718506,0.11344023048877716,0.05292975902557373,0.11581602692604065,1.0
pilot__rnn__s1__seed12,rnn,RNN,s1,12,True,0.02054002322256565,ring-selected zero-retuning,0.15171688795089722,path,path_h1024,T=1024,1024,,variable_sparsity,0.34650737047195435,True,1.0,1.4843645095825195,1024,0.7800787091255188,0.4813362956047058,0.02279287949204445,0.8931747078895569,0.8735470175743103,0.977952778339386,0.9545443058013916,1.1579527854919434,1.1205408573150635,0.44830334186553955,0.8931747078895569,0.43525952100753784,0.721061646938324,1.0
pilot__rnn__s1__seed12,rnn,RNN,s1,12,True,0.02054002322256565,ring-selected zero-retuning,0.45972299575805664,path,path_h2048,T=2048,2048,,variable_sparsity,0.7018909454345703,True,1.0,1.5195776224136353,2048,1.5297338962554932,0.941572904586792,0.022401684895157814,1.7305076122283936,1.72612726688385,1.8198060989379883,1.8242682218551636,1.9933804273605347,2.039311647415161,0.8828054666519165,1.7305076122283936,0.8617313504219055,1.2926445007324219,1.0
pilot__rnn__s1__seed12,rnn,RNN,s1,12,True,0.02054002322256565,ring-selected zero-retuning,0.013054153881967068,path,path_h256,T=256,256,,variable_sparsity,0.0906844437122345,True,1.0,1.345548152923584,256,0.19441479444503784,0.12427087128162384,0.022699713706970215,0.22182700037956238,0.2022111415863037,0.3038923740386963,0.2682502269744873,0.4944396913051605,0.4456327259540558,0.11604081839323044,0.22182700037956238,0.10864099860191345,0.1898723691701889,1.0
pilot__rnn__s1__seed12,rnn,RNN,s1,12,True,0.02054002322256565,ring-selected zero-retuning,0.04542664811015129,path,path_h512,T=512,512,,variable_sparsity,0.1737920194864273,True,1.0,1.435025930404663,512,0.3909963071346283,0.24455218017101288,0.023017656058073044,0.4408576488494873,0.4111645221710205,0.5260317325592041,0.4947853088378906,0.7260341644287109,0.6895687580108643,0.2272017002105713,0.4408576488494873,0.21398039162158966,0.3696145713329315,1.0
pilot__rnn__s1__seed12,rnn,RNN,s1,12,True,0.02054002322256565,ring-selected zero-retuning,0.00530930794775486,smoothness,smooth_l0p5,GP ell=0.5,0.5,,variable_sparsity,0.05536253750324249,True,0.5,1.2179415225982666,128,0.1044393852353096,0.07228978723287582,0.027774285525083542,0.11759484559297562,0.10419463366270065,0.2060505747795105,0.18572759628295898,0.4195050299167633,0.3455476760864258,0.06812305748462677,0.11759484559297562,0.05590658634901047,0.12095955014228821,1.0
pilot__rnn__s1__seed12,rnn,RNN,s1,12,True,0.02054002322256565,ring-selected zero-retuning,0.004901682958006859,smoothness,smooth_l2,GP ell=2.0,2.0,,variable_sparsity,0.05202611908316612,True,2.0,1.252528429031372,128,0.10131849348545074,0.06744109094142914,0.02238425426185131,0.11634226143360138,0.09593415260314941,0.2035294622182846,0.17627668380737305,0.4180958867073059,0.35690781474113464,0.06364662200212479,0.11634226143360138,0.052816715091466904,0.11362126469612122,1.0
pilot__rnn__s1__seed12,rnn,RNN,s1,12,True,0.02054002322256565,ring-selected zero-retuning,0.2754676640033722,temporal,temporal_x16,16x time,16,,variable_sparsity,0.6296730637550354,True,1.0,1.2483572959899902,2048,1.0864081382751465,0.6552080512046814,0.01601550541818142,1.231967806816101,1.206238031387329,1.2980180978775024,1.2576963901519775,1.4525682926177979,1.436208963394165,0.6308761239051819,1.231967806816101,0.596854567527771,1.0610014200210571,1.0
pilot__rnn__s1__seed12,rnn,RNN,s1,12,True,0.02054002322256565,ring-selected zero-retuning,0.010639721527695656,temporal,temporal_x2,2x time,2,,variable_sparsity,0.0966787114739418,True,1.0,1.2493057250976562,256,0.17335303127765656,0.10281568765640259,0.023809805512428284,0.19533365964889526,0.1793360710144043,0.2710324823856354,0.24847769737243652,0.47879356145858765,0.4448370635509491,0.09899187088012695,0.19533365964889526,0.08210602402687073,0.18370762467384338,1.0
pilot__rnn__s1__seed12,rnn,RNN,s1,12,True,0.02054002322256565,ring-selected zero-retuning,0.03062659129500389,temporal,temporal_x4,4x time,4,,variable_sparsity,0.18077673017978668,True,1.0,1.2489402294158936,512,0.3230760097503662,0.19111749529838562,0.021079886704683304,0.3684716522693634,0.3507726192474365,0.44713038206100464,0.4246690273284912,0.6486008167266846,0.6082930564880371,0.18272556364536285,0.3684716522693634,0.16124272346496582,0.2879617512226105,1.0
pilot__rnn__s1__seed12,rnn,RNN,s1,12,True,0.02054002322256565,ring-selected zero-retuning,0.09495401382446289,temporal,temporal_x8,8x time,8,,variable_sparsity,0.34312090277671814,True,1.0,1.2485041618347168,1024,0.6012102365493774,0.3579491376876831,0.018290335312485695,0.678351879119873,0.6500027179718018,0.7449085712432861,0.7191698551177979,0.9255017042160034,0.8612034916877747,0.34451818466186523,0.678351879119873,0.31773632764816284,0.537695050239563,1.0
pilot__rnn__s1__seed12,rnn,RNN,s1,12,True,0.02054002322256565,ring-selected zero-retuning,0.002532974584028125,velocity,velocity_x0p5,0.5x,0.5,,variable_sparsity,0.046923842281103134,True,1.0,1.0554780960083008,128,0.07967382669448853,0.050591159611940384,0.01852451264858246,0.09174105525016785,0.08040332794189453,0.16422931849956512,0.15551424026489258,0.37190085649490356,0.3135509490966797,0.0496884360909462,0.09174105525016785,0.045289941132068634,0.0909641906619072,0.5
pilot__rnn__s1__seed12,rnn,RNN,s1,12,True,0.02054002322256565,ring-selected zero-retuning,0.021036524325609207,velocity,velocity_x1p5,1.5x,1.5,,variable_sparsity,0.09235769510269165,True,1.0,1.3258905410766602,128,0.16208377480506897,0.12160687893629074,0.045666784048080444,0.18418927490711212,0.11912869662046432,0.2662079930305481,0.20097994804382324,0.4677661955356598,0.4032557010650635,0.11440704762935638,0.18418927490711212,0.06627264618873596,0.20067423582077026,1.5
pilot__rnn__s1__seed12,rnn,RNN,s1,12,True,0.02054002322256565,ring-selected zero-retuning,0.06583201885223389,velocity,velocity_x2,2.0x,2.0,,variable_sparsity,0.20713293552398682,True,1.0,1.3806934356689453,128,0.3171911835670471,0.2502851188182831,0.09225045144557953,0.32835328578948975,0.1524503231048584,0.4269726276397705,0.23074841499328613,0.5827310085296631,0.4231712818145752,0.2396630048751831,0.32835328578948975,0.09130965173244476,0.558408260345459,2.0
pilot__gru__s1__seed12,gru,GRU,s1,12,True,0.0054211486130952835,ring-selected zero-retuning,0.051339127123355865,combined,combined_h1024_x1p5,"T=1024, 1.5x",T1024_1.5x,,variable_sparsity,0.09070682525634766,True,1.0,1.4864857196807861,1024,0.2511255443096161,0.1829759031534195,0.01742219552397728,0.27577733993530273,0.15356206893920898,0.2728927731513977,0.1481781005859375,0.28665319085121155,0.16943073272705078,0.1603700816631317,0.27577733993530273,0.0868782252073288,0.2653704583644867,1.5
pilot__gru__s1__seed12,gru,GRU,s1,12,True,0.0054211486130952835,ring-selected zero-retuning,0.18995466828346252,combined,combined_h1024_x2,"T=1024, 2.0x",T1024_2.0x,,variable_sparsity,0.19505901634693146,True,1.0,1.537050485610962,1024,0.6201130747795105,0.46401840448379517,0.027540184557437897,0.6831105947494507,0.3159363269805908,0.6825759410858154,0.29871582984924316,0.6999310255050659,0.3363511562347412,0.39812368154525757,0.6831105947494507,0.17916744947433472,1.1415531635284424,2.0
pilot__gru__s1__seed12,gru,GRU,s1,12,True,0.0054211486130952835,ring-selected zero-retuning,0.0003584054356906563,dwell,dwell_block64,64-step middle blank,middle_blank_64,,variable_sparsity,0.014580164104700089,True,1.0,1.1519736051559448,128,0.023048292845487595,0.020729277282953262,0.007197964936494827,0.025429552420973778,0.02122044563293457,0.03935428336262703,0.035581350326538086,0.09054750204086304,0.08183622360229492,0.016895651817321777,0.025429552420973778,0.01460278034210205,0.02731270343065262,1.0
pilot__gru__s1__seed12,gru,GRU,s1,12,True,0.0054211486130952835,ring-selected zero-retuning,0.00046405853936448693,dwell,dwell_dense,dense,dense,,dense,,True,1.0,1.4443029165267944,128,0.023380815982818604,0.018336569890379906,0.00799006037414074,0.02770928293466568,0.020493267104029655,0.0380832701921463,0.03248143196105957,0.0866573303937912,0.07850527763366699,0.018336569890379906,0.02770928293466568,0.014225559309124947,0.030026685446500778,1.0
pilot__gru__s1__seed12,gru,GRU,s1,12,True,0.0054211486130952835,ring-selected zero-retuning,0.00027873419458046556,dwell,dwell_p0p25,active p=0.25,0.25,,fixed_probability,0.013534395024180412,True,1.0,0.9348552227020264,128,0.02050064317882061,0.018307063728570938,0.007786274421960115,0.023390453308820724,0.0206301212310791,0.03790165111422539,0.03288722038269043,0.09576665610074997,0.08181214332580566,0.014735718257725239,0.023390453308820724,0.013491706922650337,0.022228345274925232,1.0
pilot__gru__s1__seed12,gru,GRU,s1,12,True,0.0054211486130952835,ring-selected zero-retuning,0.0004126450512558222,dwell,dwell_p0p50,active p=0.50,0.5,,fixed_probability,0.016035085543990135,True,1.0,1.2523558139801025,128,0.020961429923772812,0.01751946657896042,0.009966278448700905,0.02339426428079605,0.021242856979370117,0.03680037334561348,0.03252863883972168,0.09487620741128922,0.08045268058776855,0.01678416132926941,0.02339426428079605,0.015018410980701447,0.026219196617603302,1.0
pilot__gru__s1__seed12,gru,GRU,s1,12,True,0.0054211486130952835,ring-selected zero-retuning,0.000451833417173475,dwell,dwell_p0p75,active p=0.75,0.75,,fixed_probability,0.019583553075790405,True,1.0,1.375307321548462,128,0.020719192922115326,0.01681886613368988,0.009358834475278854,0.02370097115635872,0.021614789962768555,0.038238488137722015,0.03277158737182617,0.09482651203870773,0.0775296688079834,0.01750674843788147,0.02370097115635872,0.014677589759230614,0.02741071954369545,1.0
pilot__gru__s1__seed12,gru,GRU,s1,12,True,0.0054211486130952835,ring-selected zero-retuning,0.00041019608033820987,id,id_h128,ID T=128,128,,variable_sparsity,0.015206084586679935,True,1.0,1.2498135566711426,128,0.021688804030418396,0.017578870058059692,0.008446021005511284,0.025235623121261597,0.021007537841796875,0.038377948105335236,0.034576416015625,0.09169590473175049,0.0746309757232666,0.016994796693325043,0.025235623121261597,0.014663822948932648,0.0255572646856308,1.0
pilot__gru__s1__seed12,gru,GRU,s1,12,True,0.0054211486130952835,ring-selected zero-retuning,0.004668276757001877,path,path_h1024,T=1024,1024,,variable_sparsity,0.06255623698234558,True,1.0,1.4843645095825195,1024,0.0988040417432785,0.06673247367143631,0.009156427346169949,0.10588878393173218,0.08014202117919922,0.11076073348522186,0.09389424324035645,0.1372033953666687,0.1228642463684082,0.06570930778980255,0.10588878393173218,0.05365569889545441,0.11710912734270096,1.0
pilot__gru__s1__seed12,gru,GRU,s1,12,True,0.0054211486130952835,ring-selected zero-retuning,0.01013338752090931,path,path_h2048,T=2048,2048,,variable_sparsity,0.10022074729204178,True,1.0,1.5195776224136353,2048,0.15236486494541168,0.10178931057453156,0.009109467267990112,0.16263870894908905,0.12349438667297363,0.1670127809047699,0.1336219310760498,0.19834712147712708,0.17726540565490723,0.10140471160411835,0.16263870894908905,0.08482305705547333,0.18725886940956116,1.0
pilot__gru__s1__seed12,gru,GRU,s1,12,True,0.0054211486130952835,ring-selected zero-retuning,0.0007031562272459269,path,path_h256,T=256,256,,variable_sparsity,0.023375853896141052,True,1.0,1.345548152923584,256,0.03789816051721573,0.02606113813817501,0.00840984471142292,0.04101170599460602,0.03630638122558594,0.05023379996418953,0.04430389404296875,0.0974639356136322,0.08476042747497559,0.025403134524822235,0.04101170599460602,0.02213064581155777,0.041124023497104645,1.0
pilot__gru__s1__seed12,gru,GRU,s1,12,True,0.0054211486130952835,ring-selected zero-retuning,0.0019111523870378733,path,path_h512,T=512,512,,variable_sparsity,0.03793465346097946,True,1.0,1.435025930404663,512,0.06348168849945068,0.04183643311262131,0.008785422891378403,0.06923385709524155,0.05573439598083496,0.07572808861732483,0.0629889965057373,0.11691094934940338,0.10058140009641647,0.040879711508750916,0.06923385709524155,0.034550659358501434,0.06872659176588058,1.0
pilot__gru__s1__seed12,gru,GRU,s1,12,True,0.0054211486130952835,ring-selected zero-retuning,0.00046276868670247495,smoothness,smooth_l0p5,GP ell=0.5,0.5,,variable_sparsity,0.015497424639761448,True,0.5,1.2179415225982666,128,0.022174987941980362,0.01886408030986786,0.009665312245488167,0.02493535727262497,0.021392345428466797,0.03550327941775322,0.03200054168701172,0.08574672788381577,0.07072830200195312,0.018035361543297768,0.02493535727262497,0.01573883183300495,0.028941426426172256,1.0
pilot__gru__s1__seed12,gru,GRU,s1,12,True,0.0054211486130952835,ring-selected zero-retuning,0.0003496958233881742,smoothness,smooth_l2,GP ell=2.0,2.0,,variable_sparsity,0.014895320869982243,True,2.0,1.252528429031372,128,0.018644001334905624,0.016401782631874084,0.007965398952364922,0.021418698132038116,0.01663684844970703,0.037444185465574265,0.03341245651245117,0.0850028470158577,0.07329344749450684,0.01603095978498459,0.021418698132038116,0.014256445690989494,0.02446288801729679,1.0
pilot__gru__s1__seed12,gru,GRU,s1,12,True,0.0054211486130952835,ring-selected zero-retuning,0.016387782990932465,temporal,temporal_x16,16x time,16,,variable_sparsity,0.1319856494665146,True,1.0,1.2483572959899902,2048,0.2189369648694992,0.1355631798505783,0.004991848953068256,0.24513591825962067,0.2318131923675537,0.25369933247566223,0.24520635604858398,0.2898750603199005,0.27445030212402344,0.1321542114019394,0.24513591825962067,0.12641704082489014,0.23658211529254913,1.0
pilot__gru__s1__seed12,gru,GRU,s1,12,True,0.0054211486130952835,ring-selected zero-retuning,0.0006550922989845276,temporal,temporal_x2,2x time,2,,variable_sparsity,0.022837569937109947,True,1.0,1.2493057250976562,256,0.03148038685321808,0.02062067948281765,0.010871167294681072,0.035629402846097946,0.031194210052490234,0.04845936596393585,0.03970932960510254,0.10437958687543869,0.08946037292480469,0.022001974284648895,0.035629402846097946,0.018535882234573364,0.03611034154891968,1.0
pilot__gru__s1__seed12,gru,GRU,s1,12,True,0.0054211486130952835,ring-selected zero-retuning,0.001171656884253025,temporal,temporal_x4,4x time,4,,variable_sparsity,0.03354417160153389,True,1.0,1.2489402294158936,512,0.05506265535950661,0.038421161472797394,0.008363595232367516,0.06507520377635956,0.06018948554992676,0.07393641024827957,0.0708625316619873,0.12571898102760315,0.11152338236570358,0.034463297575712204,0.06507520377635956,0.03195609152317047,0.06150919198989868,1.0
pilot__gru__s1__seed12,gru,GRU,s1,12,True,0.0054211486130952835,ring-selected zero-retuning,0.0046639456413686275,temporal,temporal_x8,8x time,8,,variable_sparsity,0.06959672272205353,True,1.0,1.2485041618347168,1024,0.11627975106239319,0.07708774507045746,0.0059866937808692455,0.1331060528755188,0.13031578063964844,0.1411074548959732,0.13482332229614258,0.1833389699459076,0.1693892478942871,0.07030260562896729,0.1331060528755188,0.06747990846633911,0.12425697594881058,1.0
pilot__gru__s1__seed12,gru,GRU,s1,12,True,0.0054211486130952835,ring-selected zero-retuning,0.00014580145943909883,velocity,velocity_x0p5,0.5x,0.5,,variable_sparsity,0.012990818358957767,True,1.0,1.0554780960083008,128,0.016873277723789215,0.012658389285206795,0.004483661614358425,0.01939612627029419,0.01733088493347168,0.03629966080188751,0.030882837250828743,0.09401406347751617,0.0861973762512207,0.01274021714925766,0.01939612627029419,0.01231396198272705,0.02024078741669655,0.5
pilot__gru__s1__seed12,gru,GRU,s1,12,True,0.0054211486130952835,ring-selected zero-retuning,0.005596590228378773,velocity,velocity_x1p5,1.5x,1.5,,variable_sparsity,0.022356608882546425,True,1.0,1.3258905410766602,128,0.049077168107032776,0.041669946163892746,0.01570758782327175,0.05674220994114876,0.027241947129368782,0.0610574372112751,0.03602886199951172,0.10377609729766846,0.07290363311767578,0.03691587597131729,0.05674220994114876,0.01806480437517166,0.06040425971150398,1.5
pilot__gru__s1__seed12,gru,GRU,s1,12,True,0.0054211486130952835,ring-selected zero-retuning,0.030782094225287437,velocity,velocity_x2,2.0x,2.0,,variable_sparsity,0.05419880896806717,True,1.0,1.3806934356689453,128,0.1264941543340683,0.11120869964361191,0.02406606264412403,0.13834089040756226,0.03729605674743652,0.1348375678062439,0.04400777816772461,0.17312026023864746,0.08784008026123047,0.09717544168233871,0.13834089040756226,0.025805409997701645,0.17322543263435364,2.0
pilot__lstm__s1__seed10,lstm,LSTM,s1,10,True,0.0044144196435809135,ring-selected zero-retuning,0.02332143671810627,combined,combined_h1024_x1p5,"T=1024, 1.5x",T1024_1.5x,,variable_sparsity,0.09789089113473892,True,1.0,1.4864857196807861,1024,0.17716872692108154,0.11791666597127914,0.008693164214491844,0.19619767367839813,0.11440348625183105,0.20723624527454376,0.13419437408447266,0.2726687788963318,0.19184541702270508,0.11301038414239883,0.19619767367839813,0.0688844621181488,0.20936395227909088,1.5
pilot__lstm__s1__seed10,lstm,LSTM,s1,10,True,0.0044144196435809135,ring-selected zero-retuning,0.11488054692745209,combined,combined_h1024_x2,"T=1024, 2.0x",T1024_2.0x,,variable_sparsity,0.1905767023563385,True,1.0,1.537050485610962,1024,0.47423887252807617,0.3263484239578247,0.021066084504127502,0.5383862853050232,0.29296112060546875,0.5497426986694336,0.2914755344390869,0.6039716005325317,0.3568000793457031,0.2930845320224762,0.5383862853050232,0.15745872259140015,0.7201665639877319,2.0
pilot__lstm__s1__seed10,lstm,LSTM,s1,10,True,0.0044144196435809135,ring-selected zero-retuning,0.000317004625685513,dwell,dwell_block64,64-step middle blank,middle_blank_64,,variable_sparsity,0.017256364226341248,True,1.0,1.1519736051559448,128,0.029593393206596375,0.01756409928202629,0.004085257649421692,0.03156687319278717,0.025122642517089844,0.06502526998519897,0.05716538801789284,0.18489313125610352,0.1649174690246582,0.017372243106365204,0.03156687319278717,0.014169925823807716,0.03288907930254936,1.0
pilot__lstm__s1__seed10,lstm,LSTM,s1,10,True,0.0044144196435809135,ring-selected zero-retuning,0.00020497132209129632,dwell,dwell_dense,dense,dense,,dense,,True,1.0,1.4443029165267944,128,0.019891681149601936,0.01330780889838934,0.003945816773921251,0.021982407197356224,0.01790928840637207,0.05447378754615784,0.045809030532836914,0.174467071890831,0.1492311954498291,0.01330780889838934,0.021982407197356224,0.010472960770130157,0.024470018222928047,1.0
pilot__lstm__s1__seed10,lstm,LSTM,s1,10,True,0.0044144196435809135,ring-selected zero-retuning,0.0003021512820851058,dwell,dwell_p0p25,active p=0.25,0.25,,fixed_probability,0.017519507557153702,True,1.0,0.9348552227020264,128,0.026786815375089645,0.017657125368714333,0.00521568488329649,0.02845575287938118,0.022969722747802734,0.058570295572280884,0.04584193229675293,0.17539244890213013,0.15062165260314941,0.0175541453063488,0.02845575287938118,0.0147381741553545,0.029959075152873993,1.0
pilot__lstm__s1__seed10,lstm,LSTM,s1,10,True,0.0044144196435809135,ring-selected zero-retuning,0.00023190953652374446,dwell,dwell_p0p50,active p=0.50,0.5,,fixed_probability,0.014687853865325451,True,1.0,1.2523558139801025,128,0.021581348031759262,0.014281128533184528,0.005880770739167929,0.023319412022829056,0.01872730255126953,0.054499246180057526,0.04362010955810547,0.17473262548446655,0.15160512924194336,0.014482604339718819,0.023319412022829056,0.012695316225290298,0.024778015911579132,1.0
pilot__lstm__s1__seed10,lstm,LSTM,s1,10,True,0.0044144196435809135,ring-selected zero-retuning,0.00020918628433719277,dwell,dwell_p0p75,active p=0.75,0.75,,fixed_probability,0.014421483501791954,True,1.0,1.375307321548462,128,0.020798731595277786,0.013592178001999855,0.004841347225010395,0.022326741367578506,0.01945948600769043,0.05418301373720169,0.04262232780456543,0.1759471297264099,0.1476433277130127,0.013798518106341362,0.022326741367578506,0.011831996962428093,0.023912660777568817,1.0
pilot__lstm__s1__seed10,lstm,LSTM,s1,10,True,0.0044144196435809135,ring-selected zero-retuning,0.00023326033260673285,id,id_h128,ID T=128,128,,variable_sparsity,0.016841964796185493,True,1.0,1.2498135566711426,128,0.02105712704360485,0.013164128176867962,0.00464850477874279,0.022951949387788773,0.01865220069885254,0.055830635130405426,0.04870462417602539,0.175194650888443,0.14084386825561523,0.014069444499909878,0.022951949387788773,0.010864285752177238,0.027076974511146545,1.0
pilot__lstm__s1__seed10,lstm,LSTM,s1,10,True,0.0044144196435809135,ring-selected zero-retuning,0.005139327608048916,path,path_h1024,T=1024,1024,,variable_sparsity,0.09354029595851898,True,1.0,1.4843645095825195,1024,0.11644072830677032,0.06400857865810394,0.004567218944430351,0.12846215069293976,0.1150810718536377,0.1462620496749878,0.13652729988098145,0.21677954494953156,0.18103957176208496,0.07124382257461548,0.12846215069293976,0.06045100837945938,0.12281681597232819,1.0
pilot__lstm__s1__seed10,lstm,LSTM,s1,10,True,0.0044144196435809135,ring-selected zero-retuning,0.014689656905829906,path,path_h2048,T=2048,2048,,variable_sparsity,0.16658450663089752,True,1.0,1.5195776224136353,2048,0.21174736320972443,0.11454614251852036,0.0044701858423650265,0.24277648329734802,0.23446130752563477,0.26287469267845154,0.25025129318237305,0.3281444311141968,0.2829573154449463,0.12730541825294495,0.24277648329734802,0.11840970069169998,0.20760393142700195,1.0
pilot__lstm__s1__seed10,lstm,LSTM,s1,10,True,0.0044144196435809135,ring-selected zero-retuning,0.0005416814819909632,path,path_h256,T=256,256,,variable_sparsity,0.02832796983420849,True,1.0,1.345548152923584,256,0.035600557923316956,0.02091318368911743,0.004553389269858599,0.03998465836048126,0.03229784965515137,0.0695899948477745,0.06157851219177246,0.1885560303926468,0.15146231651306152,0.022730108350515366,0.03998465836048126,0.018583396449685097,0.03983473777770996,1.0
pilot__lstm__s1__seed10,lstm,LSTM,s1,10,True,0.0044144196435809135,ring-selected zero-retuning,0.0017299968749284744,path,path_h512,T=512,512,,variable_sparsity,0.05226001515984535,True,1.0,1.435025930404663,512,0.0650574266910553,0.0358598530292511,0.004554724786430597,0.07258842885494232,0.0604557991027832,0.09697987884283066,0.08315825462341309,0.200699582695961,0.16303730010986328,0.03988119214773178,0.07258842885494232,0.032944805920124054,0.06685453653335571,1.0
pilot__lstm__s1__seed10,lstm,LSTM,s1,10,True,0.0044144196435809135,ring-selected zero-retuning,0.00022841623285785317,smoothness,smooth_l0p5,GP ell=0.5,0.5,,variable_sparsity,0.017508387565612793,True,0.5,1.2179415225982666,128,0.02049943432211876,0.012642677873373032,0.004718868527561426,0.02263874188065529,0.017192840576171875,0.05771255865693092,0.04903388023376465,0.18438982963562012,0.17030072212219238,0.013840396888554096,0.02263874188065529,0.010789779946208,0.02587428316473961,1.0
pilot__lstm__s1__seed10,lstm,LSTM,s1,10,True,0.0044144196435809135,ring-selected zero-retuning,0.0002282233617734164,smoothness,smooth_l2,GP ell=2.0,2.0,,variable_sparsity,0.0169940534979105,True,2.0,1.252528429031372,128,0.021754849702119827,0.012818828225135803,0.0047159441746771336,0.023953434079885483,0.018085479736328125,0.0595070980489254,0.049074411392211914,0.1834232211112976,0.15817618370056152,0.013846579007804394,0.023953434079885483,0.011233627796173096,0.025764435529708862,1.0
pilot__lstm__s1__seed10,lstm,LSTM,s1,10,True,0.0044144196435809135,ring-selected zero-retuning,0.03943997249007225,temporal,temporal_x16,16x time,16,,variable_sparsity,0.20570166409015656,True,1.0,1.2483572959899902,2048,0.3321429193019867,0.19703055918216705,0.003621871117502451,0.37332168221473694,0.2998373508453369,0.39807820320129395,0.3367035388946533,0.47968006134033203,0.4225749671459198,0.20529314875602722,0.37332168221473694,0.1715123951435089,0.3788945972919464,1.0
pilot__lstm__s1__seed10,lstm,LSTM,s1,10,True,0.0044144196435809135,ring-selected zero-retuning,0.0007435596780851483,temporal,temporal_x2,2x time,2,,variable_sparsity,0.027639690786600113,True,1.0,1.2493057250976562,256,0.04122975468635559,0.02428712695837021,0.005857518874108791,0.04535779356956482,0.03612375259399414,0.07391271740198135,0.06127214431762695,0.18792051076889038,0.14811062812805176,0.026376035064458847,0.04535779356956482,0.021676234900951385,0.05113919824361801,1.0
pilot__lstm__s1__seed10,lstm,LSTM,s1,10,True,0.0044144196435809135,ring-selected zero-retuning,0.0029945876449346542,temporal,temporal_x4,4x time,4,,variable_sparsity,0.055590204894542694,True,1.0,1.2489402294158936,512,0.08746540546417236,0.051854658871889114,0.004982197191566229,0.09686283022165298,0.07958769798278809,0.1227387860417366,0.10189437866210938,0.21928167343139648,0.17136812210083008,0.05488619953393936,0.09686283022165298,0.04448345676064491,0.09956155717372894,1.0
pilot__lstm__s1__seed10,lstm,LSTM,s1,10,True,0.0044144196435809135,ring-selected zero-retuning,0.01132979430258274,temporal,temporal_x8,8x time,8,,variable_sparsity,0.10791651904582977,True,1.0,1.2485041618347168,1024,0.17227289080619812,0.10172522068023682,0.004046805668622255,0.1913907527923584,0.15620207786560059,0.21558843553066254,0.1876358836889267,0.29582101106643677,0.239149808883667,0.10733310878276825,0.1913907527923584,0.08760207891464233,0.19737619161605835,1.0
pilot__lstm__s1__seed10,lstm,LSTM,s1,10,True,0.0044144196435809135,ring-selected zero-retuning,0.0002188596554333344,velocity,velocity_x0p5,0.5x,0.5,,variable_sparsity,0.018408438190817833,True,1.0,1.0554780960083008,128,0.023827828466892242,0.013865729793906212,0.003462411928921938,0.02629617042839527,0.021220922470092773,0.05940940976142883,0.046225786209106445,0.1793888509273529,0.14966344833374023,0.01498393900692463,0.02629617042839527,0.013134580105543137,0.02594883367419243,0.5
pilot__lstm__s1__seed10,lstm,LSTM,s1,10,True,0.0044144196435809135,ring-selected zero-retuning,0.0020260170567780733,velocity,velocity_x1p5,1.5x,1.5,,variable_sparsity,0.020975399762392044,True,1.0,1.3258905410766602,128,0.034662988036870956,0.022828320041298866,0.008088994771242142,0.03787892311811447,0.021007776260375977,0.06795269250869751,0.0485224723815918,0.18437224626541138,0.14258861541748047,0.02237221598625183,0.03787892311811447,0.012506088241934776,0.036414287984371185,1.5
pilot__lstm__s1__seed10,lstm,LSTM,s1,10,True,0.0044144196435809135,ring-selected zero-retuning,0.011337965726852417,velocity,velocity_x2,2.0x,2.0,,variable_sparsity,0.04151993989944458,True,1.0,1.3806934356689453,128,0.08093451708555222,0.06039757654070854,0.016364680603146553,0.08789010345935822,0.02969527244567871,0.09997224062681198,0.05563211441040039,0.20550063252449036,0.16635489463806152,0.05575075373053551,0.08789010345935822,0.01714702509343624,0.09456402063369751,2.0
broad__calru__s1__lr0p01_eta1000_i50__seed10,calru,CA-LRU,s1,10,True,0.0027899411506950855,topology-specific validation-selected,0.03865985572338104,combined,combined_h1024_x1p5,"T=1024, 1.5x",T1024_1.5x,,variable_sparsity,0.1035417690873146,True,1.0,1.4864857196807861,1024,0.31815099716186523,0.19355593621730804,0.03139260411262512,0.38302797079086304,0.29604268074035645,0.3812098503112793,0.28869128227233887,0.3812127113342285,0.28873658180236816,0.17150256037712097,0.38302797079086304,0.11949928104877472,0.28825443983078003,1.5
broad__calru__s1__lr0p01_eta1000_i50__seed10,calru,CA-LRU,s1,10,True,0.0027899411506950855,topology-specific validation-selected,0.14265292882919312,combined,combined_h1024_x2,"T=1024, 2.0x",T1024_2.0x,,variable_sparsity,0.27811530232429504,True,1.0,1.537050485610962,1024,0.6691216826438904,0.43252789974212646,0.07743380963802338,0.7754319310188293,0.566401481628418,0.7726092338562012,0.558701753616333,0.7726044654846191,0.558725118637085,0.394696980714798,0.7754319310188293,0.25798335671424866,0.9545587301254272,2.0
broad__calru__s1__lr0p01_eta1000_i50__seed10,calru,CA-LRU,s1,10,True,0.0027899411506950855,topology-specific validation-selected,5.0432514399290085e-05,dwell,dwell_block64,64-step middle blank,middle_blank_64,,variable_sparsity,0.006944341119378805,True,1.0,1.1519736051559448,128,0.008586515672504902,0.00665530189871788,0.0013800221495330334,0.009189772419631481,0.006142377853393555,0.00929062906652689,0.005584001541137695,0.00929094385355711,0.005586147308349609,0.00683550164103508,0.009189772419631481,0.005199365317821503,0.01300063543021679,1.0
broad__calru__s1__lr0p01_eta1000_i50__seed10,calru,CA-LRU,s1,10,True,0.0027899411506950855,topology-specific validation-selected,0.00012439943384379148,dwell,dwell_dense,dense,dense,,dense,,True,1.0,1.4443029165267944,128,0.013326777145266533,0.009380489587783813,0.001585841178894043,0.014789590612053871,0.008543729782104492,0.015042922459542751,0.008585214614868164,0.015042852610349655,0.008584976196289062,0.009380489587783813,0.014789590612053871,0.006383480504155159,0.0177474282681942,1.0
broad__calru__s1__lr0p01_eta1000_i50__seed10,calru,CA-LRU,s1,10,True,0.0027899411506950855,topology-specific validation-selected,7.52280029701069e-05,dwell,dwell_p0p25,active p=0.25,0.25,,fixed_probability,0.007109924219548702,True,1.0,0.9348552227020264,128,0.00922706350684166,0.007082205731421709,0.0018558935262262821,0.010058777406811714,0.007123469840735197,0.010442179627716541,0.007298230659216642,0.010441952385008335,0.007297753822058439,0.007102947682142258,0.010058777406811714,0.005315309390425682,0.014750865288078785,1.0
broad__calru__s1__lr0p01_eta1000_i50__seed10,calru,CA-LRU,s1,10,True,0.0027899411506950855,topology-specific validation-selected,7.278958219103515e-05,dwell,dwell_p0p50,active p=0.50,0.5,,fixed_probability,0.007835375145077705,True,1.0,1.2523558139801025,128,0.009963342919945717,0.0077377427369356155,0.0018491623923182487,0.010593359358608723,0.007326125632971525,0.010702845640480518,0.0068776607513427734,0.010703250765800476,0.0068759918212890625,0.007786105386912823,0.010593359358608723,0.005722500383853912,0.01639101281762123,1.0
broad__calru__s1__lr0p01_eta1000_i50__seed10,calru,CA-LRU,s1,10,True,0.0027899411506950855,topology-specific validation-selected,0.00010382336040493101,dwell,dwell_p0p75,active p=0.75,0.75,,fixed_probability,0.009402135387063026,True,1.0,1.375307321548462,128,0.012768512591719627,0.009227440692484379,0.0017091252375394106,0.01408760342746973,0.008352994918823242,0.014060619287192822,0.009152889251708984,0.01406091544777155,0.00915670394897461,0.009270906448364258,0.01408760342746973,0.006762895733118057,0.019854996353387833,1.0
broad__calru__s1__lr0p01_eta1000_i50__seed10,calru,CA-LRU,s1,10,True,0.0027899411506950855,topology-specific validation-selected,9.670075814938173e-05,id,id_h128,ID T=128,128,,variable_sparsity,0.008268007077276707,True,1.0,1.2498135566711426,128,0.01146664284169674,0.008709813468158245,0.0016975067555904388,0.012165084481239319,0.007848978042602539,0.012343039736151695,0.007073163986206055,0.012343629263341427,0.007076263893395662,0.008601061068475246,0.012165084481239319,0.006234718486666679,0.01699969731271267,1.0
broad__calru__s1__lr0p01_eta1000_i50__seed10,calru,CA-LRU,s1,10,True,0.0027899411506950855,topology-specific validation-selected,0.005454586818814278,path,path_h1024,T=1024,1024,,variable_sparsity,0.035402022302150726,True,1.0,1.4843645095825195,1024,0.11739082634449005,0.07180655002593994,0.009158609434962273,0.14320732653141022,0.10208582878112793,0.1434546411037445,0.10496283322572708,0.14345413446426392,0.10494565963745117,0.06288748234510422,0.14320732653141022,0.046038705855607986,0.133310467004776,1.0
broad__calru__s1__lr0p01_eta1000_i50__seed10,calru,CA-LRU,s1,10,True,0.0027899411506950855,topology-specific validation-selected,0.0343574583530426,path,path_h2048,T=2048,2048,,variable_sparsity,0.08101236075162888,True,1.0,1.5195776224136353,2048,0.33156058192253113,0.1887083202600479,0.022993948310613632,0.4173111319541931,0.3321802616119385,0.4175211489200592,0.3236830234527588,0.4175182580947876,0.3235635757446289,0.16230237483978271,0.4173111319541931,0.1314551681280136,0.32910022139549255,1.0
broad__calru__s1__lr0p01_eta1000_i50__seed10,calru,CA-LRU,s1,10,True,0.0027899411506950855,topology-specific validation-selected,0.0002826974377967417,path,path_h256,T=256,256,,variable_sparsity,0.011244199238717556,True,1.0,1.345548152923584,256,0.022831186652183533,0.014602594077587128,0.002248351462185383,0.0269114151597023,0.015485525131225586,0.026547852903604507,0.015576601028442383,0.026547886431217194,0.015565632842481136,0.013779649510979652,0.0269114151597023,0.009623190388083458,0.028815755620598793,1.0
broad__calru__s1__lr0p01_eta1000_i50__seed10,calru,CA-LRU,s1,10,True,0.0027899411506950855,topology-specific validation-selected,0.0011567141627892852,path,path_h512,T=512,512,,variable_sparsity,0.018702827394008636,True,1.0,1.435025930404663,512,0.05120835453271866,0.031749699264764786,0.003921291325241327,0.06018052250146866,0.041289567947387695,0.06077117472887039,0.04126620292663574,0.060772739350795746,0.041272640228271484,0.02855059690773487,0.06018052250146866,0.01954985223710537,0.06173364073038101,1.0
broad__calru__s1__lr0p01_eta1000_i50__seed10,calru,CA-LRU,s1,10,True,0.0027899411506950855,topology-specific validation-selected,0.00010896299500018358,smoothness,smooth_l0p5,GP ell=0.5,0.5,,variable_sparsity,0.00803920067846775,True,0.5,1.2179415225982666,128,0.013458129949867725,0.009681220166385174,0.0015878115082159638,0.015062728896737099,0.008929252624511719,0.015296019613742828,0.01061558723449707,0.015296664088964462,0.010606050491333008,0.009277029894292355,0.015062728896737099,0.006842657923698425,0.018146727234125137,1.0
broad__calru__s1__lr0p01_eta1000_i50__seed10,calru,CA-LRU,s1,10,True,0.0027899411506950855,topology-specific validation-selected,0.00010325860057491809,smoothness,smooth_l2,GP ell=2.0,2.0,,variable_sparsity,0.0082716578617692,True,2.0,1.252528429031372,128,0.012506263330578804,0.009149962104856968,0.0017609153874218464,0.013324372470378876,0.007522106170654297,0.01304382923990488,0.007700681686401367,0.013043294660747051,0.007702588569372892,0.008933763951063156,0.013324372470378876,0.006760086864233017,0.018298737704753876,1.0
broad__calru__s1__lr0p01_eta1000_i50__seed10,calru,CA-LRU,s1,10,True,0.0027899411506950855,topology-specific validation-selected,0.0014950730837881565,temporal,temporal_x16,16x time,16,,variable_sparsity,0.015879567712545395,True,1.0,1.2483572959899902,2048,0.025172844529151917,0.017688153311610222,0.008774535730481148,0.03592488169670105,0.012634992599487305,0.03601452708244324,0.011867523193359375,0.03601277619600296,0.011873960494995117,0.015964780002832413,0.03592488169670105,0.008955251425504684,0.026342369616031647,1.0
broad__calru__s1__lr0p01_eta1000_i50__seed10,calru,CA-LRU,s1,10,True,0.0027899411506950855,topology-specific validation-selected,0.00027332486934028566,temporal,temporal_x2,2x time,2,,variable_sparsity,0.011325621977448463,True,1.0,1.2493057250976562,256,0.01711178570985794,0.012352537363767624,0.0032257135026156902,0.018840789794921875,0.009984254837036133,0.017806753516197205,0.010189533233642578,0.01780671253800392,0.010185956954956055,0.011712689884006977,0.018840789794921875,0.007236862555146217,0.025221865624189377,1.0
broad__calru__s1__lr0p01_eta1000_i50__seed10,calru,CA-LRU,s1,10,True,0.0027899411506950855,topology-specific validation-selected,0.0007543924730271101,temporal,temporal_x4,4x time,4,,variable_sparsity,0.013332999311387539,True,1.0,1.2489402294158936,512,0.02111009694635868,0.014708088710904121,0.006025010719895363,0.026899730786681175,0.012033224105834961,0.024623975157737732,0.011591196060180664,0.024622289463877678,0.011591196060180664,0.013592150993645191,0.026899730786681175,0.0077961646020412445,0.02872081659734249,1.0
broad__calru__s1__lr0p01_eta1000_i50__seed10,calru,CA-LRU,s1,10,True,0.0027899411506950855,topology-specific validation-selected,0.0012920773588120937,temporal,temporal_x8,8x time,8,,variable_sparsity,0.015161965042352676,True,1.0,1.2485041618347168,1024,0.02440701238811016,0.016923097893595695,0.008070063777267933,0.03484509885311127,0.012239694595336914,0.0346938818693161,0.012005090713500977,0.03469201922416687,0.012000083923339844,0.015327919274568558,0.03484509885311127,0.008917463943362236,0.027186162769794464,1.0
broad__calru__s1__lr0p01_eta1000_i50__seed10,calru,CA-LRU,s1,10,True,0.0027899411506950855,topology-specific validation-selected,2.335583121748641e-05,velocity,velocity_x0p5,0.5x,0.5,,variable_sparsity,0.00453106127679348,True,1.0,1.0554780960083008,128,0.005989665165543556,0.005164232105016708,0.0013195370556786656,0.00623882282525301,0.005068302154541016,0.0064894771203398705,0.0047070980072021484,0.00648923683911562,0.0047070980072021484,0.005008374340832233,0.00623882282525301,0.004332847893238068,0.008616155944764614,0.5
broad__calru__s1__lr0p01_eta1000_i50__seed10,calru,CA-LRU,s1,10,True,0.0027899411506950855,topology-specific validation-selected,0.0019437754526734352,velocity,velocity_x1p5,1.5x,1.5,,variable_sparsity,0.018589409068226814,True,1.0,1.3258905410766602,128,0.03263809159398079,0.01934279501438141,0.004704556427896023,0.032310254871845245,0.010945320129394531,0.03203252702951431,0.010560274124145508,0.03203268349170685,0.010560035705566406,0.019157344475388527,0.032310254871845245,0.008214529603719711,0.03181138262152672,1.5
broad__calru__s1__lr0p01_eta1000_i50__seed10,calru,CA-LRU,s1,10,True,0.0027899411506950855,topology-specific validation-selected,0.015044186264276505,velocity,velocity_x2,2.0x,2.0,,variable_sparsity,0.056232985109090805,True,1.0,1.3806934356689453,128,0.0875256359577179,0.057829514145851135,0.013925924897193909,0.1048809364438057,0.01602649688720703,0.10986708104610443,0.018583059310913086,0.10986905544996262,0.018580913543701172,0.057436518371105194,0.1048809364438057,0.011699728667736053,0.0644269734621048,2.0
pilot__rnn__t2__seed11,rnn,RNN,t2,11,False,0.04420476034283638,ring-selected zero-retuning,0.2833814322948456,combined,combined_h1024_x1p5,"T=1024, 1.5x",T1024_1.5x,,variable_sparsity,0.8256877660751343,True,1.0,1.6279666423797607,1024,1.0516159534454346,0.6856696605682373,0.10056979954242706,1.1254613399505615,1.0313045978546143,1.2232179641723633,1.1392158269882202,1.4737300872802734,1.4075556993484497,0.7199740409851074,1.1254613399505615,0.6645056009292603,1.2110235691070557,1.5
pilot__rnn__t2__seed11,rnn,RNN,t2,11,False,0.04420476034283638,ring-selected zero-retuning,0.46511512994766235,combined,combined_h1024_x2,"T=1024, 2.0x",T1024_2.0x,,variable_sparsity,1.09027099609375,True,1.0,1.6543196439743042,1024,1.4612040519714355,1.055794596672058,0.17514613270759583,1.5339747667312622,1.5648564100265503,1.5664455890655518,1.5583266019821167,1.618026614189148,1.5976815223693848,1.0642412900924683,1.5339747667312622,1.041862964630127,1.5826420783996582,2.0
pilot__rnn__t2__seed11,rnn,RNN,t2,11,False,0.04420476034283638,ring-selected zero-retuning,0.024200551211833954,dwell,dwell_block64,64-step middle blank,middle_blank_64,,variable_sparsity,0.15838998556137085,True,1.0,1.2712488174438477,128,0.24565039575099945,0.17434240877628326,0.053048036992549896,0.2510245740413666,0.23584280908107758,0.42622143030166626,0.40612778067588806,0.9583263993263245,0.8972601890563965,0.1643969714641571,0.2510245740413666,0.14585909247398376,0.2395782321691513,1.0
pilot__rnn__t2__seed11,rnn,RNN,t2,11,False,0.04420476034283638,ring-selected zero-retuning,0.015261055901646614,dwell,dwell_dense,dense,dense,,dense,,True,1.0,1.5411663055419922,128,0.17809584736824036,0.13454803824424744,0.05558803677558899,0.19229727983474731,0.18844802677631378,0.386877179145813,0.36096441745758057,0.9383528232574463,0.9098455905914307,0.13454803824424744,0.19229727983474731,0.12736229598522186,0.19924423098564148,1.0
pilot__rnn__t2__seed11,rnn,RNN,t2,11,False,0.04420476034283638,ring-selected zero-retuning,0.016155924648046494,dwell,dwell_p0p25,active p=0.25,0.25,,fixed_probability,0.13684923946857452,True,1.0,1.0632719993591309,128,0.21778637170791626,0.1548164188861847,0.04867205023765564,0.24248075485229492,0.22603243589401245,0.4328739643096924,0.4207266867160797,1.0057405233383179,0.9878720641136169,0.1413717269897461,0.24248075485229492,0.1306885927915573,0.2074110060930252,1.0
pilot__rnn__t2__seed11,rnn,RNN,t2,11,False,0.04420476034283638,ring-selected zero-retuning,0.016495835036039352,dwell,dwell_p0p50,active p=0.50,0.5,,fixed_probability,0.13574035465717316,True,1.0,1.3930611610412598,128,0.1971765160560608,0.14361116290092468,0.054589372128248215,0.20907798409461975,0.20206429064273834,0.3775894045829773,0.3686942458152771,0.9122685194015503,0.9041582345962524,0.13971225917339325,0.20907798409461975,0.13038288056850433,0.2021864950656891,1.0
pilot__rnn__t2__seed11,rnn,RNN,t2,11,False,0.04420476034283638,ring-selected zero-retuning,0.015993542969226837,dwell,dwell_p0p75,active p=0.75,0.75,,fixed_probability,0.139017716050148,True,1.0,1.492414951324463,128,0.1863393783569336,0.13631407916545868,0.056519992649555206,0.2067420929670334,0.1899069994688034,0.37410712242126465,0.35231706500053406,0.8845035433769226,0.8606857061386108,0.13698676228523254,0.2067420929670334,0.12736952304840088,0.20183831453323364,1.0
pilot__rnn__t2__seed11,rnn,RNN,t2,11,False,0.04420476034283638,ring-selected zero-retuning,0.014671477489173412,id,id_h128,ID T=128,128,,variable_sparsity,0.13580994307994843,True,1.0,1.3622474670410156,128,0.18660244345664978,0.1324024796485901,0.05181664228439331,0.2104126214981079,0.19883404672145844,0.3912789821624756,0.3793632388114929,0.9414318799972534,0.9098455905914307,0.13324123620986938,0.2104126214981079,0.12317807972431183,0.19838476181030273,1.0
pilot__rnn__t2__seed11,rnn,RNN,t2,11,False,0.04420476034283638,ring-selected zero-retuning,0.16666856408119202,path,path_h1024,T=1024,1024,,variable_sparsity,0.6342170834541321,True,1.0,1.6176867485046387,1024,0.7865943312644958,0.45311984419822693,0.05266916751861572,0.8630968332290649,0.7873722314834595,0.9975849390029907,0.9694080352783203,1.4402878284454346,1.4226322174072266,0.49748849868774414,0.8630968332290649,0.4546692371368408,0.7890459299087524,1.0
pilot__rnn__t2__seed11,rnn,RNN,t2,11,False,0.04420476034283638,ring-selected zero-retuning,0.37980759143829346,path,path_h2048,T=2048,2048,,variable_sparsity,1.087941288948059,True,1.0,1.646860122680664,2048,1.3268831968307495,0.7565699219703674,0.052404120564460754,1.4348280429840088,1.4495983123779297,1.5156769752502441,1.5278387069702148,1.7366838455200195,1.8399358987808228,0.8378187417984009,1.4348280429840088,0.7944133877754211,1.2983341217041016,1.0
pilot__rnn__t2__seed11,rnn,RNN,t2,11,False,0.04420476034283638,ring-selected zero-retuning,0.030830740928649902,path,path_h256,T=256,256,,variable_sparsity,0.21942386031150818,True,1.0,1.46852445602417,256,0.2907162308692932,0.19163629412651062,0.052936676889657974,0.3039032220840454,0.28079113364219666,0.4679722487926483,0.43009328842163086,0.998856246471405,1.0013004541397095,0.1984453797340393,0.3039032220840454,0.18031686544418335,0.3012429475784302,1.0
pilot__rnn__t2__seed11,rnn,RNN,t2,11,False,0.04420476034283638,ring-selected zero-retuning,0.06801089644432068,path,path_h512,T=512,512,,variable_sparsity,0.36066508293151855,True,1.0,1.5606231689453125,512,0.4573236107826233,0.28516221046447754,0.053198449313640594,0.5020973086357117,0.452173113822937,0.6587872505187988,0.6164682507514954,1.167146921157837,1.1270650625228882,0.3036755919456482,0.5020973086357117,0.27091383934020996,0.47625863552093506,1.0
pilot__rnn__t2__seed11,rnn,RNN,t2,11,False,0.04420476034283638,ring-selected zero-retuning,0.018936630338430405,smoothness,smooth_l0p5,GP ell=0.5,0.5,,variable_sparsity,0.13895593583583832,True,0.5,1.3333122730255127,128,0.2040320634841919,0.15060922503471375,0.05721982941031456,0.21649259328842163,0.18811848759651184,0.3933389186859131,0.36457040905952454,0.9649215936660767,0.9180570244789124,0.14774072170257568,0.21649259328842163,0.1315293312072754,0.22883157432079315,1.0
pilot__rnn__t2__seed11,rnn,RNN,t2,11,False,0.04420476034283638,ring-selected zero-retuning,0.01573476940393448,smoothness,smooth_l2,GP ell=2.0,2.0,,variable_sparsity,0.13991522789001465,True,2.0,1.384145736694336,128,0.19502533972263336,0.1357222944498062,0.05314435809850693,0.21338289976119995,0.2000475972890854,0.3947340250015259,0.3508128523826599,0.9723578095436096,0.9461060166358948,0.13675440847873688,0.21338289976119995,0.12625345587730408,0.21354667842388153,1.0
pilot__rnn__t2__seed11,rnn,RNN,t2,11,False,0.04420476034283638,ring-selected zero-retuning,0.7353388667106628,temporal,temporal_x16,16x time,16,,variable_sparsity,1.2990680932998657,True,1.0,1.3608505725860596,2048,1.9137874841690063,1.3056306838989258,0.03731776028871536,1.9517972469329834,2.0685875415802,1.9426968097686768,2.0446181297302246,1.870874047279358,1.9264967441558838,1.2993773221969604,1.9517972469329834,1.322148084640503,1.7904716730117798,1.0
pilot__rnn__t2__seed11,rnn,RNN,t2,11,False,0.04420476034283638,ring-selected zero-retuning,0.0302234198898077,temporal,temporal_x2,2x time,2,,variable_sparsity,0.20348531007766724,True,1.0,1.3620327711105347,256,0.30880969762802124,0.19225214421749115,0.04397861659526825,0.34106969833374023,0.3271147608757019,0.5052984952926636,0.4783622920513153,1.0280811786651611,1.0016621351242065,0.19925127923488617,0.34106969833374023,0.18790942430496216,0.31934690475463867,1.0
pilot__rnn__t2__seed11,rnn,RNN,t2,11,False,0.04420476034283638,ring-selected zero-retuning,0.11344582587480545,temporal,temporal_x4,4x time,4,,variable_sparsity,0.40545564889907837,True,1.0,1.3614946603775024,512,0.6483422517776489,0.40167561173439026,0.04029287397861481,0.7230364084243774,0.7073532938957214,0.8644727468490601,0.8539531230926514,1.315215826034546,1.26457941532135,0.4047432541847229,0.7230364084243774,0.3867012858390808,0.6260684728622437,1.0
pilot__rnn__t2__seed11,rnn,RNN,t2,11,False,0.04420476034283638,ring-selected zero-retuning,0.34433531761169434,temporal,temporal_x8,8x time,8,,variable_sparsity,0.769925057888031,True,1.0,1.3609840869903564,1024,1.2307677268981934,0.7607370615005493,0.03818907588720322,1.3577278852462769,1.3026878833770752,1.4554095268249512,1.4344747066497803,1.7596073150634766,1.7919912338256836,0.7690593004226685,1.3577278852462769,0.7394291162490845,1.1635735034942627,1.0
pilot__rnn__t2__seed11,rnn,RNN,t2,11,False,0.04420476034283638,ring-selected zero-retuning,0.010484328493475914,velocity,velocity_x0p5,0.5x,0.5,,variable_sparsity,0.1271398961544037,True,1.0,1.1714093685150146,128,0.17656776309013367,0.11205034703016281,0.037589266896247864,0.19341707229614258,0.1933756023645401,0.3757438659667969,0.359458327293396,0.9175410270690918,0.8938726782798767,0.11576470732688904,0.19341707229614258,0.11246754229068756,0.1698194295167923,0.5
pilot__rnn__t2__seed11,rnn,RNN,t2,11,False,0.04420476034283638,ring-selected zero-retuning,0.04666205495595932,velocity,velocity_x1p5,1.5x,1.5,,variable_sparsity,0.20711655914783478,True,1.0,1.4481725692749023,128,0.2853164076805115,0.2515423893928528,0.09577901661396027,0.3090250492095947,0.23691490292549133,0.45359891653060913,0.39526820182800293,0.9539135694503784,0.910815417766571,0.24060675501823425,0.3090250492095947,0.15942585468292236,0.4530429244041443,1.5
pilot__rnn__t2__seed11,rnn,RNN,t2,11,False,0.04420476034283638,ring-selected zero-retuning,0.10767176747322083,velocity,velocity_x2,2.0x,2.0,,variable_sparsity,0.3559199869632721,True,1.0,1.4958068132400513,128,0.5001361966133118,0.45837900042533875,0.15991339087486267,0.5447816848754883,0.3268134593963623,0.7049024105072021,0.4902636408805847,1.129090666770935,1.0684467554092407,0.4331582188606262,0.5447816848754883,0.22397267818450928,1.1809598207473755,2.0
pilot__gru__t2__seed12,gru,GRU,t2,12,True,0.01263304241001606,ring-selected zero-retuning,0.09016411006450653,combined,combined_h1024_x1p5,"T=1024, 1.5x",T1024_1.5x,,variable_sparsity,0.22479687631130219,True,1.0,1.6279666423797607,1024,0.512094259262085,0.353740930557251,0.03720829635858536,0.5582422018051147,0.44137319922447205,0.5721738338470459,0.48465579748153687,0.6529783010482788,0.5544438362121582,0.3221498131752014,0.5582422018051147,0.2359967827796936,0.6719622611999512,1.5
pilot__gru__t2__seed12,gru,GRU,t2,12,True,0.01263304241001606,ring-selected zero-retuning,0.24543577432632446,combined,combined_h1024_x2,"T=1024, 2.0x",T1024_2.0x,,variable_sparsity,0.364128053188324,True,1.0,1.6543196439743042,1024,0.8985558152198792,0.7077932357788086,0.07150383293628693,0.9526112675666809,0.8122119307518005,0.9559992551803589,0.7618439197540283,1.0055460929870605,0.8592497706413269,0.6235955953598022,0.9526112675666809,0.47050541639328003,1.3562679290771484,2.0
pilot__gru__t2__seed12,gru,GRU,t2,12,True,0.01263304241001606,ring-selected zero-retuning,0.0013212381163612008,dwell,dwell_block64,64-step middle blank,middle_blank_64,,variable_sparsity,0.035873353481292725,True,1.0,1.2712488174438477,128,0.05863288417458534,0.043280523270368576,0.01502341777086258,0.06377958506345749,0.058245401829481125,0.10946524143218994,0.10481119900941849,0.2956145405769348,0.2985137701034546,0.03866257518529892,0.06377958506345749,0.03681370988488197,0.06019972637295723,1.0
pilot__gru__t2__seed12,gru,GRU,t2,12,True,0.01263304241001606,ring-selected zero-retuning,0.0016208002343773842,dwell,dwell_dense,dense,dense,,dense,,True,1.0,1.5411663055419922,128,0.05472026392817497,0.04068297892808914,0.019119733944535255,0.06204816699028015,0.05326950177550316,0.10347235202789307,0.10271064192056656,0.2731388211250305,0.2723982632160187,0.04068297892808914,0.06204816699028015,0.036318909376859665,0.06153871864080429,1.0
pilot__gru__t2__seed12,gru,GRU,t2,12,True,0.01263304241001606,ring-selected zero-retuning,0.0009850631467998028,dwell,dwell_p0p25,active p=0.25,0.25,,fixed_probability,0.03327726200222969,True,1.0,1.0632719993591309,128,0.05160536617040634,0.03708450123667717,0.013168390840291977,0.058694131672382355,0.057424020022153854,0.10856806486845016,0.10222922265529633,0.2910405397415161,0.2810315787792206,0.03423558175563812,0.058694131672382355,0.03248835355043411,0.04816710203886032,1.0
pilot__gru__t2__seed12,gru,GRU,t2,12,True,0.01263304241001606,ring-selected zero-retuning,0.001166382571682334,dwell,dwell_p0p50,active p=0.50,0.5,,fixed_probability,0.03614826872944832,True,1.0,1.3930611610412598,128,0.04902946576476097,0.03496867045760155,0.015850670635700226,0.055153727531433105,0.05078333988785744,0.102146215736866,0.10061297565698624,0.28515544533729553,0.28394976258277893,0.03555299714207649,0.055153727531433105,0.0330171100795269,0.0520361065864563,1.0
pilot__gru__t2__seed12,gru,GRU,t2,12,True,0.01263304241001606,ring-selected zero-retuning,0.0013326206244528294,dwell,dwell_p0p75,active p=0.75,0.75,,fixed_probability,0.04157368466258049,True,1.0,1.492414951324463,128,0.04915031045675278,0.035689059644937515,0.017865512520074844,0.054032206535339355,0.05024806410074234,0.10097365081310272,0.0993073508143425,0.29231905937194824,0.2879917621612549,0.0371532142162323,0.054032206535339355,0.033603817224502563,0.05558032542467117,1.0
pilot__gru__t2__seed12,gru,GRU,t2,12,True,0.01263304241001606,ring-selected zero-retuning,0.0013610909227281809,id,id_h128,ID T=128,128,,variable_sparsity,0.03774004429578781,True,1.0,1.3622474670410156,128,0.052170250564813614,0.03802366554737091,0.017197128385305405,0.05867348238825798,0.05326950177550316,0.10150828957557678,0.10153739154338837,0.2732028365135193,0.2675624191761017,0.037953853607177734,0.05867348238825798,0.034528542309999466,0.057204972952604294,1.0
pilot__gru__t2__seed12,gru,GRU,t2,12,True,0.01263304241001606,ring-selected zero-retuning,0.024642467498779297,path,path_h1024,T=1024,1024,,variable_sparsity,0.17037853598594666,True,1.0,1.6176867485046387,1024,0.2951933741569519,0.1831318438053131,0.01774776168167591,0.33119285106658936,0.3219684362411499,0.3566167950630188,0.35011452436447144,0.47278356552124023,0.4651561975479126,0.18000730872154236,0.33119285106658936,0.17177802324295044,0.27948856353759766,1.0
pilot__gru__t2__seed12,gru,GRU,t2,12,True,0.01263304241001606,ring-selected zero-retuning,0.07398001849651337,path,path_h2048,T=2048,2048,,variable_sparsity,0.31237268447875977,True,1.0,1.646860122680664,2048,0.5392084121704102,0.32888662815093994,0.01763199456036091,0.6126634478569031,0.6066420078277588,0.6432895064353943,0.6376746296882629,0.7519464492797852,0.7684509754180908,0.3248375654220581,0.6126634478569031,0.3136662542819977,0.4663638174533844,1.0
pilot__gru__t2__seed12,gru,GRU,t2,12,True,0.01263304241001606,ring-selected zero-retuning,0.0030470474157482386,path,path_h256,T=256,256,,variable_sparsity,0.057195160537958145,True,1.0,1.46852445602417,256,0.09107209742069244,0.0595257543027401,0.01721828058362007,0.10178816318511963,0.09024249762296677,0.13773566484451294,0.13069336116313934,0.29487332701683044,0.2783002555370331,0.05895466357469559,0.10178816318511963,0.055057935416698456,0.09754346311092377,1.0
pilot__gru__t2__seed12,gru,GRU,t2,12,True,0.01263304241001606,ring-selected zero-retuning,0.008268622681498528,path,path_h512,T=512,512,,variable_sparsity,0.0936126783490181,True,1.0,1.5606231689453125,512,0.16236644983291626,0.10254959017038345,0.017956051975488663,0.1858484148979187,0.17294369637966156,0.21778663992881775,0.20526765286922455,0.3634605407714844,0.35374751687049866,0.10035824775695801,0.1858484148979187,0.09056014567613602,0.1570267528295517,1.0
pilot__gru__t2__seed12,gru,GRU,t2,12,True,0.01263304241001606,ring-selected zero-retuning,0.001473202952183783,smoothness,smooth_l0p5,GP ell=0.5,0.5,,variable_sparsity,0.03611232340335846,True,0.5,1.3333122730255127,128,0.052601732313632965,0.039270125329494476,0.01808871142566204,0.0582960769534111,0.053285591304302216,0.10288636386394501,0.0966113731265068,0.28133124113082886,0.26925143599510193,0.03849281743168831,0.0582960769534111,0.03477548807859421,0.05859779566526413,1.0
pilot__gru__t2__seed12,gru,GRU,t2,12,True,0.01263304241001606,ring-selected zero-retuning,0.0013441888149827719,smoothness,smooth_l2,GP ell=2.0,2.0,,variable_sparsity,0.03804568946361542,True,2.0,1.384145736694336,128,0.05395685136318207,0.03861686587333679,0.017453633248806,0.06056138128042221,0.054665569216012955,0.10405649244785309,0.09600187838077545,0.2736159563064575,0.25548553466796875,0.03847627341747284,0.06056138128042221,0.03611274063587189,0.058341607451438904,1.0
pilot__gru__t2__seed12,gru,GRU,t2,12,True,0.01263304241001606,ring-selected zero-retuning,0.0865645632147789,temporal,temporal_x16,16x time,16,,variable_sparsity,0.3406163454055786,True,1.0,1.3608505725860596,2048,0.5401766300201416,0.32750722765922546,0.01200009509921074,0.5970339179039001,0.5864813923835754,0.6247895359992981,0.5898851156234741,0.7320641279220581,0.6832009553909302,0.339998722076416,0.5970339179039001,0.3245711922645569,0.5264102220535278,1.0
pilot__gru__t2__seed12,gru,GRU,t2,12,True,0.01263304241001606,ring-selected zero-retuning,0.0032013284508138895,temporal,temporal_x2,2x time,2,,variable_sparsity,0.06396371126174927,True,1.0,1.3620327711105347,256,0.09482191503047943,0.05728355795145035,0.015835033729672432,0.10409822314977646,0.09386443346738815,0.1413777768611908,0.1327882558107376,0.30388861894607544,0.291066437959671,0.06144580990076065,0.10409822314977646,0.05544731393456459,0.10246484726667404,1.0
pilot__gru__t2__seed12,gru,GRU,t2,12,True,0.01263304241001606,ring-selected zero-retuning,0.006789125967770815,temporal,temporal_x4,4x time,4,,variable_sparsity,0.09378290921449661,True,1.0,1.3614946603775024,512,0.14720135927200317,0.08725535869598389,0.013218605890870094,0.16407907009124756,0.15497803688049316,0.1978820562362671,0.18949228525161743,0.3515556752681732,0.33135977387428284,0.09255272150039673,0.16407907009124756,0.08548471331596375,0.14893776178359985,1.0
pilot__gru__t2__seed12,gru,GRU,t2,12,True,0.01263304241001606,ring-selected zero-retuning,0.024968639016151428,temporal,temporal_x8,8x time,8,,variable_sparsity,0.17836728692054749,True,1.0,1.3609840869903564,1024,0.28324782848358154,0.17197702825069427,0.011902980506420135,0.31539085507392883,0.3001054525375366,0.3436312675476074,0.320333331823349,0.4704369902610779,0.43336033821105957,0.1777651309967041,0.31539085507392883,0.1697452813386917,0.2811235189437866,1.0
pilot__gru__t2__seed12,gru,GRU,t2,12,True,0.01263304241001606,ring-selected zero-retuning,0.0008521871059201658,velocity,velocity_x0p5,0.5x,0.5,,variable_sparsity,0.03439493104815483,True,1.0,1.1714093685150146,128,0.04659159481525421,0.03176640719175339,0.012051425874233246,0.0515836700797081,0.04909054562449455,0.10195749253034592,0.10118930041790009,0.2830517292022705,0.2690975069999695,0.03241343051195145,0.0515836700797081,0.031272873282432556,0.04946541786193848,0.5
pilot__gru__t2__seed12,gru,GRU,t2,12,True,0.01263304241001606,ring-selected zero-retuning,0.007978292182087898,velocity,velocity_x1p5,1.5x,1.5,,variable_sparsity,0.04958416894078255,True,1.0,1.4481725692749023,128,0.09259124100208282,0.07683472335338593,0.03218146041035652,0.09943636506795883,0.06301426142454147,0.1287095546722412,0.10613012313842773,0.29277288913726807,0.2769518196582794,0.07012687623500824,0.09943636506795883,0.044301602989435196,0.12938520312309265,1.5
pilot__gru__t2__seed12,gru,GRU,t2,12,True,0.01263304241001606,ring-selected zero-retuning,0.047926850616931915,velocity,velocity_x2,2.0x,2.0,,variable_sparsity,0.09827614575624466,True,1.0,1.4958068132400513,128,0.23447200655937195,0.20438729226589203,0.05689284950494766,0.24954712390899658,0.0982510894536972,0.2610863149166107,0.13650238513946533,0.40254902839660645,0.2982460558414459,0.17826753854751587,0.24954712390899658,0.06722957640886307,0.4572749137878418,2.0
pilot__lstm__t2__seed12,lstm,LSTM,t2,12,True,0.010496674105525017,ring-selected zero-retuning,0.041843339800834656,combined,combined_h1024_x1p5,"T=1024, 1.5x",T1024_1.5x,,variable_sparsity,0.18807415664196014,True,1.0,1.6279666423797607,1024,0.31588831543922424,0.21091850101947784,0.023935316130518913,0.3404633104801178,0.2659803628921509,0.35260096192359924,0.2912803888320923,0.4767608046531677,0.41401106119155884,0.20532168447971344,0.3404633104801178,0.16344328224658966,0.3494834303855896,1.5
pilot__lstm__t2__seed12,lstm,LSTM,t2,12,True,0.010496674105525017,ring-selected zero-retuning,0.1425010859966278,combined,combined_h1024_x2,"T=1024, 2.0x",T1024_2.0x,,variable_sparsity,0.3323640525341034,True,1.0,1.6543196439743042,1024,0.6667235493659973,0.465573251247406,0.05589048191905022,0.72901451587677,0.5361131429672241,0.7251250743865967,0.500495195388794,0.77192223072052,0.6152441501617432,0.4329371452331543,0.72901451587677,0.318818598985672,0.9448385238647461,2.0
pilot__lstm__t2__seed12,lstm,LSTM,t2,12,True,0.010496674105525017,ring-selected zero-retuning,0.0010782522149384022,dwell,dwell_block64,64-step middle blank,middle_blank_64,,variable_sparsity,0.035355404019355774,True,1.0,1.2712488174438477,128,0.05763757601380348,0.03689020499587059,0.01136585883796215,0.06224410980939865,0.059293702244758606,0.11515162885189056,0.1093410775065422,0.3238101005554199,0.31713545322418213,0.03593334183096886,0.06224410980939865,0.03489810228347778,0.05526798218488693,1.0
pilot__lstm__t2__seed12,lstm,LSTM,t2,12,True,0.010496674105525017,ring-selected zero-retuning,0.0009034476242959499,dwell,dwell_dense,dense,dense,,dense,,True,1.0,1.5411663055419922,128,0.04384910315275192,0.03165698051452637,0.012981889769434929,0.047641053795814514,0.04317237809300423,0.10161207616329193,0.09404117614030838,0.31288760900497437,0.31395524740219116,0.03165698051452637,0.047641053795814514,0.028724750503897667,0.04843860864639282,1.0
pilot__lstm__t2__seed12,lstm,LSTM,t2,12,True,0.010496674105525017,ring-selected zero-retuning,0.001159962615929544,dwell,dwell_p0p25,active p=0.25,0.25,,fixed_probability,0.03696387633681297,True,1.0,1.0632719993591309,128,0.05757449194788933,0.03667765110731125,0.011589757166802883,0.06277322769165039,0.057521529495716095,0.11784546077251434,0.10939398407936096,0.31212544441223145,0.30746614933013916,0.03689183294773102,0.06277322769165039,0.0335560068488121,0.060412004590034485,1.0
pilot__lstm__t2__seed12,lstm,LSTM,t2,12,True,0.010496674105525017,ring-selected zero-retuning,0.000987121369689703,dwell,dwell_p0p50,active p=0.50,0.5,,fixed_probability,0.03296925500035286,True,1.0,1.3930611610412598,128,0.04893453046679497,0.03337505832314491,0.013026982545852661,0.05290170758962631,0.047649580985307693,0.10957718640565872,0.10607751458883286,0.31499430537223816,0.3153839707374573,0.03317403793334961,0.05290170758962631,0.029186412692070007,0.05325612798333168,1.0
pilot__lstm__t2__seed12,lstm,LSTM,t2,12,True,0.010496674105525017,ring-selected zero-retuning,0.0008000816451385617,dwell,dwell_p0p75,active p=0.75,0.75,,fixed_probability,0.029405798763036728,True,1.0,1.492414951324463,128,0.04144546762108803,0.030019531026482582,0.012676332145929337,0.04429814964532852,0.04024942219257355,0.10672105848789215,0.10524285584688187,0.3298690915107727,0.3212299346923828,0.02986682951450348,0.04429814964532852,0.02656298503279686,0.04773510619997978,1.0
pilot__lstm__t2__seed12,lstm,LSTM,t2,12,True,0.010496674105525017,ring-selected zero-retuning,0.0009066199418157339,id,id_h128,ID T=128,128,,variable_sparsity,0.03506658226251602,True,1.0,1.3622474670410156,128,0.04578467458486557,0.030922381207346916,0.012593653053045273,0.05057091265916824,0.04737088456749916,0.10538291931152344,0.09830658882856369,0.3035006821155548,0.29050686955451965,0.031942494213581085,0.05057091265916824,0.028865039348602295,0.05028991401195526,1.0
pilot__lstm__t2__seed12,lstm,LSTM,t2,12,True,0.010496674105525017,ring-selected zero-retuning,0.011529787443578243,path,path_h1024,T=1024,1024,,variable_sparsity,0.1479937881231308,True,1.0,1.6176867485046387,1024,0.18190789222717285,0.11125003546476364,0.012988721020519733,0.2006334513425827,0.1936609297990799,0.2249542623758316,0.22275769710540771,0.38098829984664917,0.376699298620224,0.12025222182273865,0.2006334513425827,0.11252395063638687,0.19075331091880798,1.0
pilot__lstm__t2__seed12,lstm,LSTM,t2,12,True,0.010496674105525017,ring-selected zero-retuning,0.03163142502307892,path,path_h2048,T=2048,2048,,variable_sparsity,0.24020302295684814,True,1.0,1.646860122680664,2048,0.3235104978084564,0.19022201001644135,0.012956874445080757,0.3607523441314697,0.3408995270729065,0.3806913495063782,0.3596615791320801,0.500221848487854,0.45651936531066895,0.2024768441915512,0.3607523441314697,0.18515115976333618,0.30945664644241333,1.0
pilot__lstm__t2__seed12,lstm,LSTM,t2,12,True,0.010496674105525017,ring-selected zero-retuning,0.0019658904056996107,path,path_h256,T=256,256,,variable_sparsity,0.058476805686950684,True,1.0,1.46852445602417,256,0.07246026396751404,0.04550813511013985,0.012881326489150524,0.0780380442738533,0.07172466814517975,0.12656334042549133,0.12134984135627747,0.3311816453933716,0.3218352198600769,0.048685986548662186,0.0780380442738533,0.04416312277317047,0.08085505664348602,1.0
pilot__lstm__t2__seed12,lstm,LSTM,t2,12,True,0.010496674105525017,ring-selected zero-retuning,0.004756409674882889,path,path_h512,T=512,512,,variable_sparsity,0.09633290767669678,True,1.0,1.5606231689453125,512,0.11545692384243011,0.06977836787700653,0.013091407716274261,0.1243172213435173,0.11447562277317047,0.15358708798885345,0.13658607006072998,0.3311052918434143,0.3121298551559448,0.07628956437110901,0.1243172213435173,0.07005168497562408,0.11814387142658234,1.0
pilot__lstm__t2__seed12,lstm,LSTM,t2,12,True,0.010496674105525017,ring-selected zero-retuning,0.00101983651984483,smoothness,smooth_l0p5,GP ell=0.5,0.5,,variable_sparsity,0.03518962487578392,True,0.5,1.3333122730255127,128,0.04955940693616867,0.034013666212558746,0.012511984445154667,0.05367370694875717,0.049885887652635574,0.1064419224858284,0.09895647317171097,0.3109472990036011,0.2910495400428772,0.034303128719329834,0.05367370694875717,0.03192351013422012,0.05392492190003395,1.0
pilot__lstm__t2__seed12,lstm,LSTM,t2,12,True,0.010496674105525017,ring-selected zero-retuning,0.0008744664373807609,smoothness,smooth_l2,GP ell=2.0,2.0,,variable_sparsity,0.034052252769470215,True,2.0,1.384145736694336,128,0.044106148183345795,0.03031836450099945,0.01312783733010292,0.047850482165813446,0.04274819418787956,0.10381998121738434,0.09947814792394638,0.3145359754562378,0.3021933138370514,0.03123747929930687,0.047850482165813446,0.028241654857993126,0.04823216423392296,1.0
pilot__lstm__t2__seed12,lstm,LSTM,t2,12,True,0.010496674105525017,ring-selected zero-retuning,0.10095998644828796,temporal,temporal_x16,16x time,16,,variable_sparsity,0.3670349717140198,True,1.0,1.3608505725860596,2048,0.575251042842865,0.34010395407676697,0.010553544387221336,0.64191734790802,0.5514569282531738,0.6775091886520386,0.595645010471344,0.7978932857513428,0.7328101992607117,0.36576613783836365,0.64191734790802,0.30879220366477966,0.6278111934661865,1.0
pilot__lstm__t2__seed12,lstm,LSTM,t2,12,True,0.010496674105525017,ring-selected zero-retuning,0.002438980620354414,temporal,temporal_x2,2x time,2,,variable_sparsity,0.056169647723436356,True,1.0,1.3620327711105347,256,0.0822526067495346,0.04918450117111206,0.012810959480702877,0.09250909090042114,0.08421122282743454,0.14188985526561737,0.13688308000564575,0.329329252243042,0.31697189807891846,0.0535367876291275,0.09250909090042114,0.04631485790014267,0.08908425271511078,1.0
pilot__lstm__t2__seed12,lstm,LSTM,t2,12,True,0.010496674105525017,ring-selected zero-retuning,0.008877471089363098,temporal,temporal_x4,4x time,4,,variable_sparsity,0.10477718710899353,True,1.0,1.3614946603775024,512,0.1632508784532547,0.0949864387512207,0.01162612996995449,0.18381831049919128,0.1607063114643097,0.22612178325653076,0.20810984075069427,0.39374834299087524,0.366620808839798,0.10293201357126236,0.18381831049919128,0.09095656871795654,0.17749756574630737,1.0
pilot__lstm__t2__seed12,lstm,LSTM,t2,12,True,0.010496674105525017,ring-selected zero-retuning,0.030507640913128853,temporal,temporal_x8,8x time,8,,variable_sparsity,0.19466301798820496,True,1.0,1.3609840869903564,1024,0.3056957423686981,0.17822545766830444,0.010656822472810745,0.3421286344528198,0.292416512966156,0.37914830446243286,0.3348104655742645,0.5207622051239014,0.47712862491607666,0.19311410188674927,0.3421286344528198,0.16359785199165344,0.3490650951862335,1.0
pilot__lstm__t2__seed12,lstm,LSTM,t2,12,True,0.010496674105525017,ring-selected zero-retuning,0.0008575076935812831,velocity,velocity_x0p5,0.5x,0.5,,variable_sparsity,0.0353522002696991,True,1.0,1.1714093685150146,128,0.0480794757604599,0.03065420687198639,0.01029236800968647,0.05290108546614647,0.045745957642793655,0.11327944695949554,0.11052855849266052,0.3221755027770996,0.3154076337814331,0.031810641288757324,0.05290108546614647,0.02852817252278328,0.051527708768844604,0.5
pilot__lstm__t2__seed12,lstm,LSTM,t2,12,True,0.010496674105525017,ring-selected zero-retuning,0.0033783740364015102,velocity,velocity_x1p5,1.5x,1.5,,variable_sparsity,0.04813030734658241,True,1.0,1.4481725692749023,128,0.06944895535707474,0.04903891682624817,0.02149168774485588,0.07494146376848221,0.053928714245557785,0.12169624119997025,0.10348591208457947,0.32308056950569153,0.30228471755981445,0.04881525784730911,0.07494146376848221,0.0339987687766552,0.09321657568216324,1.5
pilot__lstm__t2__seed12,lstm,LSTM,t2,12,True,0.010496674105525017,ring-selected zero-retuning,0.01918075978755951,velocity,velocity_x2,2.0x,2.0,,variable_sparsity,0.08391214162111282,True,1.0,1.4958068132400513,128,0.14925965666770935,0.11804226040840149,0.04385799169540405,0.14889885485172272,0.07258293777704239,0.1815972626209259,0.11932826787233353,0.3518998324871063,0.31863194704055786,0.10964097082614899,0.14889885485172272,0.04615850746631622,0.25640368461608887,2.0
broad__calru__t2__lr0p01_eta1000_i50__seed10,calru,CA-LRU,t2,10,True,0.004256655462086201,topology-specific validation-selected,0.052628014236688614,combined,combined_h1024_x1p5,"T=1024, 1.5x",T1024_1.5x,,variable_sparsity,0.12493526190519333,True,1.0,1.6279666423797607,1024,0.3557998538017273,0.21356704831123352,0.06723565608263016,0.4100308418273926,0.2117902785539627,0.4088236689567566,0.2146180421113968,0.4088236689567566,0.2146180421113968,0.19185234606266022,0.4100308418273926,0.10007496178150177,0.4242943227291107,1.5
broad__calru__t2__lr0p01_eta1000_i50__seed10,calru,CA-LRU,t2,10,True,0.004256655462086201,topology-specific validation-selected,0.16659608483314514,combined,combined_h1024_x2,"T=1024, 2.0x",T1024_2.0x,,variable_sparsity,0.37935560941696167,True,1.0,1.6543196439743042,1024,0.8298287391662598,0.5173768401145935,0.13776084780693054,0.9428815245628357,0.6746444702148438,0.9401490688323975,0.6982278227806091,0.9401490688323975,0.6982278227806091,0.48356181383132935,0.9428815245628357,0.34686800837516785,1.1347483396530151,2.0
broad__calru__t2__lr0p01_eta1000_i50__seed10,calru,CA-LRU,t2,10,True,0.004256655462086201,topology-specific validation-selected,6.268343713600188e-05,dwell,dwell_block64,64-step middle blank,middle_blank_64,,variable_sparsity,0.008206170983612537,True,1.0,1.2712488174438477,128,0.009925571270287037,0.008818465285003185,0.0030388440936803818,0.011401261202991009,0.009007647633552551,0.011289713904261589,0.009308471344411373,0.011289713904261589,0.009308471344411373,0.008436733856797218,0.011401261202991009,0.006967877969145775,0.014954280108213425,1.0
broad__calru__t2__lr0p01_eta1000_i50__seed10,calru,CA-LRU,t2,10,True,0.004256655462086201,topology-specific validation-selected,0.00022390161757357419,dwell,dwell_dense,dense,dense,,dense,,True,1.0,1.5411663055419922,128,0.023242253810167313,0.015580585226416588,0.0033043147996068,0.02585427649319172,0.02086212858557701,0.0256965309381485,0.021231113001704216,0.0256965309381485,0.021231113001704216,0.015580585226416588,0.02585427649319172,0.012812240049242973,0.02886434644460678,1.0
broad__calru__t2__lr0p01_eta1000_i50__seed10,calru,CA-LRU,t2,10,True,0.004256655462086201,topology-specific validation-selected,6.165466038510203e-05,dwell,dwell_p0p25,active p=0.25,0.25,,fixed_probability,0.007885056547820568,True,1.0,1.0632719993591309,128,0.00989606324583292,0.007941914722323418,0.003379964269697666,0.010508930310606956,0.008817308582365513,0.010642904788255692,0.008686034008860588,0.010642904788255692,0.008686034008860588,0.007899369113147259,0.010508930310606956,0.00677324365824461,0.013696163892745972,1.0
broad__calru__t2__lr0p01_eta1000_i50__seed10,calru,CA-LRU,t2,10,True,0.004256655462086201,topology-specific validation-selected,0.00010179013042943552,dwell,dwell_p0p50,active p=0.50,0.5,,fixed_probability,0.010295148938894272,True,1.0,1.3930611610412598,128,0.014129246585071087,0.010347509756684303,0.00382357113994658,0.01563079096376896,0.012533433735370636,0.015727095305919647,0.012873874045908451,0.015727095305919647,0.012873874045908451,0.010321572422981262,0.01563079096376896,0.0087822787463665,0.018087610602378845,1.0
broad__calru__t2__lr0p01_eta1000_i50__seed10,calru,CA-LRU,t2,10,True,0.004256655462086201,topology-specific validation-selected,0.0001475631579523906,dwell,dwell_p0p75,active p=0.75,0.75,,fixed_probability,0.012690168805420399,True,1.0,1.492414951324463,128,0.018455177545547485,0.012728653848171234,0.0035092816688120365,0.020040933042764664,0.016629895195364952,0.01980012282729149,0.016501234844326973,0.01980012282729149,0.016501234844326973,0.012719077989459038,0.020040933042764664,0.010481975972652435,0.022675590589642525,1.0
broad__calru__t2__lr0p01_eta1000_i50__seed10,calru,CA-LRU,t2,10,True,0.004256655462086201,topology-specific validation-selected,0.00016066858370322734,id,id_h128,ID T=128,128,,variable_sparsity,0.008936632424592972,True,1.0,1.3622474670410156,128,0.019119516015052795,0.014215108007192612,0.003439114196226001,0.020814793184399605,0.01683845743536949,0.02092047780752182,0.017451325431466103,0.02092047780752182,0.017451325431466103,0.012915785424411297,0.020814793184399605,0.010373036377131939,0.023546509444713593,1.0
broad__calru__t2__lr0p01_eta1000_i50__seed10,calru,CA-LRU,t2,10,True,0.004256655462086201,topology-specific validation-selected,0.007461707107722759,path,path_h1024,T=1024,1024,,variable_sparsity,0.035608675330877304,True,1.0,1.6176867485046387,1024,0.11074946820735931,0.07163852453231812,0.02124917507171631,0.13218219578266144,0.08384852111339569,0.13230447471141815,0.08508788794279099,0.13230448961257935,0.08508788794279099,0.06281125545501709,0.13218219578266144,0.04770469665527344,0.09985407441854477,1.0
broad__calru__t2__lr0p01_eta1000_i50__seed10,calru,CA-LRU,t2,10,True,0.004256655462086201,topology-specific validation-selected,0.031180717051029205,path,path_h2048,T=2048,2048,,variable_sparsity,0.09492391347885132,True,1.0,1.646860122680664,2048,0.28031688928604126,0.16091465950012207,0.0519389882683754,0.35560205578804016,0.20486006140708923,0.3582202196121216,0.20521868765354156,0.3582202196121216,0.20521868765354156,0.1447344273328781,0.35560205578804016,0.10255765914916992,0.26314276456832886,1.0
broad__calru__t2__lr0p01_eta1000_i50__seed10,calru,CA-LRU,t2,10,True,0.004256655462086201,topology-specific validation-selected,0.0003719131927937269,path,path_h256,T=256,256,,variable_sparsity,0.013054306618869305,True,1.0,1.46852445602417,256,0.029160497710108757,0.021774504333734512,0.0047190128825604916,0.032095879316329956,0.025898588821291924,0.03180155158042908,0.02658642642199993,0.03180155158042908,0.02658642642199993,0.01963770017027855,0.032095879316329956,0.016227541491389275,0.03523816913366318,1.0
broad__calru__t2__lr0p01_eta1000_i50__seed10,calru,CA-LRU,t2,10,True,0.004256655462086201,topology-specific validation-selected,0.0012941702734678984,path,path_h512,T=512,512,,variable_sparsity,0.019764777272939682,True,1.0,1.5606231689453125,512,0.05018308013677597,0.03594718128442764,0.008889446035027504,0.05872081220149994,0.04473184049129486,0.05883599445223808,0.04472833126783371,0.05883599445223808,0.04472833126783371,0.031979240477085114,0.05872081220149994,0.026191139593720436,0.06008126586675644,1.0
broad__calru__t2__lr0p01_eta1000_i50__seed10,calru,CA-LRU,t2,10,True,0.004256655462086201,topology-specific validation-selected,0.00013609539018943906,smoothness,smooth_l0p5,GP ell=0.5,0.5,,variable_sparsity,0.00857146829366684,True,0.5,1.3333122730255127,128,0.01708824373781681,0.013576464727520943,0.0034248116426169872,0.018492622300982475,0.015317718498408794,0.017961882054805756,0.01520338375121355,0.017961882054805756,0.01520338375121355,0.012344460934400558,0.018492622300982475,0.010696422308683395,0.020962320268154144,1.0
broad__calru__t2__lr0p01_eta1000_i50__seed10,calru,CA-LRU,t2,10,True,0.004256655462086201,topology-specific validation-selected,0.0001812530099414289,smoothness,smooth_l2,GP ell=2.0,2.0,,variable_sparsity,0.009112664498388767,True,2.0,1.384145736694336,128,0.019861986860632896,0.014554604887962341,0.0034691549371927977,0.02176530659198761,0.017374739050865173,0.021769000217318535,0.017779402434825897,0.021768998354673386,0.017779402434825897,0.013215046375989914,0.02176530659198761,0.009880797006189823,0.02513962797820568,1.0
broad__calru__t2__lr0p01_eta1000_i50__seed10,calru,CA-LRU,t2,10,True,0.004256655462086201,topology-specific validation-selected,0.0010225549340248108,temporal,temporal_x16,16x time,16,,variable_sparsity,0.01835889182984829,True,1.0,1.3608505725860596,2048,0.028873447328805923,0.0206134133040905,0.011644009500741959,0.03316617012023926,0.019991017878055573,0.033378615975379944,0.020077120512723923,0.033378615975379944,0.020077120512723923,0.018465112894773483,0.03316617012023926,0.012844417244195938,0.03539774566888809,1.0
broad__calru__t2__lr0p01_eta1000_i50__seed10,calru,CA-LRU,t2,10,True,0.004256655462086201,topology-specific validation-selected,0.00024482148000970483,temporal,temporal_x2,2x time,2,,variable_sparsity,0.01287271548062563,True,1.0,1.3620327711105347,256,0.021069202572107315,0.01506754569709301,0.0056083714589476585,0.02383391000330448,0.018048802390694618,0.024142645299434662,0.018180349841713905,0.024142645299434662,0.018180349841713905,0.013699997216463089,0.02383391000330448,0.010943559929728508,0.024980466812849045,1.0
broad__calru__t2__lr0p01_eta1000_i50__seed10,calru,CA-LRU,t2,10,True,0.004256655462086201,topology-specific validation-selected,0.0005372497253119946,temporal,temporal_x4,4x time,4,,variable_sparsity,0.015353461727499962,True,1.0,1.3614946603775024,512,0.024242054671049118,0.017408844083547592,0.008826232515275478,0.028467347845435143,0.019220056012272835,0.02864585816860199,0.019017627462744713,0.02864585816860199,0.019017627462744713,0.01574082300066948,0.028467347845435143,0.012035463005304337,0.029689710587263107,1.0
broad__calru__t2__lr0p01_eta1000_i50__seed10,calru,CA-LRU,t2,10,True,0.004256655462086201,topology-specific validation-selected,0.000887699774466455,temporal,temporal_x8,8x time,8,,variable_sparsity,0.017526784911751747,True,1.0,1.3609840869903564,1024,0.02755962312221527,0.01976265385746956,0.01099473051726818,0.03184374421834946,0.020379239693284035,0.0319938063621521,0.020303575322031975,0.0319938063621521,0.020303575322031975,0.01773747056722641,0.03184374421834946,0.012556351721286774,0.03430788591504097,1.0
broad__calru__t2__lr0p01_eta1000_i50__seed10,calru,CA-LRU,t2,10,True,0.004256655462086201,topology-specific validation-selected,5.318277544574812e-05,velocity,velocity_x0p5,0.5x,0.5,,variable_sparsity,0.005430171731859446,True,1.0,1.1714093685150146,128,0.010565722361207008,0.008533733896911144,0.0028106989338994026,0.011461382731795311,0.009092951193451881,0.011302651837468147,0.0089981434866786,0.011302651837468147,0.0089981434866786,0.007769776973873377,0.011461382731795311,0.0068499427288770676,0.012420093640685081,0.5
broad__calru__t2__lr0p01_eta1000_i50__seed10,calru,CA-LRU,t2,10,True,0.004256655462086201,topology-specific validation-selected,0.0011017383076250553,velocity,velocity_x1p5,1.5x,1.5,,variable_sparsity,0.01963898539543152,True,1.0,1.4481725692749023,128,0.03604673594236374,0.02486315555870533,0.00528311962261796,0.039273444563150406,0.02424420788884163,0.03959095478057861,0.02416081540286541,0.03959095478057861,0.02416081540286541,0.02357720211148262,0.039273444563150406,0.014346664771437645,0.04259846732020378,1.5
broad__calru__t2__lr0p01_eta1000_i50__seed10,calru,CA-LRU,t2,10,True,0.004256655462086201,topology-specific validation-selected,0.012880444526672363,velocity,velocity_x2,2.0x,2.0,,variable_sparsity,0.06435975432395935,True,1.0,1.4958068132400513,128,0.10001718997955322,0.06743733584880829,0.012868798337876797,0.11360085010528564,0.03723127394914627,0.11563669890165329,0.03782232105731964,0.11563669890165329,0.03782232105731964,0.06667977571487427,0.11360085010528564,0.02148953080177307,0.15142664313316345,2.0
pilot__rnn__s2__seed10,rnn,RNN,s2,10,False,0.2955823242664337,ring-selected zero-retuning,0.3727968633174896,combined,combined_h1024_x1p5,"T=1024, 1.5x",T1024_1.5x,,variable_sparsity,1.369194507598877,True,1.0,1.5011184215545654,1024,1.5267225503921509,1.4007456302642822,0.5074338912963867,1.5396826267242432,1.4923374652862549,1.5934339761734009,1.6254361867904663,1.5745985507965088,1.594307541847229,1.393015742301941,1.5396826267242432,1.3953065872192383,1.848584532737732,1.5
pilot__rnn__s2__seed10,rnn,RNN,s2,10,False,0.2955823242664337,ring-selected zero-retuning,0.3803868889808655,combined,combined_h1024_x2,"T=1024, 2.0x",T1024_2.0x,,variable_sparsity,1.4641380310058594,True,1.0,1.5028951168060303,1024,1.6059942245483398,1.4585398435592651,0.5469173192977905,1.635848879814148,1.643094539642334,1.5202131271362305,1.4531607627868652,1.5031273365020752,1.4874955415725708,1.459911584854126,1.635848879814148,1.4814262390136719,1.8417892456054688,2.0
pilot__rnn__s2__seed10,rnn,RNN,s2,10,False,0.2955823242664337,ring-selected zero-retuning,0.21788154542446136,dwell,dwell_block64,64-step middle blank,middle_blank_64,,variable_sparsity,0.8522494435310364,True,1.0,1.157697081565857,128,1.1765673160552979,0.9648275971412659,0.4639182686805725,1.2399091720581055,1.1687425374984741,1.3162777423858643,1.2313438653945923,1.376914381980896,1.3304158449172974,0.8946415185928345,1.2399091720581055,0.8738081455230713,1.475998878479004,1.0
pilot__rnn__s2__seed10,rnn,RNN,s2,10,False,0.2955823242664337,ring-selected zero-retuning,0.2407178282737732,dwell,dwell_dense,dense,dense,,dense,,True,1.0,1.3137948513031006,128,1.1455514430999756,1.0050793886184692,0.48834189772605896,1.136845588684082,1.0985677242279053,1.2780624628067017,1.159968614578247,1.414480447769165,1.3782932758331299,1.0050793886184692,1.136845588684082,1.0351189374923706,1.4358917474746704,1.0
pilot__rnn__s2__seed10,rnn,RNN,s2,10,False,0.2955823242664337,ring-selected zero-retuning,0.17844054102897644,dwell,dwell_p0p25,active p=0.25,0.25,,fixed_probability,0.734933078289032,True,1.0,1.1387076377868652,128,0.998914897441864,0.7672943472862244,0.4643431007862091,1.0826501846313477,1.0121703147888184,1.1938376426696777,1.0881342887878418,1.3853282928466797,1.326061487197876,0.7430786490440369,1.0826501846313477,0.6920918226242065,1.1936348676681519,1.0
pilot__rnn__s2__seed10,rnn,RNN,s2,10,False,0.2955823242664337,ring-selected zero-retuning,0.22027456760406494,dwell,dwell_p0p50,active p=0.50,0.5,,fixed_probability,0.8991939425468445,True,1.0,1.2634965181350708,128,1.1572754383087158,0.9088419079780579,0.5182392001152039,1.2089461088180542,1.1327661275863647,1.2047151327133179,1.1792080402374268,1.3597652912139893,1.3107540607452393,0.9040626287460327,1.2089461088180542,0.8905373215675354,1.359981656074524,1.0
pilot__rnn__s2__seed10,rnn,RNN,s2,10,False,0.2955823242664337,ring-selected zero-retuning,0.23084917664527893,dwell,dwell_p0p75,active p=0.75,0.75,,fixed_probability,0.9432269930839539,True,1.0,1.2911617755889893,128,1.1437525749206543,0.9674147367477417,0.511001467704773,1.185217022895813,1.1223759651184082,1.284399390220642,1.2089898586273193,1.3909239768981934,1.3418362140655518,0.9613965749740601,1.185217022895813,0.9685666561126709,1.444580316543579,1.0
pilot__rnn__s2__seed10,rnn,RNN,s2,10,False,0.2955823242664337,ring-selected zero-retuning,0.21677707135677338,id,id_h128,ID T=128,128,,variable_sparsity,0.710083544254303,True,1.0,1.196302056312561,128,1.0647008419036865,0.9687785506248474,0.47537001967430115,1.0922061204910278,1.0211207866668701,1.2185895442962646,1.158373475074768,1.4048690795898438,1.3794747591018677,0.9050995111465454,1.0922061204910278,0.9280095100402832,1.4024394750595093,1.0
pilot__rnn__s2__seed10,rnn,RNN,s2,10,False,0.2955823242664337,ring-selected zero-retuning,0.3784019947052002,path,path_h1024,T=1024,1024,,variable_sparsity,1.353962779045105,True,1.0,1.5051929950714111,1024,1.5935280323028564,1.42539381980896,0.504029393196106,1.6049009561538696,1.5958894491195679,1.575439453125,1.5236961841583252,1.6007097959518433,1.5579818487167358,1.407893419265747,1.6049009561538696,1.414792776107788,1.8882160186767578,1.0
pilot__rnn__s2__seed10,rnn,RNN,s2,10,False,0.2955823242664337,ring-selected zero-retuning,0.4157736897468567,path,path_h2048,T=2048,2048,,variable_sparsity,1.4455108642578125,True,1.0,1.54164457321167,2048,1.574042558670044,1.5130354166030884,0.48278868198394775,1.5314183235168457,1.5420799255371094,1.5625463724136353,1.5288121700286865,1.551992654800415,1.5201789140701294,1.4964790344238281,1.5314183235168457,1.5121819972991943,1.9578790664672852,1.0
pilot__rnn__s2__seed10,rnn,RNN,s2,10,False,0.2955823242664337,ring-selected zero-retuning,0.25786107778549194,path,path_h256,T=256,256,,variable_sparsity,0.9354031682014465,True,1.0,1.3367786407470703,256,1.2617747783660889,1.1010384559631348,0.5127451419830322,1.3181977272033691,1.2944631576538086,1.366670846939087,1.3197193145751953,1.4314076900482178,1.395694375038147,1.0604510307312012,1.3181977272033691,1.080265998840332,1.5242056846618652,1.0
pilot__rnn__s2__seed10,rnn,RNN,s2,10,False,0.2955823242664337,ring-selected zero-retuning,0.31351497769355774,path,path_h512,T=512,512,,variable_sparsity,1.155523419380188,True,1.0,1.4333817958831787,512,1.454321026802063,1.2585150003433228,0.5216189622879028,1.4778931140899658,1.399665117263794,1.503218412399292,1.4799871444702148,1.456343412399292,1.4470990896224976,1.2332613468170166,1.4778931140899658,1.2319188117980957,1.6923902034759521,1.0
pilot__rnn__s2__seed10,rnn,RNN,s2,10,False,0.2955823242664337,ring-selected zero-retuning,0.24221456050872803,smoothness,smooth_l0p5,GP ell=0.5,0.5,,variable_sparsity,0.7650066018104553,True,0.5,1.2707858085632324,128,1.2459982633590698,1.0766059160232544,0.5163536667823792,1.305427074432373,1.2342529296875,1.3335585594177246,1.2838871479034424,1.375510811805725,1.3003089427947998,0.999904215335846,1.305427074432373,0.9886511564254761,1.5056567192077637,1.0
pilot__rnn__s2__seed10,rnn,RNN,s2,10,False,0.2955823242664337,ring-selected zero-retuning,0.21387621760368347,smoothness,smooth_l2,GP ell=2.0,2.0,,variable_sparsity,0.7333188652992249,True,2.0,1.1337003707885742,128,1.0667264461517334,0.9454641342163086,0.4600600004196167,1.0816607475280762,1.0468088388442993,1.1862120628356934,1.0722434520721436,1.343991994857788,1.2156683206558228,0.8932435512542725,1.0816607475280762,0.9376278519630432,1.3542218208312988,1.0
pilot__rnn__s2__seed10,rnn,RNN,s2,10,False,0.2955823242664337,ring-selected zero-retuning,0.44543689489364624,temporal,temporal_x16,16x time,16,,variable_sparsity,1.316567063331604,True,1.0,1.1949563026428223,2048,1.4859323501586914,1.343237280845642,0.21777121722698212,1.4895884990692139,1.5574897527694702,1.5037297010421753,1.5270726680755615,1.5109241008758545,1.5032120943069458,1.3178236484527588,1.4895884990692139,1.3640613555908203,1.827414631843567,1.0
pilot__rnn__s2__seed10,rnn,RNN,s2,10,False,0.2955823242664337,ring-selected zero-retuning,0.22581994533538818,temporal,temporal_x2,2x time,2,,variable_sparsity,0.9016212224960327,True,1.0,1.1957067251205444,256,1.145753264427185,0.9875933527946472,0.49530139565467834,1.2202324867248535,1.162559151649475,1.2481282949447632,1.2111486196517944,1.3908030986785889,1.3653522729873657,0.9340260624885559,1.2202324867248535,0.9483082890510559,1.426482915878296,1.0
pilot__rnn__s2__seed10,rnn,RNN,s2,10,False,0.2955823242664337,ring-selected zero-retuning,0.26352089643478394,temporal,temporal_x4,4x time,4,,variable_sparsity,1.0206340551376343,True,1.0,1.1957828998565674,512,1.2636066675186157,1.0711637735366821,0.4440954923629761,1.292729139328003,1.2566337585449219,1.3385179042816162,1.3331102132797241,1.4242557287216187,1.3991503715515137,1.0301568508148193,1.292729139328003,1.0405155420303345,1.5210208892822266,1.0
pilot__rnn__s2__seed10,rnn,RNN,s2,10,False,0.2955823242664337,ring-selected zero-retuning,0.3474118411540985,temporal,temporal_x8,8x time,8,,variable_sparsity,1.1832879781723022,True,1.0,1.1950784921646118,1024,1.3995001316070557,1.214946985244751,0.33028411865234375,1.4195616245269775,1.464669942855835,1.407967448234558,1.4055410623550415,1.4178112745285034,1.4321521520614624,1.1862711906433105,1.4195616245269775,1.1591472625732422,1.7362620830535889,1.0
pilot__rnn__s2__seed10,rnn,RNN,s2,10,False,0.2955823242664337,ring-selected zero-retuning,0.18737606704235077,velocity,velocity_x0p5,0.5x,0.5,,variable_sparsity,0.5825064778327942,True,1.0,1.1049447059631348,128,1.0499564409255981,0.8486829996109009,0.46103987097740173,1.0744231939315796,0.9816920161247253,1.2026560306549072,1.161622405052185,1.336183786392212,1.249094843864441,0.7831623554229736,1.0744231939315796,0.7784457802772522,1.217038869857788,0.5
pilot__rnn__s2__seed10,rnn,RNN,s2,10,False,0.2955823242664337,ring-selected zero-retuning,0.24262535572052002,velocity,velocity_x1p5,1.5x,1.5,,variable_sparsity,0.8303809762001038,True,1.0,1.2319731712341309,128,1.1501991748809814,1.0678507089614868,0.48792171478271484,1.1752275228500366,1.1232528686523438,1.3584210872650146,1.3121331930160522,1.495924472808838,1.4734469652175903,1.0093964338302612,1.1752275228500366,1.0290194749832153,1.5394338369369507,1.5
pilot__rnn__s2__seed10,rnn,RNN,s2,10,False,0.2955823242664337,ring-selected zero-retuning,0.26052212715148926,velocity,velocity_x2,2.0x,2.0,,variable_sparsity,0.9018130302429199,True,1.0,1.2675329446792603,128,1.202183485031128,1.1347297430038452,0.5083488821983337,1.2323262691497803,1.1574195623397827,1.362426996231079,1.2636504173278809,1.4329307079315186,1.4128443002700806,1.0773961544036865,1.2323262691497803,1.120377779006958,1.5827988386154175,2.0
pilot__gru__s2__seed10,gru,GRU,s2,10,False,0.02658451721072197,ring-selected zero-retuning,0.13734374940395355,combined,combined_h1024_x1p5,"T=1024, 1.5x",T1024_1.5x,,variable_sparsity,0.3650790750980377,True,1.0,1.5011184215545654,1024,0.7820411920547485,0.6270126700401306,0.10486426204442978,0.8219183683395386,0.7151246666908264,0.8223500847816467,0.7200090885162354,0.8915767669677734,0.7925168871879578,0.5628392696380615,0.8219183683395386,0.4625518321990967,1.061030626296997,1.5
pilot__gru__s2__seed10,gru,GRU,s2,10,False,0.02658451721072197,ring-selected zero-retuning,0.28841590881347656,combined,combined_h1024_x2,"T=1024, 2.0x",T1024_2.0x,,variable_sparsity,0.711279034614563,True,1.0,1.5028951168060303,1024,1.2725895643234253,1.0579924583435059,0.22340020537376404,1.3257811069488525,1.32722008228302,1.3138055801391602,1.3008754253387451,1.3407304286956787,1.2590746879577637,0.9730480313301086,1.3257811069488525,0.9549778699874878,1.6106178760528564,2.0
pilot__gru__s2__seed10,gru,GRU,s2,10,False,0.02658451721072197,ring-selected zero-retuning,0.00400882912799716,dwell,dwell_block64,64-step middle blank,middle_blank_64,,variable_sparsity,0.07671000808477402,True,1.0,1.157697081565857,128,0.12448194622993469,0.09518475085496902,0.024031437933444977,0.13283377885818481,0.11446782946586609,0.20899763703346252,0.1919906735420227,0.49682649970054626,0.44422686100006104,0.08366679400205612,0.13283377885818481,0.07170873135328293,0.13800953328609467,1.0
pilot__gru__s2__seed10,gru,GRU,s2,10,False,0.02658451721072197,ring-selected zero-retuning,0.006127048283815384,dwell,dwell_dense,dense,dense,,dense,,True,1.0,1.3137948513031006,128,0.1251792311668396,0.0964815765619278,0.04217420518398285,0.1376710832118988,0.1140197366476059,0.20830954611301422,0.18317319452762604,0.47882285714149475,0.4066121578216553,0.0964815765619278,0.1376710832118988,0.080206960439682,0.1681983470916748,1.0
pilot__gru__s2__seed10,gru,GRU,s2,10,False,0.02658451721072197,ring-selected zero-retuning,0.0023567266762256622,dwell,dwell_p0p25,active p=0.25,0.25,,fixed_probability,0.06556490063667297,True,1.0,1.1387076377868652,128,0.09026866406202316,0.06885907799005508,0.020663496106863022,0.09626605361700058,0.08413045853376389,0.1819586455821991,0.15463311970233917,0.4386424124240875,0.3879270553588867,0.06639407575130463,0.09626605361700058,0.0635468065738678,0.10245213657617569,1.0
pilot__gru__s2__seed10,gru,GRU,s2,10,False,0.02658451721072197,ring-selected zero-retuning,0.0028130579739809036,dwell,dwell_p0p50,active p=0.50,0.5,,fixed_probability,0.0737452283501625,True,1.0,1.2634965181350708,128,0.09148672968149185,0.0706067681312561,0.024596385657787323,0.09936987608671188,0.0920005738735199,0.17849323153495789,0.16045071184635162,0.45850005745887756,0.4078250229358673,0.07216143608093262,0.09936987608671188,0.06535211205482483,0.10772968083620071,1.0
pilot__gru__s2__seed10,gru,GRU,s2,10,False,0.02658451721072197,ring-selected zero-retuning,0.003561057848855853,dwell,dwell_p0p75,active p=0.75,0.75,,fixed_probability,0.08732138574123383,True,1.0,1.2911617755889893,128,0.09795902669429779,0.07507467269897461,0.031181085854768753,0.10501499474048615,0.09321234375238419,0.19067510962486267,0.16418799757957458,0.4821207821369171,0.412029504776001,0.07812178134918213,0.10501499474048615,0.07050900161266327,0.11140260100364685,1.0
pilot__gru__s2__seed10,gru,GRU,s2,10,False,0.02658451721072197,ring-selected zero-retuning,0.004526861011981964,id,id_h128,ID T=128,128,,variable_sparsity,0.0750899389386177,True,1.0,1.196302056312561,128,0.11004157364368439,0.08744381368160248,0.03323502838611603,0.12062764167785645,0.1075691282749176,0.19740648567676544,0.17386795580387115,0.46077215671539307,0.3956582248210907,0.08440284430980682,0.12062764167785645,0.07508893311023712,0.13335344195365906,1.0
pilot__gru__s2__seed10,gru,GRU,s2,10,False,0.02658451721072197,ring-selected zero-retuning,0.04629754275083542,path,path_h1024,T=1024,1024,,variable_sparsity,0.22563590109348297,True,1.0,1.5051929950714111,1024,0.43883854150772095,0.3230801522731781,0.03608294948935509,0.4668141007423401,0.39883285760879517,0.4953695833683014,0.44544321298599243,0.6396530866622925,0.5951535105705261,0.2992064356803894,0.4668141007423401,0.26206421852111816,0.5003224611282349,1.0
pilot__gru__s2__seed10,gru,GRU,s2,10,False,0.02658451721072197,ring-selected zero-retuning,0.09012797474861145,path,path_h2048,T=2048,2048,,variable_sparsity,0.3233555555343628,True,1.0,1.54164457321167,2048,0.6152951717376709,0.46863415837287903,0.03667834773659706,0.6597399711608887,0.5455430150032043,0.6758878827095032,0.5940825343132019,0.7901571393013,0.7137110233306885,0.43301331996917725,0.6597399711608887,0.3904891908168793,0.7142401933670044,1.0
pilot__gru__s2__seed10,gru,GRU,s2,10,False,0.02658451721072197,ring-selected zero-retuning,0.008693508803844452,path,path_h256,T=256,256,,variable_sparsity,0.10390560328960419,True,1.0,1.3367786407470703,256,0.17743507027626038,0.12726017832756042,0.034766487777233124,0.19687184691429138,0.16696138679981232,0.24882185459136963,0.21314825117588043,0.48528242111206055,0.42786815762519836,0.12153735756874084,0.19687184691429138,0.10980343073606491,0.19282221794128418,1.0
pilot__gru__s2__seed10,gru,GRU,s2,10,False,0.02658451721072197,ring-selected zero-retuning,0.021042106673121452,path,path_h512,T=512,512,,variable_sparsity,0.15137074887752533,True,1.0,1.4333817958831787,512,0.29926103353500366,0.20707540214061737,0.036343932151794434,0.33325761556625366,0.28913670778274536,0.3750758171081543,0.3324988782405853,0.589175820350647,0.5146766901016235,0.193416565656662,0.33325761556625366,0.16725048422813416,0.3328291177749634,1.0
pilot__gru__s2__seed10,gru,GRU,s2,10,False,0.02658451721072197,ring-selected zero-retuning,0.004839458502829075,smoothness,smooth_l0p5,GP ell=0.5,0.5,,variable_sparsity,0.06932059675455093,True,0.5,1.2707858085632324,128,0.11598028242588043,0.09419558197259903,0.03379480913281441,0.12464369088411331,0.1122499629855156,0.19204425811767578,0.18070118129253387,0.46411052346229553,0.4138409495353699,0.08807249367237091,0.12464369088411331,0.077677421271801,0.13466191291809082,1.0
pilot__gru__s2__seed10,gru,GRU,s2,10,False,0.02658451721072197,ring-selected zero-retuning,0.004740753676742315,smoothness,smooth_l2,GP ell=2.0,2.0,,variable_sparsity,0.07523064315319061,True,2.0,1.1337003707885742,128,0.11548831313848495,0.08959753066301346,0.03456544503569603,0.1283787488937378,0.1095239669084549,0.1936919242143631,0.17321141064167023,0.4384956359863281,0.3854113817214966,0.08606105297803879,0.1283787488937378,0.07730509340763092,0.13814669847488403,1.0
pilot__gru__s2__seed10,gru,GRU,s2,10,False,0.02658451721072197,ring-selected zero-retuning,0.13666747510433197,temporal,temporal_x16,16x time,16,,variable_sparsity,0.5444789528846741,True,1.0,1.1949563026428223,2048,0.818745493888855,0.5206056237220764,0.014174165204167366,0.8854367733001709,0.8161352872848511,0.9082317352294922,0.8539810180664062,0.9869185090065002,0.9473710656166077,0.5433542132377625,0.8854367733001709,0.48720863461494446,0.8603891134262085,1.0
pilot__gru__s2__seed10,gru,GRU,s2,10,False,0.02658451721072197,ring-selected zero-retuning,0.006586739327758551,temporal,temporal_x2,2x time,2,,variable_sparsity,0.11819244921207428,True,1.0,1.1957067251205444,256,0.16278184950351715,0.10168614238500595,0.020119991153478622,0.1719699203968048,0.1414569914340973,0.23775529861450195,0.2161160558462143,0.4891241192817688,0.4182356894016266,0.11197085678577423,0.1719699203968048,0.09840039163827896,0.18968191742897034,1.0
pilot__gru__s2__seed10,gru,GRU,s2,10,False,0.02658451721072197,ring-selected zero-retuning,0.015149390324950218,temporal,temporal_x4,4x time,4,,variable_sparsity,0.1713438779115677,True,1.0,1.1957828998565674,512,0.2564038038253784,0.14862528443336487,0.017604930326342583,0.2796275019645691,0.24515363574028015,0.33859342336654663,0.2961169481277466,0.5462819337844849,0.47980359196662903,0.16706231236457825,0.2796275019645691,0.14765113592147827,0.2853822112083435,1.0
pilot__gru__s2__seed10,gru,GRU,s2,10,False,0.02658451721072197,ring-selected zero-retuning,0.04844943806529045,temporal,temporal_x8,8x time,8,,variable_sparsity,0.306526243686676,True,1.0,1.1950784921646118,1024,0.4708572030067444,0.28380826115608215,0.015726201236248016,0.5145654678344727,0.46401411294937134,0.5503692626953125,0.4955877959728241,0.6882508993148804,0.6520960330963135,0.3043854832649231,0.5145654678344727,0.26670217514038086,0.4992268681526184,1.0
pilot__gru__s2__seed10,gru,GRU,s2,10,False,0.02658451721072197,ring-selected zero-retuning,0.002085298066958785,velocity,velocity_x0p5,0.5x,0.5,,variable_sparsity,0.07006456702947617,True,1.0,1.1049447059631348,128,0.08514386415481567,0.061211831867694855,0.018954508006572723,0.09314286708831787,0.08830096572637558,0.18188004195690155,0.15622791647911072,0.4721473455429077,0.4172057509422302,0.06339097023010254,0.09314286708831787,0.05991514399647713,0.0951600968837738,0.5
pilot__gru__s2__seed10,gru,GRU,s2,10,False,0.02658451721072197,ring-selected zero-retuning,0.02629082277417183,velocity,velocity_x1p5,1.5x,1.5,,variable_sparsity,0.104385606944561,True,1.0,1.2319731712341309,128,0.2302539348602295,0.20933495461940765,0.0847732424736023,0.2463720291852951,0.14753730595111847,0.2764396071434021,0.21053455770015717,0.4978698492050171,0.42535075545310974,0.18350118398666382,0.2463720291852951,0.10753241926431656,0.35711669921875,1.5
pilot__gru__s2__seed10,gru,GRU,s2,10,False,0.02658451721072197,ring-selected zero-retuning,0.07992135733366013,velocity,velocity_x2,2.0x,2.0,,variable_sparsity,0.1983327716588974,True,1.0,1.2675329446792603,128,0.5096843838691711,0.4547584354877472,0.1762513518333435,0.5451274514198303,0.30928781628608704,0.5420866012573242,0.32733070850372314,0.7241230607032776,0.563448429107666,0.39163801074028015,0.5451274514198303,0.20373983681201935,1.0299947261810303,2.0
pilot__lstm__s2__seed12,lstm,LSTM,s2,12,True,0.012160596437752247,ring-selected zero-retuning,0.07861962169408798,combined,combined_h1024_x1p5,"T=1024, 1.5x",T1024_1.5x,,variable_sparsity,0.3227093815803528,True,1.0,1.5011184215545654,1024,0.5541297197341919,0.3755907416343689,0.033009760081768036,0.578615128993988,0.4720030725002289,0.5862377285957336,0.4680103659629822,0.6654074192047119,0.5852229595184326,0.3626348674297333,0.578615128993988,0.2776075601577759,0.7374475598335266,1.5
pilot__lstm__s2__seed12,lstm,LSTM,s2,12,True,0.012160596437752247,ring-selected zero-retuning,0.2609853148460388,combined,combined_h1024_x2,"T=1024, 2.0x",T1024_2.0x,,variable_sparsity,0.6528855562210083,True,1.0,1.5028951168060303,1024,1.1493654251098633,0.8672466278076172,0.07992082834243774,1.181222677230835,1.1412056684494019,1.1842148303985596,1.1322883367538452,1.204728603363037,1.1234065294265747,0.8147284388542175,1.181222677230835,0.6907473206520081,1.5049588680267334,2.0
pilot__lstm__s2__seed12,lstm,LSTM,s2,12,True,0.012160596437752247,ring-selected zero-retuning,0.0009734972845762968,dwell,dwell_block64,64-step middle blank,middle_blank_64,,variable_sparsity,0.0413113534450531,True,1.0,1.157697081565857,128,0.0665605366230011,0.04267159104347229,0.010353414341807365,0.07019822299480438,0.0643494501709938,0.13198350369930267,0.12209729850292206,0.36211422085762024,0.3429733216762543,0.04182355850934982,0.07019822299480438,0.03912000358104706,0.06740715354681015,1.0
pilot__lstm__s2__seed12,lstm,LSTM,s2,12,True,0.012160596437752247,ring-selected zero-retuning,0.000822440895717591,dwell,dwell_dense,dense,dense,,dense,,True,1.0,1.3137948513031006,128,0.052971020340919495,0.03793775662779808,0.012527760118246078,0.05722106248140335,0.052808284759521484,0.11870847642421722,0.11082770675420761,0.36005812883377075,0.3344342112541199,0.03793775662779808,0.05722106248140335,0.03313838690519333,0.059507034718990326,1.0
pilot__lstm__s2__seed12,lstm,LSTM,s2,12,True,0.012160596437752247,ring-selected zero-retuning,0.0009773450437933207,dwell,dwell_p0p25,active p=0.25,0.25,,fixed_probability,0.04238003492355347,True,1.0,1.1387076377868652,128,0.06468166410923004,0.043193936347961426,0.00994680542498827,0.0696544200181961,0.06455767154693604,0.12767702341079712,0.12011641263961792,0.35043638944625854,0.308500200510025,0.042584896087646484,0.0696544200181961,0.038633909076452255,0.06547534465789795,1.0
pilot__lstm__s2__seed12,lstm,LSTM,s2,12,True,0.012160596437752247,ring-selected zero-retuning,0.0008907754672691226,dwell,dwell_p0p50,active p=0.50,0.5,,fixed_probability,0.038308072835206985,True,1.0,1.2634965181350708,128,0.05570482462644577,0.039104729890823364,0.013029121793806553,0.06007525324821472,0.055487778037786484,0.11851183325052261,0.1111382320523262,0.34350115060806274,0.3233896791934967,0.0387100949883461,0.06007525324821472,0.03471751883625984,0.061881884932518005,1.0
pilot__lstm__s2__seed12,lstm,LSTM,s2,12,True,0.012160596437752247,ring-selected zero-retuning,0.0007866201922297478,dwell,dwell_p0p75,active p=0.75,0.75,,fixed_probability,0.03585977479815483,True,1.0,1.2911617755889893,128,0.0521572008728981,0.037021853029727936,0.013431968167424202,0.05620727315545082,0.054234448820352554,0.12245014309883118,0.11335719376802444,0.36864978075027466,0.34401312470436096,0.03673271834850311,0.05620727315545082,0.034377604722976685,0.05615268275141716,1.0
pilot__lstm__s2__seed12,lstm,LSTM,s2,12,True,0.012160596437752247,ring-selected zero-retuning,0.0008630384691059589,id,id_h128,ID T=128,128,,variable_sparsity,0.04053046926856041,True,1.0,1.196302056312561,128,0.05516243353486061,0.037509121000766754,0.012600235641002655,0.059964798390865326,0.05284666642546654,0.12261037528514862,0.11185391992330551,0.35724449157714844,0.32872194051742554,0.03825283795595169,0.059964798390865326,0.033405400812625885,0.06291493773460388,1.0
pilot__lstm__s2__seed12,lstm,LSTM,s2,12,True,0.012160596437752247,ring-selected zero-retuning,0.01215306669473648,path,path_h1024,T=1024,1024,,variable_sparsity,0.17898604273796082,True,1.0,1.5051929950714111,1024,0.22774703800678253,0.14012914896011353,0.012671024538576603,0.2410435974597931,0.202985018491745,0.2661062180995941,0.23454010486602783,0.44178324937820435,0.4176527261734009,0.14964905381202698,0.2410435974597931,0.13714341819286346,0.2501016855239868,1.0
pilot__lstm__s2__seed12,lstm,LSTM,s2,12,True,0.012160596437752247,ring-selected zero-retuning,0.025355443358421326,path,path_h2048,T=2048,2048,,variable_sparsity,0.2580370604991913,True,1.0,1.54164457321167,2048,0.32013750076293945,0.2092072069644928,0.012609456665813923,0.34830039739608765,0.3107357919216156,0.36903756856918335,0.3229224979877472,0.5058432817459106,0.4357196092605591,0.2211797833442688,0.34830039739608765,0.1995745748281479,0.3600190281867981,1.0
pilot__lstm__s2__seed12,lstm,LSTM,s2,12,True,0.012160596437752247,ring-selected zero-retuning,0.0019534905441105366,path,path_h256,T=256,256,,variable_sparsity,0.06743839383125305,True,1.0,1.3367786407470703,256,0.08741914480924606,0.05543731153011322,0.012561475858092308,0.09550347924232483,0.08660374581813812,0.1491541564464569,0.13542653620243073,0.37755516171455383,0.3597980737686157,0.05837806686758995,0.09550347924232483,0.05312640964984894,0.09264568239450455,1.0
pilot__lstm__s2__seed12,lstm,LSTM,s2,12,True,0.012160596437752247,ring-selected zero-retuning,0.004825771786272526,path,path_h512,T=512,512,,variable_sparsity,0.11078011989593506,True,1.0,1.4333817958831787,512,0.14170648157596588,0.08629318326711655,0.012912187725305557,0.1563042849302292,0.14294247329235077,0.19203662872314453,0.17305396497249603,0.3882198929786682,0.3628996014595032,0.09229741990566254,0.1563042849302292,0.08371289074420929,0.13979285955429077,1.0
pilot__lstm__s2__seed12,lstm,LSTM,s2,12,True,0.012160596437752247,ring-selected zero-retuning,0.000809353543445468,smoothness,smooth_l0p5,GP ell=0.5,0.5,,variable_sparsity,0.03972119092941284,True,0.5,1.2707858085632324,128,0.05284486711025238,0.03714689239859581,0.012264653109014034,0.057508498430252075,0.05070797726511955,0.11697043478488922,0.10737741738557816,0.3493446111679077,0.3128799498081207,0.03778056800365448,0.057508498430252075,0.033296432346105576,0.059452399611473083,1.0
pilot__lstm__s2__seed12,lstm,LSTM,s2,12,True,0.012160596437752247,ring-selected zero-retuning,0.0009632979054003954,smoothness,smooth_l2,GP ell=2.0,2.0,,variable_sparsity,0.04104023054242134,True,2.0,1.1337003707885742,128,0.058860067278146744,0.03913744539022446,0.013149069622159004,0.06511540710926056,0.057910092175006866,0.12821722030639648,0.1236998587846756,0.3661499321460724,0.3218234181404114,0.039605822414159775,0.06511540710926056,0.03433292359113693,0.06515701115131378,1.0
pilot__lstm__s2__seed12,lstm,LSTM,s2,12,True,0.012160596437752247,ring-selected zero-retuning,0.0817490965127945,temporal,temporal_x16,16x time,16,,variable_sparsity,0.4119318723678589,True,1.0,1.1949563026428223,2048,0.6281200647354126,0.39138221740722656,0.008290542289614677,0.6808151006698608,0.6633122563362122,0.7156276702880859,0.6957087516784668,0.832187294960022,0.790591835975647,0.4109637141227722,0.6808151006698608,0.38902318477630615,0.6591310501098633,1.0
pilot__lstm__s2__seed12,lstm,LSTM,s2,12,True,0.012160596437752247,ring-selected zero-retuning,0.0024549595545977354,temporal,temporal_x2,2x time,2,,variable_sparsity,0.06671087443828583,True,1.0,1.1957067251205444,256,0.09957009553909302,0.06177178770303726,0.012711815536022186,0.1075117439031601,0.09347963333129883,0.16533008217811584,0.14469580352306366,0.3876003921031952,0.3576291501522064,0.06484922021627426,0.1075117439031601,0.05597323179244995,0.11814974993467331,1.0
pilot__lstm__s2__seed12,lstm,LSTM,s2,12,True,0.012160596437752247,ring-selected zero-retuning,0.008552197366952896,temporal,temporal_x4,4x time,4,,variable_sparsity,0.1238206997513771,True,1.0,1.1957828998565674,512,0.19026979804039001,0.1168803870677948,0.009836554527282715,0.20592635869979858,0.19021327793598175,0.2532309889793396,0.23321348428726196,0.44333750009536743,0.40302303433418274,0.12251272052526474,0.20592635869979858,0.10853701829910278,0.21663901209831238,1.0
pilot__lstm__s2__seed12,lstm,LSTM,s2,12,True,0.012160596437752247,ring-selected zero-retuning,0.02695094794034958,temporal,temporal_x8,8x time,8,,variable_sparsity,0.22629298269748688,True,1.0,1.1950784921646118,1024,0.34760022163391113,0.213987797498703,0.008262638002634048,0.37630799412727356,0.3549251854419708,0.41483527421951294,0.38934195041656494,0.5672019720077515,0.5555991530418396,0.22513344883918762,0.37630799412727356,0.20579573512077332,0.3894328474998474,1.0
pilot__lstm__s2__seed12,lstm,LSTM,s2,12,True,0.012160596437752247,ring-selected zero-retuning,0.0006311364122666419,velocity,velocity_x0p5,0.5x,0.5,,variable_sparsity,0.040293700993061066,True,1.0,1.1049447059631348,128,0.05144490674138069,0.03276693820953369,0.008243042975664139,0.05496855080127716,0.04981701821088791,0.1148805245757103,0.10330905765295029,0.3348427414894104,0.2985422909259796,0.034619688987731934,0.05496855080127716,0.031228985637426376,0.054951272904872894,0.5
pilot__lstm__s2__seed12,lstm,LSTM,s2,12,True,0.012160596437752247,ring-selected zero-retuning,0.00631024269387126,velocity,velocity_x1p5,1.5x,1.5,,variable_sparsity,0.06444381922483444,True,1.0,1.2319731712341309,128,0.1109195202589035,0.08381263166666031,0.029894229024648666,0.11867453157901764,0.07412158697843552,0.16778001189231873,0.1370808631181717,0.390310138463974,0.3660435676574707,0.0790449008345604,0.11867453157901764,0.04804137721657753,0.14813053607940674,1.5
pilot__lstm__s2__seed12,lstm,LSTM,s2,12,True,0.012160596437752247,ring-selected zero-retuning,0.042090706527233124,velocity,velocity_x2,2.0x,2.0,,variable_sparsity,0.14382585883140564,True,1.0,1.2675329446792603,128,0.30803027749061584,0.24301184713840485,0.06788244843482971,0.33371374011039734,0.13772663474082947,0.34991520643234253,0.18249228596687317,0.5047883987426758,0.36169394850730896,0.21859674155712128,0.33371374011039734,0.07846499979496002,0.5818935632705688,2.0
broad__calru__s2__lr0p003_eta1000_i50__seed10,calru,CA-LRU,s2,10,True,0.02049138955771923,topology-specific validation-selected,0.2331860512495041,combined,combined_h1024_x1p5,"T=1024, 1.5x",T1024_1.5x,,variable_sparsity,0.5449514389038086,True,1.0,1.5011184215545654,1024,1.2887123823165894,0.9472433924674988,0.2074328064918518,1.3402965068817139,1.285119891166687,1.3437784910202026,1.259252905845642,1.3437784910202026,1.2592527866363525,0.8486822843551636,1.3402965068817139,0.8854014873504639,1.3381611108779907,1.5
broad__calru__s2__lr0p003_eta1000_i50__seed10,calru,CA-LRU,s2,10,True,0.02049138955771923,topology-specific validation-selected,0.3149430751800537,combined,combined_h1024_x2,"T=1024, 2.0x",T1024_2.0x,,variable_sparsity,0.8720868825912476,True,1.0,1.5028951168060303,1024,1.4621131420135498,1.168713927268982,0.2622740566730499,1.4961689710617065,1.5113320350646973,1.4981588125228882,1.5042757987976074,1.4981589317321777,1.5042756795883179,1.0960407257080078,1.4961689710617065,1.1641846895217896,1.4898052215576172,2.0
broad__calru__s2__lr0p003_eta1000_i50__seed10,calru,CA-LRU,s2,10,True,0.02049138955771923,topology-specific validation-selected,0.000775184656959027,dwell,dwell_block64,64-step middle blank,middle_blank_64,,variable_sparsity,0.03732834756374359,True,1.0,1.157697081565857,128,0.047975875437259674,0.04111107811331749,0.008472307585179806,0.054718971252441406,0.04764384403824806,0.05532931163907051,0.047577470541000366,0.055329229682683945,0.047577470541000366,0.038752757012844086,0.054718971252441406,0.03336818516254425,0.06631899625062943,1.0
broad__calru__s2__lr0p003_eta1000_i50__seed10,calru,CA-LRU,s2,10,True,0.02049138955771923,topology-specific validation-selected,0.003308580256998539,dwell,dwell_dense,dense,dense,,dense,,True,1.0,1.3137948513031006,128,0.11524646729230881,0.07387468218803406,0.011544179171323776,0.12888240814208984,0.09761684387922287,0.12038126587867737,0.09346813708543777,0.12038126587867737,0.09346750378608704,0.07387468218803406,0.12888240814208984,0.06051930412650108,0.1413554847240448,1.0
broad__calru__s2__lr0p003_eta1000_i50__seed10,calru,CA-LRU,s2,10,True,0.02049138955771923,topology-specific validation-selected,0.001310846651904285,dwell,dwell_p0p25,active p=0.25,0.25,,fixed_probability,0.04544128105044365,True,1.0,1.1387076377868652,128,0.06445777416229248,0.04686703532934189,0.008381564170122147,0.07069824635982513,0.0529368557035923,0.07065914571285248,0.055537186563014984,0.07065913826227188,0.055537186563014984,0.04580015689134598,0.07069824635982513,0.037494685500860214,0.08997792750597,1.0
broad__calru__s2__lr0p003_eta1000_i50__seed10,calru,CA-LRU,s2,10,True,0.02049138955771923,topology-specific validation-selected,0.0017167674377560616,dwell,dwell_p0p50,active p=0.50,0.5,,fixed_probability,0.05367231369018555,True,1.0,1.2634965181350708,128,0.07908402383327484,0.055678047239780426,0.008883660659193993,0.088056780397892,0.0696699395775795,0.08510303497314453,0.06445688754320145,0.08510299026966095,0.06445688754320145,0.054684486240148544,0.088056780397892,0.04564758017659187,0.09527149796485901,1.0
broad__calru__s2__lr0p003_eta1000_i50__seed10,calru,CA-LRU,s2,10,True,0.02049138955771923,topology-specific validation-selected,0.002114434726536274,dwell,dwell_p0p75,active p=0.75,0.75,,fixed_probability,0.058833472430706024,True,1.0,1.2911617755889893,128,0.09123657643795013,0.06131263077259064,0.009759878739714622,0.10148812085390091,0.08191452920436859,0.09482467174530029,0.07656681537628174,0.09482441842556,0.07656759023666382,0.060695797204971313,0.10148812085390091,0.05110757797956467,0.10243498533964157,1.0
broad__calru__s2__lr0p003_eta1000_i50__seed10,calru,CA-LRU,s2,10,True,0.02049138955771923,topology-specific validation-selected,0.0022892432752996683,id,id_h128,ID T=128,128,,variable_sparsity,0.046280670911073685,True,1.0,1.196302056312561,128,0.09152638912200928,0.06639215350151062,0.010084738954901695,0.10193680226802826,0.08317527174949646,0.09730203449726105,0.07913879305124283,0.09730198234319687,0.07913879305124283,0.061441611498594284,0.10193680226802826,0.04954487830400467,0.11215023696422577,1.0
broad__calru__s2__lr0p003_eta1000_i50__seed10,calru,CA-LRU,s2,10,True,0.02049138955771923,topology-specific validation-selected,0.12790259718894958,path,path_h1024,T=1024,1024,,variable_sparsity,0.2602103352546692,True,1.0,1.5051929950714111,1024,0.9602891206741333,0.6149063110351562,0.1465328335762024,1.0596299171447754,0.9986092448234558,1.0631295442581177,1.0067002773284912,1.0631295442581177,1.0067002773284912,0.5280061364173889,1.0596299171447754,0.49346932768821716,0.9383679628372192,1.0
broad__calru__s2__lr0p003_eta1000_i50__seed10,calru,CA-LRU,s2,10,True,0.02049138955771923,topology-specific validation-selected,0.2515268623828888,path,path_h2048,T=2048,2048,,variable_sparsity,0.5034187436103821,True,1.0,1.54164457321167,2048,1.2955334186553955,1.0072375535964966,0.2157675325870514,1.337770700454712,1.2738537788391113,1.3376061916351318,1.2953379154205322,1.3376061916351318,1.2953379154205322,0.8837064504623413,1.337770700454712,0.9517996907234192,1.4225151538848877,1.0
broad__calru__s2__lr0p003_eta1000_i50__seed10,calru,CA-LRU,s2,10,True,0.02049138955771923,topology-specific validation-selected,0.00783483125269413,path,path_h256,T=256,256,,variable_sparsity,0.07289555668830872,True,1.0,1.3367786407470703,256,0.17831087112426758,0.11727020144462585,0.01821364276111126,0.2102920114994049,0.1483008712530136,0.2085624635219574,0.14507435262203217,0.20856249332427979,0.1450747847557068,0.10639660060405731,0.2102920114994049,0.08883196115493774,0.2014455795288086,1.0
broad__calru__s2__lr0p003_eta1000_i50__seed10,calru,CA-LRU,s2,10,True,0.02049138955771923,topology-specific validation-selected,0.035485558211803436,path,path_h512,T=512,512,,variable_sparsity,0.1286419779062271,True,1.0,1.4333817958831787,512,0.43950435519218445,0.26557856798171997,0.05403963103890419,0.5064019560813904,0.39695554971694946,0.507989227771759,0.39622506499290466,0.5079892873764038,0.39622488617897034,0.23200157284736633,0.5064019560813904,0.19584709405899048,0.4423842430114746,1.0
broad__calru__s2__lr0p003_eta1000_i50__seed10,calru,CA-LRU,s2,10,True,0.02049138955771923,topology-specific validation-selected,0.0019363693427294493,smoothness,smooth_l0p5,GP ell=0.5,0.5,,variable_sparsity,0.04563542827963829,True,0.5,1.2707858085632324,128,0.0868622213602066,0.06267285346984863,0.009800431318581104,0.09584249556064606,0.07888505607843399,0.09162619709968567,0.07670383900403976,0.09162618219852448,0.07670383900403976,0.05847901105880737,0.09584249556064606,0.04932811111211777,0.10087183862924576,1.0
broad__calru__s2__lr0p003_eta1000_i50__seed10,calru,CA-LRU,s2,10,True,0.02049138955771923,topology-specific validation-selected,0.0025347601622343063,smoothness,smooth_l2,GP ell=2.0,2.0,,variable_sparsity,0.04702192172408104,True,2.0,1.1337003707885742,128,0.09785405546426773,0.06834132224321365,0.0110638327896595,0.10931234061717987,0.08398918062448502,0.10458865016698837,0.0789780393242836,0.10458870977163315,0.0789780393242836,0.06309345364570618,0.10931234061717987,0.049883998930454254,0.12281540781259537,1.0
broad__calru__s2__lr0p003_eta1000_i50__seed10,calru,CA-LRU,s2,10,True,0.02049138955771923,topology-specific validation-selected,0.026151981204748154,temporal,temporal_x16,16x time,16,,variable_sparsity,0.16921567916870117,True,1.0,1.1949563026428223,2048,0.3003332018852234,0.19967909157276154,0.022971078753471375,0.3648814558982849,0.17460787296295166,0.3651233911514282,0.1753101795911789,0.36512333154678345,0.1753101795911789,0.17065098881721497,0.3648814558982849,0.0911291241645813,0.38482147455215454,1.0
broad__calru__s2__lr0p003_eta1000_i50__seed10,calru,CA-LRU,s2,10,True,0.02049138955771923,topology-specific validation-selected,0.005685047246515751,temporal,temporal_x2,2x time,2,,variable_sparsity,0.08302591741085052,True,1.0,1.1957067251205444,256,0.14565180242061615,0.09916141629219055,0.011255008168518543,0.16707248985767365,0.1230226680636406,0.1618964970111847,0.110422782599926,0.16189657151699066,0.110422782599926,0.08910775184631348,0.16707248985767365,0.06635256856679916,0.19889959692955017,1.0
broad__calru__s2__lr0p003_eta1000_i50__seed10,calru,CA-LRU,s2,10,True,0.02049138955771923,topology-specific validation-selected,0.01610315591096878,temporal,temporal_x4,4x time,4,,variable_sparsity,0.12885524332523346,True,1.0,1.1957828998565674,512,0.23673251271247864,0.15448829531669617,0.016379844397306442,0.2671648859977722,0.17008505761623383,0.26492244005203247,0.17010021209716797,0.2649224102497101,0.17010021209716797,0.13368608057498932,0.2671648859977722,0.08052341639995575,0.2961663007736206,1.0
broad__calru__s2__lr0p003_eta1000_i50__seed10,calru,CA-LRU,s2,10,True,0.02049138955771923,topology-specific validation-selected,0.02254508063197136,temporal,temporal_x8,8x time,8,,variable_sparsity,0.15516208112239838,True,1.0,1.1950784921646118,1024,0.27624547481536865,0.18401655554771423,0.020959243178367615,0.3254513442516327,0.1764550805091858,0.32498297095298767,0.17511220276355743,0.3249829411506653,0.17511220276355743,0.15788105130195618,0.3254513442516327,0.0919254943728447,0.34869837760925293,1.0
broad__calru__s2__lr0p003_eta1000_i50__seed10,calru,CA-LRU,s2,10,True,0.02049138955771923,topology-specific validation-selected,0.0007066336693242192,velocity,velocity_x0p5,0.5x,0.5,,variable_sparsity,0.027153892442584038,True,1.0,1.1049447059631348,128,0.04688245803117752,0.03955523669719696,0.008078708313405514,0.050742246210575104,0.04346868395805359,0.04846637696027756,0.040669623762369156,0.048466309905052185,0.04066815972328186,0.03650258854031563,0.050742246210575104,0.033655084669589996,0.06169732287526131,0.5
broad__calru__s2__lr0p003_eta1000_i50__seed10,calru,CA-LRU,s2,10,True,0.02049138955771923,topology-specific validation-selected,0.010435407981276512,velocity,velocity_x1p5,1.5x,1.5,,variable_sparsity,0.09029990434646606,True,1.0,1.2319731712341309,128,0.18098777532577515,0.1174849271774292,0.02053593099117279,0.20772361755371094,0.13012319803237915,0.2023681402206421,0.13179105520248413,0.2023681402206421,0.13179105520248413,0.11079320311546326,0.20772361755371094,0.07673749327659607,0.2268291860818863,1.5
broad__calru__s2__lr0p003_eta1000_i50__seed10,calru,CA-LRU,s2,10,True,0.02049138955771923,topology-specific validation-selected,0.04646745324134827,velocity,velocity_x2,2.0x,2.0,,variable_sparsity,0.21205170452594757,True,1.0,1.2675329446792603,128,0.38313138484954834,0.24785566329956055,0.04494383931159973,0.41120240092277527,0.22336804866790771,0.408619225025177,0.2168838083744049,0.4086192846298218,0.2168838083744049,0.23904234170913696,0.41120240092277527,0.11917952448129654,0.6189242005348206,2.0
